time,close
1988-01-29,1333.4
1988-02-29,1448.8
1988-03-31,1395.1
1988-04-28,1389.4
1988-05-31,1400.8
1988-06-30,1500
1988-07-01,1507.5
1988-07-04,1516.2
1988-07-05,1529
1988-07-06,1549.7
1988-07-07,1542.6
1988-07-08,1553.7
1988-07-11,1555.7
1988-07-12,1541.6
1988-07-13,1532.1
1988-07-14,1531.6
1988-07-15,1536.4
1988-07-18,1543.2
1988-07-19,1528.9
1988-07-20,1534
1988-07-21,1536.8
1988-07-22,1523.9
1988-07-25,1514.8
1988-07-26,1511.8
1988-07-27,1514.5
1988-07-28,1505.8
1988-07-29,1512
1988-08-02,1518.6
1988-08-03,1522.7
1988-08-04,1538.5
1988-08-05,1560.7
1988-08-08,1564.3
1988-08-09,1562.3
1988-08-10,1546.6
1988-08-11,1523.7
1988-08-12,1525.2
1988-08-15,1510.8
1988-08-16,1492.2
1988-08-17,1517.5
1988-08-18,1505.8
1988-08-19,1509
1988-08-22,1515.1
1988-08-23,1499.2
1988-08-24,1495.4
1988-08-25,1487.4
1988-08-26,1491.7
1988-08-29,1478.4
1988-08-30,1484
1988-08-31,1479.1
1988-09-01,1467.4
1988-09-02,1463.4
1988-09-05,1475.9
1988-09-06,1473.7
1988-09-07,1471.9
1988-09-08,1462.9
1988-09-09,1452.7
1988-09-12,1455.4
1988-09-13,1465.1
1988-09-14,1476.7
1988-09-15,1489
1988-09-16,1486.5
1988-09-19,1506
1988-09-20,1496.2
1988-09-21,1521.3
1988-09-22,1533.4
1988-09-23,1533.7
1988-09-26,1547.8
1988-09-27,1540.9
1988-09-28,1536.3
1988-09-29,1540.9
1988-09-30,1543.4
1988-10-03,1538
1988-10-04,1533.2
1988-10-05,1538
1988-10-06,1542.8
1988-10-07,1555
1988-10-10,1568.5
1988-10-11,1562.6
1988-10-12,1552.8
1988-10-13,1551.7
1988-10-14,1559.5
1988-10-17,1554.7
1988-10-18,1555.3
1988-10-19,1573.6
1988-10-20,1577.5
1988-10-21,1590.2
1988-10-24,1587.7
1988-10-25,1588.3
1988-10-26,1597.2
1988-10-27,1588.3
1988-10-28,1596.8
1988-10-31,1590.8
1988-11-01,1596.4
1988-11-02,1604.3
1988-11-03,1593.4
1988-11-04,1594
1988-11-07,1578.7
1988-11-08,1584.4
1988-11-09,1579.3
1988-11-10,1561
1988-11-11,1540.7
1988-11-14,1533.9
1988-11-15,1531.7
1988-11-16,1542.7
1988-11-17,1528.6
1988-11-18,1428.2
1988-11-21,1382
1988-11-22,1383.3
1988-11-23,1404.5
1988-11-24,1432.6
1988-11-25,1437
1988-11-28,1424.2
1988-11-29,1428.8
1988-11-30,1428
1988-12-01,1420.5
1988-12-02,1417.4
1988-12-05,1411
1988-12-06,1421
1988-12-07,1422.3
1988-12-08,1422.9
1988-12-09,1422.8
1988-12-12,1426.1
1988-12-13,1416.8
1988-12-14,1406.6
1988-12-15,1393.4
1988-12-16,1395.5
1988-12-19,1392.4
1988-12-20,1403.9
1988-12-21,1403.8
1988-12-22,1403.1
1988-12-23,1406.4
1988-12-27,1413.5
1988-12-28,1425.3
1988-12-29,1435.4
1988-12-30,1435.4
1989-01-03,1466.2
1989-01-04,1471.2
1989-01-05,1488.1
1989-01-06,1487.3
1989-01-09,1493.5
1989-01-10,1490.8
1989-01-11,1488.6
1989-01-12,1499.9
1989-01-13,1505.1
1989-01-16,1505.3
1989-01-17,1486.5
1989-01-18,1485.7
1989-01-19,1481.1
1989-01-20,1476.5
1989-01-23,1482
1989-01-24,1488.7
1989-01-25,1502.3
1989-01-26,1500.7
1989-01-27,1499.8
1989-01-30,1498.3
1989-01-31,1490.5
1989-02-01,1482.3
1989-02-02,1474.1
1989-02-03,1479.6
1989-02-06,1484.9
1989-02-07,1483.9
1989-02-08,1493.2
1989-02-09,1489.9
1989-02-10,1489.7
1989-02-13,1481.2
1989-02-14,1478.4
1989-02-15,1481.3
1989-02-16,1490.5
1989-02-17,1489.4
1989-02-20,1490.9
1989-02-21,1490.2
1989-02-22,1487.7
1989-02-23,1467.2
1989-02-24,1468.1
1989-02-27,1433.6
1989-02-28,1450.1
1989-03-01,1460.8
1989-03-02,1464.3
1989-03-03,1487.7
1989-03-06,1514.9
1989-03-07,1511.6
1989-03-08,1501.2
1989-03-09,1503.2
1989-03-10,1502.9
1989-03-13,1497.6
1989-03-14,1505.6
1989-03-15,1509.1
1989-03-16,1511.9
1989-03-17,1512.3
1989-03-20,1494.9
1989-03-21,1500.4
1989-03-22,1505.5
1989-03-23,1506.3
1989-03-28,1515
1989-03-29,1524.8
1989-03-30,1520.5
1989-03-31,1527.7
1989-04-03,1545.5
1989-04-04,1548.5
1989-04-05,1558.1
1989-04-06,1570.9
1989-04-07,1569.5
1989-04-10,1584.8
1989-04-11,1588.5
1989-04-12,1582.2
1989-04-13,1587.9
1989-04-14,1576.5
1989-04-18,1574
1989-04-19,1565.4
1989-04-20,1555
1989-04-21,1544.8
1989-04-24,1541.8
1989-04-25,1538.1
1989-04-26,1542.6
1989-04-27,1553.3
1989-04-28,1576.9
1989-05-02,1561.2
1989-05-05,1554.6
1989-05-08,1548.4
1989-05-09,1537.8
1989-05-10,1533.8
1989-05-11,1528.7
1989-05-12,1531
1989-05-16,1527.9
1989-05-17,1515.3
1989-05-18,1519.4
1989-05-19,1519.8
1989-05-22,1526.7
1989-05-23,1520.1
1989-05-24,1503.2
1989-05-25,1500.5
1989-05-26,1494.2
1989-05-29,1499.2
1989-05-30,1517.4
1989-05-31,1519.8
1989-06-01,1539.3
1989-06-02,1570.7
1989-06-05,1580.9
1989-06-06,1579.7
1989-06-07,1603.5
1989-06-08,1613.1
1989-06-09,1628.5
1989-06-12,1620
1989-06-13,1612
1989-06-14,1615.1
1989-06-15,1620
1989-06-16,1625
1989-06-19,1629.1
1989-06-20,1634.1
1989-06-21,1645.4
1989-06-22,1647.3
1989-06-23,1662.5
1989-06-26,1687.7
1989-06-27,1646.6
1989-06-28,1663.3
1989-06-29,1652.6
1989-06-30,1638.9
1989-07-03,1653.1
1989-07-04,1666.7
1989-07-05,1681.8
1989-07-06,1675.2
1989-07-07,1687.7
1989-07-10,1689.5
1989-07-11,1701.4
1989-07-12,1711.9
1989-07-13,1705.7
1989-07-14,1709.1
1989-07-17,1718
1989-07-18,1723.8
1989-07-19,1731.8
1989-07-20,1736.5
1989-07-21,1747.5
1989-07-24,1764.3
1989-07-25,1756.2
1989-07-26,1773.7
1989-07-27,1786.9
1989-07-28,1798.7
1989-07-31,1795.4
1989-08-02,1802.2
1989-08-03,1817.4
1989-08-04,1816.6
1989-08-07,1829.4
1989-08-08,1843.3
1989-08-09,1847.5
1989-08-10,1864.1
1989-08-11,1872.9
1989-08-14,1849.4
1989-08-15,1828.9
1989-08-16,1848.3
1989-08-17,1849.5
1989-08-18,1847.4
1989-08-21,1852.5
1989-08-22,1865.7
1989-08-23,1891.6
1989-08-24,1895.8
1989-08-25,1904.8
1989-08-28,1910.2
1989-08-29,1897.9
1989-08-30,1859.7
1989-08-31,1880.1
1989-09-01,1876.9
1989-09-04,1892.9
1989-09-05,1897.9
1989-09-06,1901.2
1989-09-07,1892.3
1989-09-08,1883.4
1989-09-12,1851.3
1989-09-13,1830.4
1989-09-14,1816
1989-09-15,1822
1989-09-18,1835.6
1989-09-19,1857.1
1989-09-20,1853.3
1989-09-21,1845.9
1989-09-22,1845.4
1989-09-25,1844.5
1989-09-26,1821.1
1989-09-27,1791.1
1989-09-28,1804.9
1989-09-29,1796.8
1989-10-02,1774.9
1989-10-03,1785.6
1989-10-04,1806.3
1989-10-05,1828.9
1989-10-06,1841.7
1989-10-09,1844.2
1989-10-10,1835.8
1989-10-11,1815.6
1989-10-12,1818.8
1989-10-13,1814.2
1989-10-16,1622.9
1989-10-17,1705.4
1989-10-18,1714.4
1989-10-19,1764.2
1989-10-20,1751.1
1989-10-23,1743
1989-10-24,1713.9
1989-10-25,1687.5
1989-10-26,1701.8
1989-10-27,1680.6
1989-10-30,1683.8
1989-10-31,1695.5
1989-11-01,1686
1989-11-02,1673.5
1989-11-03,1658.5
1989-11-06,1658.6
1989-11-07,1650
1989-11-08,1687
1989-11-09,1689.4
1989-11-10,1707.3
1989-11-13,1703.9
1989-11-14,1681.2
1989-11-15,1678.2
1989-11-16,1687.8
1989-11-17,1698.6
1989-11-20,1706.7
1989-11-21,1698.3
1989-11-22,1706.8
1989-11-23,1728.9
1989-11-24,1750
1989-11-27,1752.3
1989-11-28,1752.6
1989-11-29,1768.9
1989-11-30,1779.1
1989-12-01,1792.9
1989-12-04,1798.3
1989-12-05,1786.4
1989-12-06,1782.1
1989-12-07,1791
1989-12-08,1783.1
1989-12-11,1783.3
1989-12-12,1774.2
1989-12-13,1751.9
1989-12-14,1743.3
1989-12-15,1735.8
1989-12-18,1714
1989-12-19,1728.1
1989-12-20,1739.6
1989-12-21,1748.9
1989-12-22,1748.4
1989-12-27,1759.3
1989-12-28,1778.1
1990-01-03,1824
1990-01-04,1824.5
1990-01-05,1801.8
1990-01-08,1800.3
1990-01-09,1806.8
1990-01-10,1804.3
1990-01-11,1814.5
1990-01-12,1801.7
1990-01-15,1781.3
1990-01-16,1750.7
1990-01-17,1761.5
1990-01-18,1739.9
1990-01-19,1752.5
1990-01-22,1753.6
1990-01-23,1745.1
1990-01-24,1697.5
1990-01-25,1710.2
1990-01-26,1701.4
1990-01-29,1714.1
1990-01-30,1714
1990-01-31,1715.9
1990-02-01,1726.2
1990-02-02,1752.3
1990-02-05,1769.8
1990-02-06,1770.6
1990-02-07,1752
1990-02-08,1772.2
1990-02-09,1764.7
1990-02-12,1751.3
1990-02-13,1746.8
1990-02-14,1746.4
1990-02-15,1757.3
1990-02-16,1769.3
1990-02-19,1763.4
1990-02-20,1740.5
1990-02-21,1716.9
1990-02-22,1724.5
1990-02-23,1698.9
1990-02-26,1681.3
1990-02-27,1705.9
1990-02-28,1692.3
1990-03-01,1674.3
1990-03-02,1690.6
1990-03-05,1695.5
1990-03-06,1688.2
1990-03-07,1704.1
1990-03-08,1713.6
1990-03-09,1708.1
1990-03-12,1696.5
1990-03-13,1690.9
1990-03-14,1684.5
1990-03-15,1690.5
1990-03-16,1692.4
1990-03-19,1678.3
1990-03-20,1668.7
1990-03-21,1666.7
1990-03-22,1650.9
1990-03-23,1642.4
1990-03-26,1643.2
1990-03-27,1620.8
1990-03-28,1620.2
1990-03-29,1639.4
1990-03-30,1642.8
1990-04-02,1608.2
1990-04-03,1626.5
1990-04-04,1629.9
1990-04-05,1641.7
1990-04-06,1655.5
1990-04-09,1653.7
1990-04-10,1641.8
1990-04-11,1631
1990-04-12,1637.1
1990-04-17,1634.1
1990-04-18,1629
1990-04-19,1621.1
1990-04-20,1619.6
1990-04-24,1603.2
1990-04-25,1599.9
1990-04-26,1596.5
1990-04-27,1586
1990-04-30,1561.6
1990-05-02,1569.1
1990-05-03,1595.6
1990-05-04,1614
1990-05-07,1609.9
1990-05-08,1603.3
1990-05-09,1629.6
1990-05-10,1687.2
1990-05-11,1719.3
1990-05-14,1708.8
1990-05-15,1698.3
1990-05-16,1696.1
1990-05-17,1713.9
1990-05-18,1716
1990-05-21,1708.5
1990-05-22,1722
1990-05-23,1732.3
1990-05-25,1732.2
1990-05-28,1741.5
1990-05-29,1778.8
1990-05-30,1795.8
1990-05-31,1779.8
1990-06-01,1802.1
1990-06-05,1815.7
1990-06-06,1790.8
1990-06-07,1785.2
1990-06-08,1782.9
1990-06-11,1767.9
1990-06-12,1786.8
1990-06-13,1797.7
1990-06-14,1797.7
1990-06-15,1794.1
1990-06-18,1780.1
1990-06-19,1776.6
1990-06-20,1777.8
1990-06-21,1777.9
1990-06-22,1795.8
1990-06-25,1792.9
1990-06-26,1792
1990-06-27,1799.4
1990-06-28,1802.8
1990-06-29,1808.3
1990-07-02,1803.6
1990-07-03,1813.3
1990-07-04,1835.9
1990-07-05,1824.8
1990-07-06,1845.3
1990-07-09,1850.4
1990-07-10,1845.3
1990-07-11,1850.7
1990-07-12,1854.1
1990-07-13,1860.4
1990-07-16,1855.8
1990-07-17,1843.3
1990-07-18,1835.3
1990-07-19,1829.8
1990-07-20,1831.7
1990-07-23,1803.5
1990-07-24,1776.2
1990-07-25,1781.8
1990-07-26,1772.8
1990-07-27,1755.8
1990-07-30,1744.1
1990-07-31,1762.2
1990-08-02,1732.7
1990-08-03,1695.1
1990-08-06,1571.1
1990-08-07,1629.3
1990-08-08,1595.4
1990-08-09,1610
1990-08-10,1607.6
1990-08-13,1564.7
1990-08-14,1576.5
1990-08-15,1610.1
1990-08-16,1600.8
1990-08-17,1559.8
1990-08-20,1548.8
1990-08-21,1493.1
1990-08-22,1494.7
1990-08-23,1423.6
1990-08-24,1476.5
1990-08-27,1544.6
1990-08-28,1513.3
1990-08-29,1522.5
1990-08-30,1534.4
1990-08-31,1530.6
1990-09-03,1527.6
1990-09-04,1508.8
1990-09-05,1508.9
1990-09-06,1504.1
1990-09-07,1493.3
1990-09-11,1506.9
1990-09-12,1519.6
1990-09-13,1514.6
1990-09-14,1492.9
1990-09-17,1487.4
1990-09-18,1471.6
1990-09-19,1468.3
1990-09-20,1444.9
1990-09-21,1438.3
1990-09-24,1399
1990-09-25,1369.7
1990-09-26,1373.4
1990-09-27,1386.1
1990-09-28,1351
1990-10-01,1400.4
1990-10-02,1437.2
1990-10-03,1428
1990-10-04,1411.3
1990-10-05,1408.6
1990-10-08,1447.2
1990-10-09,1429.3
1990-10-10,1420.9
1990-10-11,1435.1
1990-10-12,1444.8
1990-10-15,1454.1
1990-10-16,1450.9
1990-10-17,1442.3
1990-10-18,1470.2
1990-10-19,1484.5
1990-10-22,1481.8
1990-10-23,1499.1
1990-10-24,1494.8
1990-10-25,1475.1
1990-10-26,1442
1990-10-29,1436.7
1990-10-30,1423.8
1990-10-31,1417.9
1990-11-01,1390.7
1990-11-02,1397.4
1990-11-05,1399.6
1990-11-06,1387.8
1990-11-07,1380.8
1990-11-08,1377.6
1990-11-09,1387.1
1990-11-12,1407.5
1990-11-13,1415.2
1990-11-14,1410.3
1990-11-15,1405.7
1990-11-16,1395.2
1990-11-19,1416
1990-11-20,1405.8
1990-11-21,1398.4
1990-11-22,1388.8
1990-11-23,1385.6
1990-11-26,1353.7
1990-11-27,1357.1
1990-11-28,1366.6
1990-11-29,1368.3
1990-11-30,1384.9
1990-12-03,1409.4
1990-12-04,1403.1
1990-12-05,1411.4
1990-12-06,1450.3
1990-12-07,1444.5
1990-12-10,1427.1
1990-12-11,1413.9
1990-12-12,1419.9
1990-12-13,1417
1990-12-14,1407.6
1990-12-17,1388.4
1990-12-18,1393.4
1990-12-19,1386.7
1990-12-20,1371.2
1990-12-21,1387.9
1990-12-24,1387.4
1990-12-27,1384
1990-12-28,1383.1
1991-01-03,1372.1
1991-01-04,1371.7
1991-01-07,1340.3
1991-01-08,1326.4
1991-01-09,1349.9
1991-01-10,1331.5
1991-01-11,1320.9
1991-01-14,1287.6
1991-01-15,1296.7
1991-01-16,1289.4
1991-01-17,1363.4
1991-01-18,1354
1991-01-21,1331.1
1991-01-22,1336.8
1991-01-23,1350
1991-01-24,1387.8
1991-01-25,1400.6
1991-01-28,1413.9
1991-01-29,1412.2
1991-01-30,1438.6
1991-01-31,1434.3
1991-02-01,1448.1
1991-02-04,1462.9
1991-02-05,1472.5
1991-02-06,1455.1
1991-02-07,1463.3
1991-02-08,1477.9
1991-02-11,1515.7
1991-02-12,1515.1
1991-02-13,1540
1991-02-14,1537.2
1991-02-15,1558.9
1991-02-18,1579.9
1991-02-19,1574
1991-02-20,1537.6
1991-02-21,1560.6
1991-02-22,1571.7
1991-02-25,1603.2
1991-02-26,1576.6
1991-02-27,1589.5
1991-02-28,1578.7
1991-03-01,1559
1991-03-04,1580.6
1991-03-05,1591.8
1991-03-06,1625
1991-03-07,1622.9
1991-03-08,1643.2
1991-03-11,1622
1991-03-12,1616.8
1991-03-13,1592.3
1991-03-14,1632.6
1991-03-15,1629.3
1991-03-18,1610.6
1991-03-19,1586.5
1991-03-20,1577.3
1991-03-21,1599.8
1991-03-22,1611
1991-03-25,1615.7
1991-03-26,1613.6
1991-03-27,1650.6
1991-03-28,1649.4
1991-04-02,1653.1
1991-04-03,1677.3
1991-04-04,1676.9
1991-04-05,1690.3
1991-04-08,1693.9
1991-04-09,1695
1991-04-10,1671.1
1991-04-11,1673.6
1991-04-12,1688.7
1991-04-16,1665.3
1991-04-17,1683.4
1991-04-18,1676.5
1991-04-19,1677.2
1991-04-22,1656.1
1991-04-23,1675
1991-04-24,1670.6
1991-04-25,1662.7
1991-04-26,1660
1991-04-29,1669.7
1991-04-30,1659.5
1991-05-02,1677.2
1991-05-03,1664.2
1991-05-06,1657.3
1991-05-07,1665.8
1991-05-08,1645.8
1991-05-10,1661.9
1991-05-13,1654.3
1991-05-14,1653.3
1991-05-15,1647.8
1991-05-16,1654.8
1991-05-17,1659.5
1991-05-21,1675.9
1991-05-22,1689.4
1991-05-23,1692.4
1991-05-24,1691.9
1991-05-27,1710
1991-05-28,1723.5
1991-05-29,1717.1
1991-05-30,1714.7
1991-05-31,1740.8
1991-06-03,1733
1991-06-04,1723.2
1991-06-05,1730.2
1991-06-06,1723.6
1991-06-07,1723.6
1991-06-10,1712.6
1991-06-11,1717.6
1991-06-12,1699
1991-06-13,1688.6
1991-06-14,1710.9
1991-06-17,1722
1991-06-18,1723.5
1991-06-19,1708.1
1991-06-20,1706.2
1991-06-21,1713.3
1991-06-24,1693.4
1991-06-25,1694.5
1991-06-26,1686.5
1991-06-27,1677
1991-06-28,1664.3
1991-07-01,1678.1
1991-07-02,1688.5
1991-07-03,1678.6
1991-07-04,1684.1
1991-07-05,1686.6
1991-07-08,1671.6
1991-07-09,1682.9
1991-07-10,1703.6
1991-07-11,1697.5
1991-07-12,1716.3
1991-07-15,1723.8
1991-07-16,1730.5
1991-07-17,1727.4
1991-07-18,1733.3
1991-07-19,1734
1991-07-22,1728.3
1991-07-23,1737.1
1991-07-24,1723.1
1991-07-25,1723.6
1991-07-26,1719
1991-07-29,1721.2
1991-07-30,1725.3
1991-07-31,1727.2
1991-08-02,1731.6
1991-08-05,1724.1
1991-08-06,1716.9
1991-08-07,1723.4
1991-08-08,1723
1991-08-09,1728.4
1991-08-12,1722.1
1991-08-13,1724.5
1991-08-14,1733.6
1991-08-15,1739
1991-08-16,1726.2
1991-08-19,1587.4
1991-08-20,1630.6
1991-08-21,1685.5
1991-08-22,1701.3
1991-08-23,1718
1991-08-26,1726.2
1991-08-27,1716.6
1991-08-28,1725.8
1991-08-29,1737.4
1991-08-30,1736.6
1991-09-02,1732.4
1991-09-03,1731.2
1991-09-04,1726.9
1991-09-05,1727.8
1991-09-06,1720.2
1991-09-10,1708.7
1991-09-11,1713
1991-09-12,1713.5
1991-09-13,1718
1991-09-16,1701.7
1991-09-17,1701.7
1991-09-18,1684.9
1991-09-19,1687.2
1991-09-20,1690.6
1991-09-23,1684.3
1991-09-24,1679.9
1991-09-25,1672.9
1991-09-26,1663.1
1991-09-27,1669.3
1991-09-30,1664.7
1991-10-01,1672.3
1991-10-02,1687.7
1991-10-03,1686.8
1991-10-04,1686.6
1991-10-07,1675.8
1991-10-08,1677.4
1991-10-09,1673.2
1991-10-10,1665
1991-10-11,1671.3
1991-10-14,1672.4
1991-10-15,1676.2
1991-10-16,1692.6
1991-10-17,1696.5
1991-10-18,1716.1
1991-10-21,1713.3
1991-10-22,1705.1
1991-10-23,1711.3
1991-10-24,1709.8
1991-10-25,1688.6
1991-10-28,1698.9
1991-10-29,1700
1991-10-30,1693
1991-10-31,1683.9
1991-11-01,1679.2
1991-11-04,1673.9
1991-11-05,1683.9
1991-11-06,1688.4
1991-11-07,1693.9
1991-11-08,1720.9
1991-11-11,1717.9
1991-11-12,1733.6
1991-11-13,1729.7
1991-11-14,1735.6
1991-11-15,1734.1
1991-11-18,1699.3
1991-11-19,1678.6
1991-11-20,1675.5
1991-11-21,1670.1
1991-11-22,1652.2
1991-11-25,1635
1991-11-26,1654.9
1991-11-27,1642
1991-11-28,1638.7
1991-11-29,1622.6
1991-12-02,1596.1
1991-12-03,1612.4
1991-12-04,1625
1991-12-05,1610.5
1991-12-06,1606.6
1991-12-09,1610.7
1991-12-10,1603.1
1991-12-11,1591.5
1991-12-12,1605.2
1991-12-13,1621.4
1991-12-16,1622.5
1991-12-17,1626.6
1991-12-18,1627.4
1991-12-19,1614.9
1991-12-20,1602.3
1991-12-23,1598.3
1991-12-24,1627
1991-12-27,1655.7
1991-12-30,1670.1
1992-01-03,1704
1992-01-06,1711.8
1992-01-07,1700.5
1992-01-08,1690.3
1992-01-09,1715.4
1992-01-10,1723.5
1992-01-13,1719.4
1992-01-14,1734.4
1992-01-15,1772.8
1992-01-16,1760.3
1992-01-17,1747.2
1992-01-20,1750.2
1992-01-21,1755.3
1992-01-22,1754.6
1992-01-23,1751.2
1992-01-24,1752.5
1992-01-27,1769.4
1992-01-28,1767.6
1992-01-29,1750
1992-01-30,1747.1
1992-01-31,1753.5
1992-02-03,1752.8
1992-02-04,1752.9
1992-02-05,1764.7
1992-02-06,1776.8
1992-02-07,1779.3
1992-02-10,1785.1
1992-02-11,1798.2
1992-02-12,1794.1
1992-02-13,1795.2
1992-02-14,1780.4
1992-02-17,1789.5
1992-02-18,1794.2
1992-02-19,1784.4
1992-02-20,1800.1
1992-02-21,1804
1992-02-24,1816.2
1992-02-25,1810.5
1992-02-26,1821.9
1992-02-27,1828.2
1992-02-28,1840.6
1992-03-02,1841.1
1992-03-03,1846.3
1992-03-04,1850
1992-03-05,1839
1992-03-06,1820.2
1992-03-09,1815.2
1992-03-10,1820.6
1992-03-11,1807.1
1992-03-12,1791.4
1992-03-13,1806.2
1992-03-16,1798.7
1992-03-17,1818.2
1992-03-18,1820.5
1992-03-19,1833.3
1992-03-20,1837.1
1992-03-23,1818.2
1992-03-24,1824.1
1992-03-25,1830.1
1992-03-26,1835.6
1992-03-27,1828.7
1992-03-30,1839.2
1992-03-31,1837.2
1992-04-01,1826.7
1992-04-02,1838
1992-04-03,1829.1
1992-04-06,1843.1
1992-04-07,1850.5
1992-04-08,1827.1
1992-04-09,1829.1
1992-04-10,1848
1992-04-13,1840.5
1992-04-14,1853.8
1992-04-15,1874.1
1992-04-16,1871.3
1992-04-21,1860.5
1992-04-22,1874.7
1992-04-23,1880.1
1992-04-24,1874.7
1992-04-27,1875.6
1992-04-28,1859.5
1992-04-29,1874.2
1992-04-30,1880.1
1992-05-04,1907.7
1992-05-05,1920.5
1992-05-06,1937.3
1992-05-07,1936.8
1992-05-08,1949.1
1992-05-11,1963.7
1992-05-12,1950.8
1992-05-13,1953.5
1992-05-14,1945
1992-05-15,1921.1
1992-05-18,1939.1
1992-05-19,1928
1992-05-20,1933.4
1992-05-21,1925.7
1992-05-22,1931.7
1992-05-25,1928.7
1992-05-26,1924.5
1992-05-27,1914.2
1992-05-29,1920.6
1992-06-01,1923.3
1992-06-02,1930.4
1992-06-03,1915.2
1992-06-04,1916.9
1992-06-05,1913.8
1992-06-09,1899.7
1992-06-10,1888
1992-06-11,1868.8
1992-06-12,1879.9
1992-06-15,1865.7
1992-06-16,1881.3
1992-06-17,1873.1
1992-06-18,1862.5
1992-06-19,1869.3
1992-06-22,1846.9
1992-06-23,1847.1
1992-06-24,1838.3
1992-06-25,1845.8
1992-06-26,1835.5
1992-06-29,1846.6
1992-06-30,1854.8
1992-07-01,1845.3
1992-07-02,1854.5
1992-07-03,1870.5
1992-07-06,1862.6
1992-07-07,1856.6
1992-07-08,1837.6
1992-07-09,1846.7
1992-07-10,1856.5
1992-07-13,1841.8
1992-07-14,1835
1992-07-15,1844.4
1992-07-16,1838.9
1992-07-17,1805.6
1992-07-20,1756.6
1992-07-21,1786.1
1992-07-22,1757.1
1992-07-23,1762.8
1992-07-24,1756.8
1992-07-27,1761.9
1992-07-28,1778.5
1992-07-29,1812.7
1992-07-30,1806.1
1992-07-31,1798.1
1992-08-03,1794.9
1992-08-04,1805.4
1992-08-05,1820.3
1992-08-06,1819.6
1992-08-07,1809.6
1992-08-10,1799.9
1992-08-11,1800.3
1992-08-12,1793.3
1992-08-13,1784.8
1992-08-14,1791.7
1992-08-17,1800.2
1992-08-18,1788.6
1992-08-19,1775.7
1992-08-20,1753.5
1992-08-21,1768.2
1992-08-24,1727.9
1992-08-25,1709.6
1992-08-26,1704.6
1992-08-27,1740.6
1992-08-28,1745.7
1992-08-31,1751.7
1992-09-01,1747.3
1992-09-02,1757.8
1992-09-03,1774.2
1992-09-04,1774.4
1992-09-07,1788.3
1992-09-08,1788
1992-09-09,1779.1
1992-09-10,1792.8
1992-09-11,1812
1992-09-14,1871.7
1992-09-15,1851.4
1992-09-16,1873.4
1992-09-17,1889.6
1992-09-18,1897.5
1992-09-21,1888.8
1992-09-22,1900.4
1992-09-23,1913.4
1992-09-24,1909.9
1992-09-25,1910.8
1992-09-28,1879.2
1992-09-29,1880.2
1992-09-30,1878.3
1992-10-01,1885.2
1992-10-02,1867.6
1992-10-05,1788
1992-10-06,1820.5
1992-10-07,1858.2
1992-10-08,1870.3
1992-10-09,1878.4
1992-10-12,1881.5
1992-10-13,1893.2
1992-10-14,1889.3
1992-10-15,1877.3
1992-10-16,1884
1992-10-19,1904.7
1992-10-20,1922.7
1992-10-21,1908.5
1992-10-22,1911.4
1992-10-23,1921.1
1992-10-26,1930.8
1992-10-27,1927.8
1992-10-28,1908.3
1992-10-29,1905.9
1992-10-30,1911.1
1992-11-02,1921.6
1992-11-03,1933.6
1992-11-04,1942
1992-11-05,1951.5
1992-11-06,1955.7
1992-11-09,1957.4
1992-11-10,1962.3
1992-11-11,1946.1
1992-11-12,1950.2
1992-11-13,1929.7
1992-11-16,1913.4
1992-11-17,1889.5
1992-11-18,1882.8
1992-11-19,1895.4
1992-11-20,1897.9
1992-11-23,1891.5
1992-11-24,1880.1
1992-11-25,1887
1992-11-26,1891.4
1992-11-27,1914.6
1992-11-30,1931.2
1992-12-01,1929.2
1992-12-02,1924.3
1992-12-03,1927
1992-12-04,1935
1992-12-07,1947
1992-12-08,1962.2
1992-12-09,1980.7
1992-12-10,1987.7
1992-12-11,1993.7
1992-12-14,2015.7
1992-12-15,2005
1992-12-16,2023.9
1992-12-17,2028.5
1992-12-18,2044.9
1992-12-21,2045.8
1992-12-22,2057.3
1992-12-23,2061.7
1992-12-28,2092.3
1992-12-29,2090.1001
1992-12-30,2105.3999
1993-01-04,2117.7
1993-01-05,2128.2
1993-01-06,2124.7
1993-01-07,2079.8999
1993-01-08,2074.8999
1993-01-11,2046.4
1993-01-12,2079.3999
1993-01-13,2076.7
1993-01-14,2104.5
1993-01-15,2101.3
1993-01-18,2084
1993-01-19,2063.8999
1993-01-20,2062.7
1993-01-21,2089.8999
1993-01-22,2102.8999
1993-01-25,2086
1993-01-26,2085.8999
1993-01-27,2064.1001
1993-01-28,2072.7
1993-01-29,2091
1993-02-01,2120.2
1993-02-02,2120.3999
1993-02-03,2117.6001
1993-02-04,2123.6001
1993-02-05,2132.2
1993-02-08,2137
1993-02-09,2134.8
1993-02-10,2121.3999
1993-02-11,2127.5
1993-02-12,2135.5
1993-02-15,2144.8
1993-02-16,2131
1993-02-17,2112.8999
1993-02-18,2131.3
1993-02-19,2117.8
1993-02-22,2096.1001
1993-02-23,2051.5
1993-02-24,2065.7
1993-02-25,2061
1993-02-26,2100.6001
1993-03-01,2120.5
1993-03-02,2130.8999
1993-03-03,2142.3999
1993-03-04,2139.5
1993-03-05,2134.6001
1993-03-08,2132.2
1993-03-09,2150.1001
1993-03-10,2157
1993-03-11,2165
1993-03-12,2127.2
1993-03-15,2157.2
1993-03-16,2150.8
1993-03-17,2139.1001
1993-03-18,2154.7
1993-03-19,2182.3999
1993-03-22,2161.3
1993-03-23,2166.3
1993-03-24,2146.8
1993-03-25,2135.7
1993-03-26,2160.8999
1993-03-29,2175.7
1993-03-30,2188.8999
1993-03-31,2190.3
1993-04-01,2188.3999
1993-04-02,2190.3
1993-04-05,2184
1993-04-06,2196
1993-04-07,2184.8999
1993-04-08,2188.3
1993-04-13,2181.7
1993-04-14,2165.7
1993-04-15,2160.5
1993-04-16,2162.8999
1993-04-19,2166.3
1993-04-20,2170.8
1993-04-21,2178.1001
1993-04-22,2177.3
1993-04-23,2162.3
1993-04-26,2140.3999
1993-04-27,2124.7
1993-04-28,2138.2
1993-04-29,2123.2
1993-04-30,2129.7
1993-05-21,2233.5
1993-05-24,2237.3999
1993-05-25,2243.8
1993-05-26,2247.6001
1993-05-27,2268.1001
1993-05-28,2270.7
1993-06-01,2252.8999
1993-06-02,2259.2
1993-06-03,2268.8999
1993-06-04,2284.8999
1993-06-07,2308.8999
1993-06-08,2294.5
1993-06-09,2311.3999
1993-06-10,2309.7
1993-06-11,2308.3
1993-06-14,2294.2
1993-06-15,2274
1993-06-16,2294
1993-06-17,2323.1001
1993-06-18,2318
1993-06-21,2329.3999
1993-06-22,2335
1993-06-23,2322.8999
1993-06-24,2336.1001
1993-06-25,2348.2
1993-06-28,2369.7
1993-06-29,2371.3999
1993-06-30,2376.7
1993-07-01,2376
1993-07-02,2368.8
1993-07-05,2364
1993-07-06,2390.5
1993-07-07,2373
1993-07-08,2397.8999
1993-07-09,2402.7
1993-07-12,2408.8999
1993-07-13,2419
1993-07-14,2410.8999
1993-07-15,2399.1001
1993-07-16,2396.3999
1993-07-19,2382
1993-07-20,2324.1001
1993-07-21,2315.1001
1993-07-22,2340.5
1993-07-23,2350.5
1993-07-26,2388.8
1993-07-27,2406.8
1993-07-28,2408.8999
1993-07-29,2400.6001
1993-07-30,2400.8999
1993-08-02,2400.3
1993-08-03,2430.5
1993-08-04,2430.7
1993-08-05,2424.3
1993-08-06,2423.5
1993-08-09,2420.5
1993-08-10,2384.5
1993-08-11,2410.7
1993-08-12,2450.5
1993-08-13,2461
1993-08-16,2478.8999
1993-08-17,2464.8
1993-08-18,2487.2
1993-08-19,2481.2
1993-08-20,2474
1993-08-23,2467.3
1993-08-24,2472.3999
1993-08-25,2502.3999
1993-08-26,2475.2
1993-08-27,2478.5
1993-08-30,2481
1993-08-31,2490.2
1993-09-01,2470.3999
1993-09-02,2463.8
1993-09-03,2438.8
1993-09-06,2392.5
1993-09-07,2403.3999
1993-09-08,2397.8999
1993-09-09,2382.1001
1993-09-10,2363.6001
1993-09-14,2388.3
1993-09-15,2361.8
1993-09-16,2374.3999
1993-09-17,2385.2
1993-09-20,2418.3999
1993-09-21,2431.8
1993-09-22,2414.6001
1993-09-23,2425.8
1993-09-24,2445.8999
1993-09-27,2469.7
1993-09-28,2478.3
1993-09-29,2485.3999
1993-09-30,2473.1001
1993-10-01,2481.6001
1993-10-04,2490.3
1993-10-05,2521.3
1993-10-06,2534.8
1993-10-07,2528
1993-10-08,2533.6001
1993-10-11,2548.5
1993-10-12,2552.5
1993-10-13,2571
1993-10-14,2586.3999
1993-10-15,2612.6001
1993-10-18,2663.6001
1993-10-19,2660.7
1993-10-20,2668.3999
1993-10-21,2690.1001
1993-10-22,2701.3999
1993-10-25,2685
1993-10-26,2700.2
1993-10-27,2715.8999
1993-10-28,2720.8999
1993-10-29,2723.2
1993-11-01,2727.1001
1993-11-02,2742.8999
1993-11-03,2749.8999
1993-11-04,2706.6001
1993-11-05,2654.2
1993-11-08,2675.3
1993-11-09,2727.1001
1993-11-10,2742.1001
1993-11-11,2720.1001
1993-11-12,2721.1001
1993-11-15,2717.3999
1993-11-16,2712.3
1993-11-17,2711.1001
1993-11-18,2727.1001
1993-11-19,2733.8999
1993-11-22,2696.5
1993-11-23,2702.1001
1993-11-24,2717.8
1993-11-25,2726.8
1993-11-26,2741.8999
1993-11-29,2738.2
1993-11-30,2738.5
1993-12-01,2774.3
1993-12-02,2787.2
1993-12-03,2819
1993-12-06,2836.3999
1993-12-07,2834.8
1993-12-08,2843.8
1993-12-09,2858.3999
1993-12-10,2861.2
1993-12-13,2876.8999
1993-12-14,2867.8
1993-12-15,2850.6001
1993-12-16,2867.7
1993-12-17,2889.5
1993-12-20,2909
1993-12-21,2918
1993-12-22,2942.3999
1993-12-23,2967.3999
1993-12-27,2972.6001
1993-12-28,2930.8999
1993-12-29,2934.2
1993-12-30,2957.6001
1994-01-03,2996.2
1994-01-04,2999.2
1994-01-05,3009.3999
1994-01-06,3021.8999
1994-01-07,3042.8999
1994-01-10,3015.8999
1994-01-11,3026.6001
1994-01-12,2999
1994-01-13,2949.8999
1994-01-14,2990.6001
1994-01-17,3011.1001
1994-01-18,3037.5
1994-01-19,3049.3999
1994-01-20,3045.8999
1994-01-21,3039.3
1994-01-24,3041.3
1994-01-25,3066.5
1994-01-26,3091.3
1994-01-27,3095.2
1994-01-28,3140.7
1994-01-31,3178.3999
1994-02-01,3148.7
1994-02-02,3169.1001
1994-02-03,3151.8999
1994-02-04,3166.6001
1994-02-07,3089.8
1994-02-08,3097.2
1994-02-09,3054.2
1994-02-10,3012.2
1994-02-11,2985.7
1994-02-14,2947.1001
1994-02-15,2990.3
1994-02-16,3033.3999
1994-02-17,3072.3999
1994-02-18,3025.8999
1994-02-21,2997.6001
1994-02-22,2982.8
1994-02-23,3027.5
1994-02-24,2958.3999
1994-02-25,2929.3
1994-02-28,2888.2
1994-03-01,2847.3999
1994-03-02,2768.5
1994-03-03,2803.3999
1994-03-04,2865.2
1994-03-07,2918.7
1994-03-08,2902.3999
1994-03-09,2858.5
1994-03-10,2861.2
1994-03-11,2831.6001
1994-03-14,2870.5
1994-03-15,2906.8999
1994-03-16,2887.1001
1994-03-17,2887.7
1994-03-18,2843.5
1994-03-21,2804.3
1994-03-22,2824.7
1994-03-23,2857
1994-03-24,2850.8
1994-03-25,2831.8
1994-03-28,2862.3999
1994-03-29,2827.3999
1994-03-30,2814.5
1994-03-31,2794.8
1994-04-05,2807.3
1994-04-06,2830.2
1994-04-07,2860.8999
1994-04-08,2873.3999
1994-04-11,2884
1994-04-12,2887.8
1994-04-13,2877.7
1994-04-14,2843.7
1994-04-15,2872.8999
1994-04-19,2837.1001
1994-04-20,2818.7
1994-04-21,2781.6001
1994-04-22,2787.8999
1994-04-25,2763.5
1994-04-26,2776.2
1994-04-27,2791.3
1994-04-28,2768.8999
1994-04-29,2736.3
1994-05-02,2765.2
1994-05-03,2755.8999
1994-05-04,2705.6001
1994-05-05,2682.2
1994-05-06,2641.3999
1994-05-09,2569.5
1994-05-10,2629
1994-05-11,2633
1994-05-13,2678.7
1994-05-16,2709
1994-05-17,2727.1001
1994-05-18,2740.6001
1994-05-19,2725.8
1994-05-20,2732.7
1994-05-24,2692
1994-05-25,2673.1001
1994-05-26,2689.2
1994-05-27,2711.8999
1994-05-30,2742.8999
1994-05-31,2722.8999
1994-06-01,2731.5
1994-06-02,2725.8999
1994-06-03,2728.3999
1994-06-06,2781.3999
1994-06-07,2778.1001
1994-06-08,2801.1001
1994-06-09,2777.2
1994-06-10,2763.8
1994-06-13,2744.2
1994-06-14,2740
1994-06-15,2701.8
1994-06-16,2666.6001
1994-06-17,2627.6001
1994-06-20,2545
1994-06-21,2544.2
1994-06-22,2595.7
1994-06-23,2626.7
1994-06-24,2577.2
1994-06-27,2561.3999
1994-06-28,2604.3999
1994-06-29,2631.2
1994-06-30,2608.8
1994-07-01,2588.8999
1994-07-04,2636.3999
1994-07-05,2609.7
1994-07-06,2598.8999
1994-07-07,2590.5
1994-07-08,2560.3
1994-07-11,2562.5
1994-07-12,2508
1994-07-13,2474.5
1994-07-14,2528.3
1994-07-15,2514.8999
1994-07-18,2494.7
1994-07-19,2521.6001
1994-07-20,2562.3
1994-07-21,2579.3999
1994-07-22,2599.2
1994-07-25,2601.2
1994-07-26,2604.3999
1994-07-27,2544.8999
1994-07-28,2559.3
1994-07-29,2579.5
1994-08-02,2629.7
1994-08-03,2620.7
1994-08-04,2615.3
1994-08-05,2600.8
1994-08-08,2617.5
1994-08-09,2585.5
1994-08-10,2591.3999
1994-08-11,2588.8
1994-08-12,2580.5
1994-08-15,2570.6001
1994-08-16,2588.7
1994-08-17,2599.3
1994-08-18,2582.7
1994-08-19,2557
1994-08-22,2532.3999
1994-08-23,2530.8999
1994-08-24,2541.1001
1994-08-25,2551.1001
1994-08-26,2581.3
1994-08-29,2635.2
1994-08-30,2635.7
1994-08-31,2645.6001
1994-09-01,2628.3999
1994-09-02,2672
1994-09-05,2674.5
1994-09-06,2652.3999
1994-09-07,2662.5
1994-09-08,2664.1001
1994-09-09,2642.1001
1994-09-13,2658.8
1994-09-14,2637.7
1994-09-15,2628.6001
1994-09-16,2603.3
1994-09-19,2614.7
1994-09-20,2593
1994-09-21,2594
1994-09-22,2602.8999
1994-09-23,2609.1001
1994-09-26,2586.1001
1994-09-27,2581
1994-09-28,2590
1994-09-29,2558
1994-09-30,2534.3999
1994-10-03,2499.5
1994-10-04,2522.5
1994-10-05,2480.3999
1994-10-06,2484.8
1994-10-07,2496.8999
1994-10-10,2553.3999
1994-10-11,2570.2
1994-10-12,2562.7
1994-10-13,2593.3
1994-10-14,2585.3
1994-10-17,2575.6001
1994-10-18,2542.5
1994-10-19,2529.8
1994-10-20,2530.8999
1994-10-21,2508.6001
1994-10-24,2525.2
1994-10-25,2494.7
1994-10-26,2477.2
1994-10-27,2458.6001
1994-10-28,2490.5
1994-10-31,2506.5
1994-11-01,2503.8999
1994-11-02,2500
1994-11-03,2534.8
1994-11-04,2541
1994-11-07,2557.8999
1994-11-08,2543.8999
1994-11-09,2590.3999
1994-11-10,2602.7
1994-11-11,2597.8
1994-11-14,2590.8999
1994-11-15,2591.8999
1994-11-16,2609.3999
1994-11-17,2600.8999
1994-11-18,2606.5
1994-11-21,2607
1994-11-22,2571.8
1994-11-23,2546.1001
1994-11-24,2568.6001
1994-11-25,2572.5
1994-11-28,2579.3999
1994-11-29,2584.7
1994-11-30,2594.8999
1994-12-01,2576
1994-12-02,2577.5
1994-12-05,2611
1994-12-06,2589.1001
1994-12-07,2584.3
1994-12-08,2589.3
1994-12-09,2576
1994-12-12,2562.8
1994-12-13,2566
1994-12-14,2581.3999
1994-12-15,2598
1994-12-16,2604.7
1994-12-19,2600.7
1994-12-20,2614.7
1994-12-21,2636.1001
1994-12-22,2649.8
1994-12-23,2651
1994-12-27,2673.5
1994-12-28,2656.2
1994-12-29,2628.8
1995-01-03,2612.3
1995-01-04,2632.3999
1995-01-05,2613.1001
1995-01-06,2622.3
1995-01-09,2617.3
1995-01-10,2600.3999
1995-01-11,2597
1995-01-12,2600.5
1995-01-13,2600.2
1995-01-16,2591.6001
1995-01-17,2582.8
1995-01-18,2593.6001
1995-01-19,2595.5
1995-01-20,2574.6001
1995-01-23,2525.3
1995-01-24,2534.8
1995-01-25,2525.5
1995-01-26,2554.7
1995-01-27,2552.3999
1995-01-30,2540.2
1995-01-31,2536.8999
1995-02-01,2560.8
1995-02-02,2563.7
1995-02-03,2589.3999
1995-02-06,2621.3999
1995-02-07,2628
1995-02-08,2617.3999
1995-02-09,2636.8999
1995-02-10,2635.3999
1995-02-13,2636
1995-02-14,2642.3999
1995-02-15,2636
1995-02-16,2621
1995-02-17,2601
1995-02-20,2597.2
1995-02-21,2609.6001
1995-02-22,2610
1995-02-23,2632.1001
1995-02-24,2623.3
1995-02-27,2607.5
1995-02-28,2600.3999
1995-03-01,2619.2
1995-03-02,2617.2
1995-03-03,2586.5
1995-03-06,2553.2
1995-03-07,2543.1001
1995-03-08,2515.8
1995-03-09,2461.5
1995-03-10,2467.7
1995-03-13,2450.3
1995-03-14,2463.3
1995-03-15,2475
1995-03-16,2491.7
1995-03-17,2497.5
1995-03-20,2516
1995-03-21,2505.5
1995-03-22,2501.8999
1995-03-23,2480.7
1995-03-24,2526.6001
1995-03-27,2518.1001
1995-03-28,2495.6001
1995-03-29,2495
1995-03-30,2533.1001
1995-03-31,2508.8999
1995-04-03,2511.1001
1995-04-04,2536.2
1995-04-05,2536.3
1995-04-06,2556.1001
1995-04-07,2559.3
1995-04-10,2561.2
1995-04-11,2563.1001
1995-04-12,2562.3999
1995-04-13,2560.3
1995-04-18,2547.1001
1995-04-19,2516.8
1995-04-20,2544.2
1995-04-21,2560.8
1995-04-24,2554.8
1995-04-25,2561.1001
1995-04-26,2574.3999
1995-04-27,2567
1995-04-28,2597.2
1995-05-02,2621.3999
1995-05-03,2618.6001
1995-05-04,2641.7
1995-05-05,2650.5
1995-05-08,2658.8
1995-05-09,2655.6001
1995-05-10,2661.3999
1995-05-11,2701
1995-05-12,2728.2
1995-05-15,2739
1995-05-16,2746.6001
1995-05-17,2739.8
1995-05-18,2727.7
1995-05-19,2701
1995-05-22,2751.2
1995-05-23,2750.3999
1995-05-24,2778.5
1995-05-26,2751.7
1995-05-29,2762.5
1995-05-30,2779.3999
1995-05-31,2786.3999
1995-06-01,2807.8
1995-06-02,2805.3
1995-06-06,2809.7
1995-06-07,2819.6001
1995-06-08,2806.8
1995-06-09,2795.3
1995-06-12,2802.3
1995-06-13,2800.8999
1995-06-14,2798.1001
1995-06-15,2800.2
1995-06-16,2775.3999
1995-06-19,2803
1995-06-20,2805.6001
1995-06-21,2816.8
1995-06-22,2843.3
1995-06-23,2837.7
1995-06-26,2830.3
1995-06-27,2845.1001
1995-06-28,2836.8
1995-06-29,2845.6001
1995-06-30,2825.3
1995-07-03,2827.5
1995-07-04,2847.5
1995-07-05,2843.7
1995-07-06,2833.7
1995-07-07,2848.3999
1995-07-10,2842.8999
1995-07-11,2847.3
1995-07-12,2867.8999
1995-07-13,2869.7
1995-07-14,2863.3999
1995-07-17,2892.3
1995-07-18,2875.1001
1995-07-19,2856.2
1995-07-20,2822.2
1995-07-21,2830.2
1995-07-24,2836.6001
1995-07-25,2833.2
1995-07-26,2827.1001
1995-07-27,2824.7
1995-07-28,2833.1001
1995-07-31,2826.8
1995-08-02,2852.3
1995-08-03,2814.3
1995-08-04,2807.1001
1995-08-07,2800.6001
1995-08-08,2797.3999
1995-08-09,2781.3
1995-08-10,2802.6001
1995-08-11,2820.1001
1995-08-14,2807.2
1995-08-15,2838.3999
1995-08-16,2880.6001
1995-08-17,2880
1995-08-18,2889.5
1995-08-21,2886.7
1995-08-22,2900.8
1995-08-23,2896.8
1995-08-24,2887.1001
1995-08-25,2893.8
1995-08-28,2883.3
1995-08-29,2887.3
1995-08-30,2915.7
1995-08-31,2908.8
1995-09-01,2918.3
1995-09-04,2952.7
1995-09-05,2971.1001
1995-09-06,2999.6001
1995-09-07,2989.1001
1995-09-08,2989.2
1995-09-11,2986.3
1995-09-12,2990.5
1995-09-13,3016.8
1995-09-14,3011.6001
1995-09-15,3025.3999
1995-09-18,3008.1001
1995-09-19,3033.5
1995-09-20,3029
1995-09-21,3039.1001
1995-09-22,2994.7
1995-09-25,3015.3
1995-09-26,3045.5
1995-09-27,3009.8
1995-09-28,3000.6001
1995-09-29,3014.8
1995-10-02,3039
1995-10-03,3049
1995-10-04,3036.5
1995-10-05,3036.6001
1995-10-06,3054
1995-10-09,3064
1995-10-10,3050
1995-10-11,3073
1995-10-12,3083.7
1995-10-13,3109.2
1995-10-16,3116.3
1995-10-17,3112.3
1995-10-18,3135.3999
1995-10-19,3124.5
1995-10-20,3120.3999
1995-10-23,3041.7
1995-10-24,3062.3
1995-10-25,3078.8999
1995-10-26,3080
1995-10-27,3026.6001
1995-10-30,3057.8999
1995-10-31,3108.2
1995-11-01,3128.5
1995-11-02,3123.3999
1995-11-03,3137.6001
1995-11-06,3123.2
1995-11-07,3133.8
1995-11-08,3132.6001
1995-11-09,3150.1001
1995-11-10,3130.3999
1995-11-13,3121.3999
1995-11-14,3133
1995-11-15,3124.8
1995-11-16,3148.3999
1995-11-17,3152.5
1995-11-20,3182.2
1995-11-21,3183.8999
1995-11-22,3201
1995-11-23,3209.2
1995-11-24,3220.1001
1995-11-27,3251
1995-11-28,3229.5
1995-11-29,3245.8999
1995-11-30,3251.6001
1995-12-01,3261.2
1995-12-04,3278.3999
1995-12-05,3278.5
1995-12-06,3281.5
1995-12-07,3245.7
1995-12-08,3246.6001
1995-12-11,3261.6001
1995-12-12,3280.8999
1995-12-13,3273.3999
1995-12-14,3272.2
1995-12-15,3289.8
1995-12-18,3251.6001
1995-12-19,3217.7
1995-12-20,3253.8999
1995-12-21,3255
1995-12-22,3277.8999
1995-12-27,3317.1001
1995-12-28,3297.7
1996-01-03,3384.5
1996-01-04,3395.8
1996-01-05,3376.1001
1996-01-08,3368.1001
1996-01-09,3361.5
1996-01-10,3314.8
1996-01-11,3284.1001
1996-01-12,3292.8999
1996-01-15,3233.8999
1996-01-16,3254.8
1996-01-17,3219.3
1996-01-18,3257.8
1996-01-19,3253.1001
1996-01-22,3249.8999
1996-01-23,3219
1996-01-24,3221.3
1996-01-25,3211.2
1996-01-26,3191.3999
1996-01-29,3198.2
1996-01-30,3236.8
1996-01-31,3248.7
1996-02-01,3279.8999
1996-02-02,3270
1996-02-05,3221.7
1996-02-06,3253.8
1996-02-07,3262.7
1996-02-08,3245.6001
1996-02-09,3242.7
1996-02-12,3253.1001
1996-02-13,3260.1001
1996-02-14,3266.1001
1996-02-15,3272.2
1996-02-16,3280.3
1996-02-19,3270.6001
1996-02-20,3243.5
1996-02-21,3253
1996-02-22,3264.3999
1996-02-23,3296.2
1996-02-26,3298.6001
1996-02-27,3309.8999
1996-02-28,3360.5
1996-02-29,3354.8
1996-03-01,3385.5
1996-03-04,3400.6001
1996-03-05,3383.3999
1996-03-06,3408.3
1996-03-07,3581.8999
1996-03-08,3549.7
1996-03-11,3506.2
1996-03-12,3540.5
1996-03-13,3558.3
1996-03-14,3578.3999
1996-03-15,3561.1001
1996-03-18,3583.6001
1996-03-19,3605.1001
1996-03-20,3611.1001
1996-03-21,3629.3
1996-03-22,3647.7
1996-03-25,3677
1996-03-26,3658.1001
1996-03-27,3671
1996-03-28,3640.3
1996-03-29,3646.5
1996-04-01,3654.3
1996-04-02,3648.3
1996-04-03,3606.7
1996-04-04,3611.1001
1996-04-09,3594.3999
1996-04-10,3601.5
1996-04-11,3566.8999
1996-04-12,3575.5
1996-04-15,3589.6001
1996-04-16,3607.5
1996-04-17,3603.8999
1996-04-18,3601.2
1996-04-19,3628.1001
1996-04-22,3673.2
1996-04-23,3647.3
1996-04-24,3668.3999
1996-04-25,3668.1001
1996-04-26,3696
1996-04-29,3658.2
1996-04-30,3651
1996-05-02,3635.8
1996-05-03,3611.2
1996-05-06,3591.6001
1996-05-07,3583.6001
1996-05-08,3534.1001
1996-05-09,3521.6001
1996-05-10,3556.8999
1996-05-13,3557.8
1996-05-14,3582.3999
1996-05-15,3572.5
1996-05-17,3593
1996-05-20,3584
1996-05-21,3587.3
1996-05-22,3550
1996-05-23,3547.3999
1996-05-24,3572.2
1996-05-28,3583.8
1996-05-29,3558.2
1996-05-30,3537.7
1996-05-31,3556.1001
1996-06-03,3544.6001
1996-06-04,3568.1001
1996-06-05,3572
1996-06-06,3585.5
1996-06-07,3547.8999
1996-06-10,3575.8
1996-06-11,3575.6001
1996-06-12,3600.8999
1996-06-13,3607.3999
1996-06-14,3593.8999
1996-06-17,3600.1001
1996-06-18,3628.3
1996-06-19,3643.6001
1996-06-20,3655.3999
1996-06-21,3687.3
1996-06-24,3701.5
1996-06-25,3699.6001
1996-06-26,3723.5
1996-06-27,3703
1996-06-28,3732.8999
1996-07-01,3728.2
1996-07-02,3750.8
1996-07-03,3757
1996-07-04,3771.3
1996-07-05,3731.2
1996-07-08,3732.8
1996-07-09,3773.3999
1996-07-10,3788
1996-07-11,3810
1996-07-12,3785.8
1996-07-15,3755.3999
1996-07-16,3678.1001
1996-07-17,3656.2
1996-07-18,3649.2
1996-07-19,3661.5
1996-07-22,3566.1001
1996-07-23,3585.2
1996-07-24,3482.6001
1996-07-25,3537.3999
1996-07-26,3537.8
1996-07-29,3549.5
1996-07-30,3518.2
1996-07-31,3494.3999
1996-08-02,3604.6001
1996-08-05,3623.3
1996-08-06,3629
1996-08-07,3662.6001
1996-08-08,3653.3999
1996-08-09,3643.2
1996-08-12,3623.1001
1996-08-13,3630.2
1996-08-14,3650.7
1996-08-15,3646.3
1996-08-16,3670.5
1996-08-19,3664.3999
1996-08-20,3698.2
1996-08-21,3683.8
1996-08-22,3713
1996-08-23,3725.3999
1996-08-26,3714.6001
1996-08-27,3722.3999
1996-08-28,3692.6001
1996-08-29,3682.6001
1996-08-30,3646.3
1996-09-02,3654.7
1996-09-03,3623.8999
1996-09-04,3634.2
1996-09-05,3627.1001
1996-09-06,3637.8
1996-09-09,3684.3999
1996-09-10,3694.2
1996-09-11,3678.8999
1996-09-12,3687.2
1996-09-13,3716.8
1996-09-16,3722.7
1996-09-17,3690
1996-09-18,3690.1001
1996-09-19,3694.8999
1996-09-20,3694.8999
1996-09-23,3635.5
1996-09-24,3661.2
1996-09-25,3697.7
1996-09-26,3699.5
1996-09-27,3696.6001
1996-09-30,3736.3999
1996-10-01,3737.5
1996-10-02,3760.2
1996-10-03,3771.6001
1996-10-04,3802
1996-10-07,3813.7
1996-10-08,3818.1001
1996-10-09,3807.8999
1996-10-10,3797.3
1996-10-11,3805.2
1996-10-14,3813.7
1996-10-15,3822.2
1996-10-16,3790.2
1996-10-17,3793.2
1996-10-18,3803.3
1996-10-21,3788.2
1996-10-22,3775.3
1996-10-23,3742.8999
1996-10-24,3753.6001
1996-10-25,3758.7
1996-10-28,3763.5
1996-10-29,3732
1996-10-30,3723.1001
1996-10-31,3725.3
1996-11-01,3736.1001
1996-11-04,3749.2
1996-11-05,3784.8
1996-11-06,3815.3999
1996-11-07,3811.5
1996-11-08,3812
1996-11-11,3827.6001
1996-11-12,3829.8
1996-11-13,3825.7
1996-11-14,3856.3999
1996-11-15,3897.8999
1996-11-18,3888.3
1996-11-19,3892.6001
1996-11-20,3883.3
1996-11-21,3861.5
1996-11-22,3882.8
1996-11-25,3891.7
1996-11-26,3878.2
1996-11-27,3845.3
1996-11-28,3884.1001
1996-11-29,3902.5
1996-12-02,3874
1996-12-03,3924.5
1996-12-04,3910.6001
1996-12-05,3913.8
1996-12-06,3835.5
1996-12-09,3874
1996-12-10,3885.3999
1996-12-11,3857.6001
1996-12-12,3860
1996-12-13,3839.3
1996-12-16,3869.2
1996-12-17,3850.3999
1996-12-18,3874
1996-12-19,3880.8
1996-12-20,3890.1001
1996-12-23,3875.5
1996-12-24,3869.8
1996-12-27,3922.2
1996-12-30,3948.3
1996-12-31,3942.2
1997-01-03,3940.1001
1997-01-06,3923.8
1997-01-07,3922.8999
1997-01-08,3944.8999
1997-01-09,3966.2
1997-01-10,3947.3999
1997-01-13,3975.5
1997-01-14,3983.6001
1997-01-15,3979.6001
1997-01-16,4007.1001
1997-01-17,4019.8999
1997-01-20,4009.5
1997-01-21,4023.1001
1997-01-22,4115.3999
1997-01-23,4161
1997-01-24,4125.5
1997-01-27,4127.2998
1997-01-28,4182.2998
1997-01-29,4169.7002
1997-01-30,4209.1001
1997-01-31,4272.2002
1997-02-03,4282.7998
1997-02-04,4296.5
1997-02-05,4305.5
1997-02-06,4309.7998
1997-02-07,4357.8999
1997-02-10,4384.2998
1997-02-11,4408.3999
1997-02-12,4444.1001
1997-02-13,4436.2998
1997-02-14,4464.2002
1997-02-17,4514.6001
1997-02-18,4490.7002
1997-02-19,4525.5
1997-02-20,4530.7998
1997-02-21,4522.5
1997-02-24,4463.2002
1997-02-25,4503.8999
1997-02-26,4539
1997-02-27,4519.7002
1997-02-28,4487.6001
1997-03-03,4460.1001
1997-03-04,4513.7002
1997-03-05,4547.1001
1997-03-06,4605.2002
1997-03-07,4638.8999
1997-03-10,4684.3999
1997-03-11,4677.1001
1997-03-12,4676.2002
1997-03-13,4609.8999
1997-03-14,4636.2002
1997-03-17,4556.5
1997-03-18,4519.8999
1997-03-19,4535.1001
1997-03-20,4442.8999
1997-03-21,4491.2998
1997-03-24,4497.2998
1997-03-25,4558.6001
1997-03-26,4620.5
1997-03-27,4659.2002
1997-04-01,4501.7002
1997-04-02,4488.7002
1997-04-03,4463.8999
1997-04-04,4471.5
1997-04-07,4588
1997-04-08,4582.6001
1997-04-09,4634.8999
1997-04-10,4626.6001
1997-04-11,4604.2002
1997-04-14,4586.2998
1997-04-15,4643.3999
1997-04-16,4625.6001
1997-04-17,4665.7002
1997-04-18,4699.1001
1997-04-21,4740.1001
1997-04-22,4752.2998
1997-04-23,4781.1001
1997-04-24,4836.1001
1997-04-25,4772.2998
1997-04-28,4793.2998
1997-04-29,4855.1001
1997-04-30,4897.6001
1997-05-02,4953.5
1997-05-05,5029.6001
1997-05-06,4988.3999
1997-05-07,5016
1997-05-09,5004.7002
1997-05-12,5042.5
1997-05-13,5084.2002
1997-05-14,5134.2998
1997-05-15,5141.7002
1997-05-16,5157.5
1997-05-20,5081
1997-05-21,5178.6001
1997-05-22,5176.3999
1997-05-23,5181
1997-05-26,5196.7002
1997-05-27,5190
1997-05-28,5133.1001
1997-05-29,5132.1001
1997-05-30,5041.6001
1997-06-02,5150
1997-06-03,5207.2002
1997-06-04,5238.5
1997-06-05,5251.2002
1997-06-06,5320
1997-06-09,5368.7998
1997-06-10,5361.8999
1997-06-11,5308.6001
1997-06-12,5364.2002
1997-06-13,5384.6001
1997-06-16,5362
1997-06-17,5345.8999
1997-06-18,5405
1997-06-19,5511.1001
1997-06-20,5561.7998
1997-06-23,5587.7998
1997-06-24,5576.1001
1997-06-25,5662.3999
1997-06-26,5669.8999
1997-06-27,5700.2998
1997-06-30,5620.6001
1997-07-01,5654.7998
1997-07-02,5674.2998
1997-07-03,5804.8999
1997-07-04,5846.5
1997-07-07,5947
1997-07-08,6012.6001
1997-07-09,5977.1001
1997-07-10,5885.3999
1997-07-11,5801.5
1997-07-14,5845.7998
1997-07-15,5844.7002
1997-07-16,5927.5
1997-07-17,5868.2998
1997-07-18,5737.1001
1997-07-21,5620.5
1997-07-22,5677.1001
1997-07-23,5869.8999
1997-07-24,5849.2002
1997-07-25,5847
1997-07-28,5888
1997-07-29,5842.1001
1997-07-30,5929.5
1997-07-31,5898.2002
1997-08-04,5771
1997-08-05,5765.2002
1997-08-06,5812.1001
1997-08-07,5922.1001
1997-08-08,5864.7998
1997-08-11,5825.6001
1997-08-12,5808.3999
1997-08-13,5682.1001
1997-08-14,5579.5
1997-08-15,5498.5
1997-08-18,5405.6001
1997-08-19,5580.1001
1997-08-20,5690.1001
1997-08-21,5668.7998
1997-08-22,5475.7998
1997-08-25,5473.8999
1997-08-26,5363.2998
1997-08-27,5409.6001
1997-08-28,5217.2998
1997-08-29,5216.7002
1997-09-01,5271.5
1997-09-02,5447.5
1997-09-03,5478.6001
1997-09-04,5478.1001
1997-09-05,5532.8999
1997-09-08,5505.2998
1997-09-09,5445.1001
1997-09-10,5356.7002
1997-09-11,5280.7998
1997-09-12,5281.8999
1997-09-15,5321.7002
1997-09-16,5417.7998
1997-09-17,5550.3999
1997-09-18,5629
1997-09-19,5611
1997-09-22,5705.1001
1997-09-23,5730.3999
1997-09-24,5732.5
1997-09-25,5667.1001
1997-09-26,5716.6001
1997-09-29,5691.7998
1997-09-30,5673.6001
1997-10-01,5754.7002
1997-10-02,5825
1997-10-03,5929
1997-10-06,5897.3999
1997-10-07,5846.8999
1997-10-08,5822.2998
1997-10-09,5732.2002
1997-10-10,5699.5
1997-10-13,5792.7998
1997-10-14,5836.2998
1997-10-15,5815.8999
1997-10-16,5806.7998
1997-10-17,5751.6001
1997-10-20,5777.2002
1997-10-21,5862.8999
1997-10-22,5803.2002
1997-10-23,5651.7998
1997-10-24,5689.5
1997-10-27,5533.5
1997-10-28,5279.7002
1997-10-29,5479
1997-10-30,5370.8999
1997-10-31,5467.2002
1997-11-03,5581.6001
1997-11-04,5538.2002
1997-11-05,5601.6001
1997-11-06,5557.3999
1997-11-07,5438.6001
1997-11-10,5459.7002
1997-11-11,5483.8999
1997-11-12,5434
1997-11-13,5418.2002
1997-11-14,5437
1997-11-17,5565
1997-11-18,5574.2002
1997-11-19,5571.7002
1997-11-20,5650.3999
1997-11-21,5725.5
1997-11-24,5645.7002
1997-11-25,5666.2998
1997-11-26,5738.2998
1997-11-27,5772.3999
1997-11-28,5775.8999
1997-12-01,5875.1001
1997-12-02,5919.8999
1997-12-03,5922.7002
1997-12-04,5969.5
1997-12-05,6009
1997-12-08,6095.2998
1997-12-09,6103.2002
1997-12-10,6056.6001
1997-12-11,6021.7998
1997-12-12,6018.7002
1997-12-15,5986.6001
1997-12-16,6092.7002
1997-12-17,6122.1001
1997-12-18,6115.1001
1997-12-19,5989.8999
1997-12-22,6049.2998
1997-12-23,6044.7002
1997-12-24,6046.7002
1997-12-29,6190.3999
1997-12-30,6267.6001
1997-12-31,6265.5
1998-01-05,6397
1998-01-06,6375.7002
1998-01-07,6390
1998-01-08,6330.2002
1998-01-09,6251.7998
1998-01-12,6062.1001
1998-01-13,6169.2998
1998-01-14,6149.7998
1998-01-15,6148.5
1998-01-16,6274
1998-01-19,6340.3999
1998-01-20,6397.5
1998-01-21,6391.3999
1998-01-22,6356.1001
1998-01-23,6391
1998-01-26,6411
1998-01-27,6424
1998-01-28,6508.7002
1998-01-29,6530.3999
1998-01-30,6582.6001
1998-02-02,6688
1998-02-03,6720.7002
1998-02-04,6708.8999
1998-02-05,6772
1998-02-06,6857.1001
1998-02-09,6828.3999
1998-02-10,6860.7998
1998-02-11,6931.6001
1998-02-12,6856
1998-02-13,6898.8999
1998-02-16,6905.2998
1998-02-17,6990.5
1998-02-18,6966.2002
1998-02-19,6953.2002
1998-02-20,6986.7002
1998-02-23,6986.1001
1998-02-24,6945
1998-02-25,7065.3999
1998-02-26,7118.6001
1998-02-27,7153.1001
1998-03-02,7273
1998-03-03,7259.5
1998-03-04,7130.5
1998-03-05,7077.2998
1998-03-06,7197.2002
1998-03-09,7187.5
1998-03-10,7246.5
1998-03-11,7276.7002
1998-03-12,7267.8999
1998-03-13,7328
1998-03-16,7261.2002
1998-03-17,7236.5
1998-03-18,7132.3999
1998-03-19,7143.7998
1998-03-20,7300.5
1998-03-23,7341
1998-03-24,7407.3999
1998-03-25,7472.1001
1998-03-26,7415.8999
1998-03-27,7530.2998
1998-03-30,7536.2998
1998-03-31,7585.5
1998-04-01,7615.5
1998-04-02,7638.7998
1998-04-03,7725.8999
1998-04-06,7827.7002
1998-04-07,7744.2998
1998-04-08,7588.1001
1998-04-09,7624.1001
1998-04-14,7662.8999
1998-04-15,7616.2998
1998-04-16,7500.1001
1998-04-17,7453.7002
1998-04-20,7500.1001
1998-04-21,7369.1001
1998-04-22,7308.8999
1998-04-23,7265.5
1998-04-24,7232.2998
1998-04-27,7053.5
1998-04-28,7180.1001
1998-04-29,7241.7998
1998-04-30,7401.3999
1998-05-04,7640.7998
1998-05-05,7596.2002
1998-05-06,7610.7998
1998-05-07,7536
1998-05-08,7587.1001
1998-05-11,7677.5
1998-05-12,7627.2998
1998-05-13,7582.7998
1998-05-14,7550.6001
1998-05-15,7519.3999
1998-05-18,7371.3999
1998-05-19,7483.2002
1998-05-20,7495.7998
1998-05-22,7542.7002
1998-05-25,7657.1001
1998-05-26,7731.8999
1998-05-27,7633.5
1998-05-28,7605
1998-05-29,7656.1001
1998-06-02,7657.5
1998-06-03,7676.2998
1998-06-04,7592.8999
1998-06-05,7699.5
1998-06-08,7743.3999
1998-06-09,7716.7998
1998-06-10,7652.6001
1998-06-11,7498.3999
1998-06-12,7417.3999
1998-06-15,7342.7002
1998-06-16,7388.7002
1998-06-17,7562.7002
1998-06-18,7488
1998-06-19,7518.6001
1998-06-22,7511.7998
1998-06-23,7624.7998
1998-06-24,7667.8999
1998-06-25,7794.7002
1998-06-26,7816.8999
1998-06-29,7881.8999
1998-06-30,7882
1998-07-01,8038.2002
1998-07-02,8047.2998
1998-07-03,8099
1998-07-06,8166
1998-07-07,8160
1998-07-08,8227.2002
1998-07-09,8205
1998-07-10,8192.4004
1998-07-13,8141.8999
1998-07-14,8180.5
1998-07-15,8158.1001
1998-07-16,8126.5
1998-07-17,8288.2002
1998-07-20,8400.7998
1998-07-21,8412
1998-07-22,8340.7002
1998-07-23,8229.2002
1998-07-24,8205.7002
1998-07-27,7998.7002
1998-07-28,8093
1998-07-29,8102.7002
1998-07-30,8205.5
1998-07-31,8239.5
1998-08-03,8139.2002
1998-08-04,8170.2002
1998-08-05,7943.2002
1998-08-06,7846.2002
1998-08-07,7952.8999
1998-08-10,7721.2998
1998-08-11,7447.8999
1998-08-12,7607.5
1998-08-13,7552.6001
1998-08-14,7676.2998
1998-08-17,7642.1001
1998-08-18,7841.2998
1998-08-19,7787.6001
1998-08-20,7681.8999
1998-08-21,7393.7998
1998-08-24,7257.7002
1998-08-25,7389.5
1998-08-26,7212.3999
1998-08-27,6845
1998-08-28,6786.8999
1998-08-31,6679.3999
1998-09-01,6584.5
1998-09-02,6840.8999
1998-09-03,6605.1001
1998-09-04,6674.2002
1998-09-07,6848.7002
1998-09-08,7033.7998
1998-09-09,6802.3999
1998-09-10,6502.2998
1998-09-11,6480.7002
1998-09-14,6681.3999
1998-09-15,6585.7002
1998-09-16,6718.6001
1998-09-17,6405.2002
1998-09-18,6342.7002
1998-09-21,6021.5
1998-09-22,6111.1001
1998-09-23,6324.5
1998-09-24,6168.7002
1998-09-25,6085.1001
1998-09-28,7255.5
1998-09-29,6019.7998
1998-09-30,5760.3999
1998-10-01,5486
1998-10-02,5256.3999
1998-10-05,5126.5
1998-10-06,5523.7002
1998-10-07,5462.1001
1998-10-08,5293.7002
1998-10-09,5419
1998-10-12,5737.8999
1998-10-13,5744.8999
1998-10-14,5922.5
1998-10-15,6046.3999
1998-10-16,6066.1001
1998-10-19,6010.2998
1998-10-20,6194
1998-10-21,6134.1001
1998-10-22,6225.8999
1998-10-23,6226.8999
1998-10-26,6322.2998
1998-10-27,6449.7998
1998-10-28,6411.3999
1998-10-29,6428.6001
1998-10-30,6550.6001
1998-11-02,6642.3999
1998-11-03,6596.5
1998-11-04,6745.3999
1998-11-05,6557.5
1998-11-06,6649.2998
1998-11-09,6651.1001
1998-11-10,6564.1001
1998-11-11,6657.3999
1998-11-12,6753.2998
1998-11-13,6703.8999
1998-11-16,6774.6001
1998-11-17,6789
1998-11-18,6850.8999
1998-11-19,6993.7998
1998-11-20,7138
1998-11-23,7334.2998
1998-11-24,7170.2998
1998-11-25,7055.7998
1998-11-26,7161.1001
1998-11-27,7216.3999
1998-11-30,7083.1001
1998-12-01,6784.2998
1998-12-02,6747
1998-12-03,6813.2998
1998-12-04,6822.7002
1998-12-07,6859
1998-12-08,6810.3999
1998-12-09,6814.2002
1998-12-10,6699.1001
1998-12-11,6662.5
1998-12-14,6659.2998
1998-12-15,6768.2002
1998-12-16,6886.5
1998-12-17,7041
1998-12-18,7003.7002
1998-12-21,7170.3999
1998-12-22,7091.2002
1998-12-23,7160.7998
1998-12-24,7160.7998
1998-12-28,7255.5
1998-12-29,7203
1998-12-30,7160.7002
1999-01-04,7441.7998
1999-01-05,7545.7998
1999-01-06,7668.7998
1999-01-07,7549.7002
1999-01-08,7633.7002
1999-01-11,7464.3999
1999-01-12,7427.2002
1999-01-13,7125
1999-01-14,7088
1999-01-15,7218.1001
1999-01-18,7248.1001
1999-01-19,7207.7002
1999-01-20,7300.2002
1999-01-21,7125.3999
1999-01-22,7036.3999
1999-01-25,7076.2002
1999-01-26,7074.6001
1999-01-27,7030.2002
1999-01-28,7115.5
1999-01-29,7201.2002
1999-02-01,7291.2002
1999-02-02,7225.1001
1999-02-03,7193
1999-02-05,7137
1999-02-08,7055.8999
1999-02-09,6943
1999-02-10,6891.2002
1999-02-11,6898.8999
1999-02-12,6963.1001
1999-02-15,6988.5
1999-02-16,7015.2002
1999-02-17,7045.8999
1999-02-18,6981.6001
1999-02-19,6942.7002
1999-02-22,7076.7002
1999-02-23,7145.7002
1999-02-24,7233.7002
1999-02-25,7101.79
1999-02-26,7071.79
1999-03-01,6995
1999-03-02,6976.5
1999-03-03,6986.1001
1999-03-04,7106.79
1999-03-05,7213.29
1999-03-08,7185.8901
1999-03-09,7267.2002
1999-03-10,7209.3901
1999-03-11,7322.6001
1999-03-12,7250.7002
1999-03-15,7240.8901
1999-03-16,7218.8901
1999-03-17,7231.79
1999-03-18,7195.7002
1999-03-19,7208.29
1999-03-22,7153.6001
1999-03-23,7013.6001
1999-03-24,6949
1999-03-25,7082.2002
1999-03-26,7008.2002
1999-03-29,7086.29
1999-03-30,7024.1001
1999-03-31,7130.2002
1999-04-01,7132.3901
1999-04-02,7132.3999
1999-04-06,7170
1999-04-07,7216.79
1999-04-08,7332.8901
1999-04-09,7386.8901
1999-04-12,7352.8901
1999-04-13,7366.2002
1999-04-14,7378.2002
1999-04-15,7234.1001
1999-04-16,7164.79
1999-04-19,7248.79
1999-04-20,7129.3901
1999-04-21,7124.7002
1999-04-22,7179.79
1999-04-23,7145.79
1999-04-26,7254.7002
1999-04-27,7377.29
1999-04-28,7360.8901
1999-04-29,7304.6001
1999-04-30,7335.5
1999-05-03,7443.1001
1999-05-04,7355.8901
1999-05-05,7283.79
1999-05-06,7234.8901
1999-05-07,7215.3999
1999-05-10,7225.6001
1999-05-11,7202.2002
1999-05-12,7161.5
1999-05-13,7161.5
1999-05-14,7071.1001
1999-05-17,6910.8901
1999-05-18,7007.79
1999-05-19,7034.8901
1999-05-20,7109.1001
1999-05-21,7055.2002
1999-05-25,6887.6001
1999-05-26,6895.1001
1999-05-27,6750.6001
1999-05-28,6787.8999
1999-05-31,6911.6001
1999-06-01,6877.8999
1999-06-02,6970.7998
1999-06-03,7060.2002
1999-06-04,7156.3999
1999-06-07,7215.1001
1999-06-08,7194.7998
1999-06-09,7190.6001
1999-06-10,7026.3999
1999-06-11,7054.6001
1999-06-14,7030.7998
1999-06-15,7060.1001
1999-06-16,7103.1001
1999-06-17,7153
1999-06-18,7189.7998
1999-06-21,7266.3999
1999-06-22,7168
1999-06-23,7076
1999-06-24,7031
1999-06-25,6964
1999-06-28,6945.8999
1999-06-29,7007
1999-06-30,6908.8999
1999-07-01,7091.5
1999-07-02,7206.2002
1999-07-05,7292.2002
1999-07-06,7203
1999-07-07,7155.79
1999-07-08,7171.8901
1999-07-09,7156.1001
1999-07-12,7176.7002
1999-07-13,7066
1999-07-14,7093.8901
1999-07-15,7112.5
1999-07-16,7077.2002
1999-07-19,7104.2002
1999-07-20,6990.79
1999-07-21,7016.3901
1999-07-22,6949.6001
1999-07-23,6802.1001
1999-07-26,6729.6001
1999-07-27,6817.8901
1999-07-28,6829.2002
1999-07-29,6713.6001
1999-07-30,6887.3999
1999-08-02,6925.6001
1999-08-03,6916.7002
1999-08-04,6895.2002
1999-08-05,6751.1001
1999-08-06,6710.5
1999-08-09,6721.7998
1999-08-10,6616.7002
1999-08-11,6686
1999-08-12,6806.1001
1999-08-13,6934.3999
1999-08-16,6988.8901
1999-08-17,6993.79
1999-08-18,6988.7998
1999-08-19,6990.8901
1999-08-20,7051.5
1999-08-23,7147.5
1999-08-24,7104.29
1999-08-25,7142.7002
1999-08-26,7141.8901
1999-08-27,7167.7002
1999-08-30,7155
1999-08-31,7008.79
1999-09-01,7094.5
1999-09-02,7014.8901
1999-09-03,7137.6001
1999-09-06,7200.1001
1999-09-07,7187.7002
1999-09-08,7160.2002
1999-09-09,7193.7002
1999-09-10,7171.8901
1999-09-13,7059
1999-09-14,7030.7002
1999-09-15,7048.1001
1999-09-16,6985
1999-09-17,7026.6001
1999-09-20,7072.29
1999-09-21,7043
1999-09-22,7018
1999-09-23,7065.79
1999-09-24,6965.7002
1999-09-27,7061.3901
1999-09-28,6917.3901
1999-09-29,6892.79
1999-09-30,6907.3901
1999-10-01,6878.6001
1999-10-04,7007.8901
1999-10-05,6999
1999-10-06,7024.5
1999-10-07,7065.2002
1999-10-08,7096.5
1999-10-11,7110
1999-10-12,7023
1999-10-13,6952.29
1999-10-14,6952.79
1999-10-15,6787.2002
1999-10-18,6712.1001
1999-10-19,6871.29
1999-10-20,6858
1999-10-21,6783
1999-10-22,6876.8901
1999-10-25,6820.29
1999-10-26,6890.3901
1999-10-27,6873.8901
1999-10-28,7037.1001
1999-10-29,7160.29
1999-11-01,7156.8901
1999-11-02,7189.7002
1999-11-03,7265.2002
1999-11-04,7301.29
1999-11-05,7345.5
1999-11-08,7348.8901
1999-11-09,7343
1999-11-10,7359.2002
1999-11-11,7421.2002
1999-11-15,7415.79
1999-11-16,7419.2002
1999-11-17,7398.3901
1999-11-18,7402.6001
1999-11-19,7367.3901
1999-11-22,7313.8901
1999-11-23,7279.7002
1999-11-24,7243.8901
1999-11-25,7314.5
1999-11-26,7359.79
1999-11-29,7400
1999-11-30,7399.7002
1999-12-01,7478.3901
1999-12-02,7485.29
1999-12-03,7547.29
1999-12-06,7441.29
1999-12-07,7406.1001
1999-12-08,7336.5
1999-12-09,7342.79
1999-12-10,7299.7002
1999-12-13,7292.7002
1999-12-14,7308.29
1999-12-15,7247.79
1999-12-16,7317.3901
1999-12-17,7351.29
1999-12-20,7389.7002
1999-12-21,7301.3901
1999-12-22,7300.8901
1999-12-23,7397.2002
1999-12-27,7413.29
1999-12-28,7447.2002
1999-12-29,7488.7002
1999-12-30,7570.1001
2000-01-04,7268.1001
2000-01-05,7181.29
2000-01-06,7280.6001
2000-01-07,7448
2000-01-10,7452.79
2000-01-11,7420.1001
2000-01-12,7430.5
2000-01-13,7436.8901
2000-01-14,7513.8901
2000-01-17,7507
2000-01-18,7384.1001
2000-01-19,7336.79
2000-01-20,7251.2002
2000-01-21,7236
2000-01-24,7127.8901
2000-01-25,6954.79
2000-01-26,6963.6001
2000-01-27,7113.3901
2000-01-28,7029.6001
2000-01-31,6894.7002
2000-02-01,7025.2002
2000-02-02,7097.3901
2000-02-03,7182.8901
2000-02-04,7148.7002
2000-02-07,7131.29
2000-02-08,7130.8901
2000-02-09,7031.7002
2000-02-10,6998
2000-02-11,6973.3901
2000-02-14,6921.7002
2000-02-15,6806.3901
2000-02-16,6933.29
2000-02-17,7029.3901
2000-02-18,7047
2000-02-21,6962.7002
2000-02-22,7037.5
2000-02-23,7091.7002
2000-02-24,7043.79
2000-02-25,6989.1001
2000-02-28,6917.79
2000-02-29,6910.1001
2000-03-01,6959.1001
2000-03-02,7052.3901
2000-03-03,7025.29
2000-03-06,7087.7002
2000-03-07,7050.2002
2000-03-08,6945.5
2000-03-09,6902
2000-03-10,6907.8901
2000-03-13,6781.3901
2000-03-14,6838.2002
2000-03-15,6856.29
2000-03-16,7131.5
2000-03-17,7100.6001
2000-03-20,7166.8901
2000-03-21,7266.29
2000-03-22,7388.2002
2000-03-23,7360.2002
2000-03-24,7440.3901
2000-03-27,7366
2000-03-28,7372.1001
2000-03-29,7401.5
2000-03-30,7382.79
2000-03-31,7428.1001
2000-04-03,7522.79
2000-04-04,7606.3901
2000-04-05,7490.3901
2000-04-06,7464.7002
2000-04-07,7450.79
2000-04-10,7410.7002
2000-04-11,7471.5
2000-04-12,7550.6001
2000-04-13,7581.29
2000-04-14,7494.3901
2000-04-17,7329.6001
2000-04-18,7340.2002
2000-04-19,7354.1001
2000-04-20,7371.1001
2000-04-25,7433.2002
2000-04-26,7437.79
2000-04-27,7400.79
2000-04-28,7427.79
2000-05-02,7527
2000-05-03,7496.7002
2000-05-04,7499.8901
2000-05-05,7499.3901
2000-05-08,7521.29
2000-05-09,7595.3901
2000-05-10,7587.5
2000-05-11,7706.8901
2000-05-12,7736.7002
2000-05-15,7722.8901
2000-05-16,7768
2000-05-17,7728.7002
2000-05-18,7795.6001
2000-05-19,7718.7002
2000-05-22,7711.7002
2000-05-23,7825.7002
2000-05-24,7846.1001
2000-05-25,7938.29
2000-05-26,7821.7002
2000-05-29,7846.7998
2000-05-30,7754.29
2000-05-31,7754
2000-06-02,7841.6001
2000-06-05,7791.1001
2000-06-06,7746.6001
2000-06-07,7797.8901
2000-06-08,7809.79
2000-06-09,7796.79
2000-06-13,7817.1001
2000-06-14,7888.1001
2000-06-15,7827.8901
2000-06-16,7845.6001
2000-06-19,7794.6001
2000-06-20,7796.6001
2000-06-21,7760.2002
2000-06-22,7664.3901
2000-06-23,7677
2000-06-26,7686.1001
2000-06-27,7691.79
2000-06-28,7727.79
2000-06-29,7710.5
2000-06-30,7761.6001
2000-07-03,7789.7002
2000-07-04,7828.7002
2000-07-05,7866.7002
2000-07-06,7911.7002
2000-07-07,7903.7002
2000-07-10,7911.1001
2000-07-11,7927.29
2000-07-12,7895.2002
2000-07-13,7951.7002
2000-07-14,7938.8901
2000-07-17,7903.2002
2000-07-18,7896.2002
2000-07-19,7933.5
2000-07-20,7946.7002
2000-07-21,7900.3901
2000-07-24,8009.2002
2000-07-25,8014.7002
2000-07-26,8005.3901
2000-07-27,7992.6001
2000-07-28,7997.79
2000-07-31,8023.2002
2000-08-02,8151.2002
2000-08-03,8137.7002
2000-08-04,8119.5
2000-08-07,8251
2000-08-08,8253.4004
2000-08-09,8245.7002
2000-08-10,8202.79
2000-08-11,8236.2002
2000-08-14,8273.0898
2000-08-15,8250.0898
2000-08-16,8318.4004
2000-08-17,8260.79
2000-08-18,8251.9004
2000-08-21,8289.79
2000-08-22,8317.4004
2000-08-23,8377
2000-08-24,8349.5
2000-08-25,8311.7002
2000-08-28,8338.29
2000-08-29,8257.29
2000-08-30,8220
2000-08-31,8219.9004
2000-09-01,8234.9004
2000-09-04,8193.5
2000-09-05,8168.79
2000-09-06,8129
2000-09-07,8137.2002
2000-09-08,8088.1001
2000-09-11,8095.2002
2000-09-12,8037.1001
2000-09-13,8032.3901
2000-09-14,8002.6001
2000-09-15,8014.3901
2000-09-18,7935.8901
2000-09-19,7872.2002
2000-09-20,7831.79
2000-09-21,7865.79
2000-09-22,7976.6001
2000-09-25,8016.29
2000-09-26,7966.2002
2000-09-27,7942.3901
2000-09-28,7933.8901
2000-09-29,7771.5
2000-10-02,7889.8901
2000-10-03,7949.6001
2000-10-04,7945.6001
2000-10-05,7966.79
2000-10-06,7920.2002
2000-10-09,7756.29
2000-10-10,7812.6001
2000-10-11,7665.3901
2000-10-12,7679.2002
2000-10-13,7629.3901
2000-10-16,7586.2002
2000-10-17,7618.1001
2000-10-18,7638.29
2000-10-19,7763.79
2000-10-20,7722.7002
2000-10-23,7765.5
2000-10-24,7872.6001
2000-10-25,7833
2000-10-26,7859
2000-10-27,7884.5
2000-10-30,7948.79
2000-10-31,7977.5
2000-11-01,7985.7002
2000-11-02,8084.8901
2000-11-03,8062.1001
2000-11-06,8117.6001
2000-11-07,8125.79
2000-11-08,8102.6001
2000-11-09,8031.79
2000-11-10,8050
2000-11-13,8001.5
2000-11-14,8118.1001
2000-11-15,8106.6001
2000-11-16,8129.1001
2000-11-17,8131
2000-11-20,8136.1001
2000-11-21,8155.1001
2000-11-22,8018.7002
2000-11-23,8056.5
2000-11-24,8081.5
2000-11-27,8142
2000-11-28,8075.7002
2000-11-29,8065.7002
2000-11-30,7981.79
2000-12-01,8050.5
2000-12-04,8007.79
2000-12-05,8136.7002
2000-12-06,8097
2000-12-07,8015.8901
2000-12-08,7995.79
2000-12-11,8032.8901
2000-12-12,8011.8901
2000-12-13,8040.7002
2000-12-14,7928.79
2000-12-15,7867
2000-12-18,7974.29
2000-12-19,8068.29
2000-12-20,7993.7002
2000-12-21,7944.2002
2000-12-22,7978.29
2000-12-27,8083.79
2000-12-28,8153.6001
2000-12-29,8135.3901
2001-01-03,8118.8901
2001-01-04,8116.79
2001-01-05,7985.6001
2001-01-08,7986.6001
2001-01-09,7957.6001
2001-01-10,7860
2001-01-11,7877.29
2001-01-12,7848.2002
2001-01-15,7862.3999
2001-01-16,7874
2001-01-17,7972.7002
2001-01-18,7936.2002
2001-01-19,7862.3901
2001-01-22,7875.5
2001-01-23,7889
2001-01-24,7940
2001-01-25,7978
2001-01-26,8041.3901
2001-01-29,8037.2002
2001-01-30,8047.1001
2001-01-31,8057.3901
2001-02-01,7974
2001-02-02,8007.5
2001-02-05,8048.3901
2001-02-06,8062
2001-02-07,8023.2002
2001-02-08,7938.79
2001-02-09,7920.1001
2001-02-12,7889.1001
2001-02-13,7901.6001
2001-02-14,7813.2002
2001-02-15,7865.79
2001-02-16,7757.3901
2001-02-19,7768.8999
2001-02-20,7706.2002
2001-02-21,7637.1001
2001-02-22,7652.7002
2001-02-23,7607.29
2001-02-26,7663.2002
2001-02-27,7678.2002
2001-02-28,7701.79
2001-03-01,7560.2002
2001-03-02,7533.2002
2001-03-05,7581.6001
2001-03-06,7619.3901
2001-03-07,7585.7002
2001-03-08,7569.79
2001-03-09,7535.29
2001-03-12,7399.79
2001-03-13,7380.6001
2001-03-14,7233.5
2001-03-15,7280
2001-03-16,7112.6001
2001-03-19,7034.7002
2001-03-20,7067.6001
2001-03-21,6962.2002
2001-03-22,6574
2001-03-23,6736.1001
2001-03-26,6987.7002
2001-03-27,7010.8901
2001-03-28,6966.8901
2001-03-29,7044.8901
2001-03-30,7167.79
2001-04-02,7035.29
2001-04-03,6870.79
2001-04-04,6825.3901
2001-04-05,6987.6001
2001-04-06,6954.8901
2001-04-09,7070.6001
2001-04-10,7173.5
2001-04-11,7221.2002
2001-04-12,7249.6001
2001-04-17,7247
2001-04-18,7328.3901
2001-04-19,7286.1001
2001-04-20,7239.29
2001-04-23,7171.3901
2001-04-24,7269.6001
2001-04-25,7209.5
2001-04-26,7201.8901
2001-04-27,7248.7002
2001-04-30,7327.2002
2001-05-02,7369.8901
2001-05-03,7300
2001-05-04,7365.6001
2001-05-07,7463.8901
2001-05-08,7433
2001-05-09,7374.2002
2001-05-10,7488.1001
2001-05-11,7523.5
2001-05-14,7474.8901
2001-05-15,7548.3901
2001-05-16,7568.29
2001-05-17,7639.79
2001-05-18,7658.2002
2001-05-21,7672
2001-05-22,7705.79
2001-05-23,7699.3901
2001-05-25,7671.8901
2001-05-28,7661.3999
2001-05-29,7615.5
2001-05-30,7559.2002
2001-05-31,7489
2001-06-01,7475
2001-06-05,7593.2002
2001-06-06,7581.3901
2001-06-07,7588.7002
2001-06-08,7547.6001
2001-06-11,7498.8999
2001-06-12,7484.5
2001-06-13,7475.79
2001-06-14,7373.29
2001-06-15,7328.2002
2001-06-18,7307.3901
2001-06-19,7269.5
2001-06-20,7219.79
2001-06-21,7221.3901
2001-06-22,7201.2002
2001-06-25,7169.1001
2001-06-26,7075.8901
2001-06-27,7012.2002
2001-06-28,7123.5
2001-06-29,7231.7002
2001-07-02,7283.1001
2001-07-03,7255.8901
2001-07-04,7177.8999
2001-07-05,7139.7002
2001-07-06,7010.6001
2001-07-09,6992.2002
2001-07-10,6880.8901
2001-07-11,6775.1001
2001-07-12,6903.5
2001-07-13,6913.6001
2001-07-16,6916.2002
2001-07-17,6895.6001
2001-07-18,6836.1001
2001-07-19,6970.2002
2001-07-20,6939.6001
2001-07-23,6929.29
2001-07-24,6811.8901
2001-07-25,6680.79
2001-07-26,6673.5
2001-07-27,6740
2001-07-30,6795.6001
2001-07-31,6886.2002
2001-08-01,6895.29
2001-08-02,6924.29
2001-08-03,6898.3901
2001-08-06,6894.1001
2001-08-07,6891.79
2001-08-08,6874.7002
2001-08-09,6768.29
2001-08-10,6620.6001
2001-08-13,6707.7998
2001-08-14,6818.6001
2001-08-15,6774.2002
2001-08-16,6712
2001-08-17,6635.2002
2001-08-20,6628.6001
2001-08-21,6716.79
2001-08-22,6664.29
2001-08-23,6615.7002
2001-08-24,6707
2001-08-27,6776.6001
2001-08-28,6658
2001-08-29,6574.2002
2001-08-30,6521.29
2001-08-31,6573.6001
2001-09-03,6458.2998
2001-09-04,6535
2001-09-05,6518.79
2001-09-06,6385.1001
2001-09-07,6280.6001
2001-09-10,6122.2002
2001-09-11,5742.8901
2001-09-12,5781.3901
2001-09-13,5892.6001
2001-09-14,5660.29
2001-09-17,5734.5
2001-09-18,5712.79
2001-09-19,5696.29
2001-09-20,5403.8901
2001-09-21,5178.79
2001-09-24,5405.8901
2001-09-25,5658.7002
2001-09-26,5676.6001
2001-09-27,5781.1001
2001-09-28,5958.3901
2001-10-01,5919.5
2001-10-02,5905.3901
2001-10-03,5858.8901
2001-10-04,6012.3901
2001-10-05,5954.8901
2001-10-08,5952.8901
2001-10-09,5935.79
2001-10-10,5976.8901
2001-10-11,6105.2002
2001-10-12,6039.3901
2001-10-15,5994.3901
2001-10-16,5993
2001-10-17,6025.6001
2001-10-18,6092.3901
2001-10-19,6070.29
2001-10-22,6176.8901
2001-10-23,6276.79
2001-10-24,6279.3901
2001-10-25,6193.29
2001-10-26,6256.7002
2001-10-29,6154.2002
2001-10-30,5976.79
2001-10-31,6091.7002
2001-11-01,6087.6001
2001-11-02,6131.6001
2001-11-05,6213.3901
2001-11-06,6236.29
2001-11-07,6248.79
2001-11-08,6391.7002
2001-11-09,6366.29
2001-11-12,6256.5
2001-11-13,6369.3901
2001-11-14,6414.8901
2001-11-15,6550.29
2001-11-16,6548.2002
2001-11-19,6614.8901
2001-11-20,6510
2001-11-21,6483.3901
2001-11-22,6539.8999
2001-11-23,6500.79
2001-11-26,6464.3901
2001-11-27,6408.1001
2001-11-28,6310.2002
2001-11-29,6307.8901
2001-11-30,6279.2002
2001-12-03,6216.7002
2001-12-04,6343.7002
2001-12-05,6453.1001
2001-12-06,6427.5
2001-12-07,6451.29
2001-12-10,6361.79
2001-12-11,6318.2002
2001-12-12,6316.8901
2001-12-13,6255.3901
2001-12-14,6211.2002
2001-12-17,6314.8901
2001-12-18,6284
2001-12-19,6191.6001
2001-12-20,6297.2002
2001-12-21,6379.3901
2001-12-27,6425
2001-12-28,6417.7998
2002-01-02,6372.2998
2002-01-03,6380.8999
2002-01-04,6392.8999
2002-01-07,6384.3999
2002-01-08,6313.8999
2002-01-09,6361.2002
2002-01-10,6363.7002
2002-01-11,6416.3999
2002-01-14,6301.1001
2002-01-15,6292.2998
2002-01-16,6238.8999
2002-01-17,6320
2002-01-18,6294.2002
2002-01-21,6231.1001
2002-01-22,6302.2998
2002-01-23,6310
2002-01-24,6390.8999
2002-01-25,6372.1001
2002-01-28,6413.5
2002-01-29,6324.1001
2002-01-30,6212.3999
2002-01-31,6237.2998
2002-02-01,6234.6001
2002-02-04,6196.6001
2002-02-05,6132.5
2002-02-06,6105.2002
2002-02-07,6227.2002
2002-02-08,6245.5
2002-02-11,6278.8999
2002-02-12,6253.2998
2002-02-13,6337
2002-02-14,6421.6001
2002-02-15,6414.3999
2002-02-18,6378.5
2002-02-19,6235.8999
2002-02-20,6199.3999
2002-02-21,6226.8999
2002-02-22,6186.5
2002-02-25,6236.2998
2002-02-26,6210.2998
2002-02-27,6319.8999
2002-02-28,6352.7998
2002-03-01,6349
2002-03-04,6440.7002
2002-03-05,6412.5
2002-03-06,6416.2998
2002-03-07,6440.6001
2002-03-08,6531.2002
2002-03-11,6496.6001
2002-03-12,6453
2002-03-13,6497.1001
2002-03-14,6543.5
2002-03-15,6571.2998
2002-03-18,6622.6001
2002-03-19,6630
2002-03-20,6612.1001
2002-03-21,6600.3999
2002-03-22,6615.7998
2002-03-25,6610.1001
2002-03-26,6624.2998
2002-03-27,6631.7998
2002-03-28,6655.2002
2002-04-02,6671.5
2002-04-03,6694.1001
2002-04-04,6670.7002
2002-04-05,6662.1001
2002-04-08,6585.1001
2002-04-09,6641.1001
2002-04-10,6680.7002
2002-04-11,6595.8999
2002-04-12,6593
2002-04-15,6615.5
2002-04-16,6679.3999
2002-04-17,6691.2998
2002-04-18,6687.3999
2002-04-19,6676.7002
2002-04-22,6685.2998
2002-04-23,6675
2002-04-24,6679.7998
2002-04-25,6591.7998
2002-04-26,6530.1001
2002-04-29,6566.7998
2002-04-30,6557.6001
2002-05-02,6552.2998
2002-05-03,6588.7998
2002-05-06,6571.5
2002-05-07,6478.1001
2002-05-08,6591.8999
2002-05-09,6595.1001
2002-05-10,6533.1001
2002-05-13,6568.2998
2002-05-14,6622.2998
2002-05-15,6670.1001
2002-05-16,6692
2002-05-17,6642.6001
2002-05-20,6606
2002-05-21,6623.2998
2002-05-22,6585.8999
2002-05-23,6564.1001
2002-05-24,6576
2002-05-27,6607.7002
2002-05-28,6584.1001
2002-05-29,6598
2002-05-30,6544.1001
2002-05-31,6574.7998
2002-06-03,6551.1001
2002-06-04,6415.7002
2002-06-05,6400.1001
2002-06-06,6366
2002-06-07,6250.8999
2002-06-10,6267.5
2002-06-11,6330.2998
2002-06-12,6142
2002-06-13,6050.7998
2002-06-14,5980.7002
2002-06-17,6160.8999
2002-06-18,6072.2002
2002-06-19,5971.6001
2002-06-20,5777.8999
2002-06-21,5791.6001
2002-06-24,5594.2002
2002-06-25,5781.3999
2002-06-26,5629
2002-06-27,5717.8999
2002-06-28,5979.7002
2002-07-01,5985.1001
2002-07-02,5863.7998
2002-07-03,5711.3999
2002-07-04,5847.7998
2002-07-05,6024.2002
2002-07-08,6002.2998
2002-07-09,5967
2002-07-10,5775.5
2002-07-11,5538.5
2002-07-12,5604.7002
2002-07-15,5358
2002-07-16,5225.2998
2002-07-17,5299.7002
2002-07-18,5271.5
2002-07-19,4976.2998
2002-07-22,4699.7002
2002-07-23,4628.6001
2002-07-24,4607.7998
2002-07-25,4906.2998
2002-07-26,5023.6001
2002-07-29,5272.2998
2002-07-30,5215.3999
2002-07-31,5196.7002
2002-08-01,5095.7002
2002-08-02,5036.7998
2002-08-05,4849
2002-08-06,5127.2002
2002-08-07,5054.2002
2002-08-08,5254
2002-08-09,5324
2002-08-12,5244.7998
2002-08-13,5324.7998
2002-08-14,5266.7998
2002-08-15,5424.1001
2002-08-16,5401.6001
2002-08-19,5534.7998
2002-08-20,5379.5
2002-08-21,5486.3999
2002-08-22,5511.3999
2002-08-23,5493.2998
2002-08-26,5424.2002
2002-08-27,5491
2002-08-28,5265.8999
2002-08-29,5129.2998
2002-08-30,5230.5
2002-09-02,5096
2002-09-03,4913.8999
2002-09-04,4960
2002-09-05,4958.6001
2002-09-06,5104.5
2002-09-09,5030.5
2002-09-10,5123.2998
2002-09-11,5250.8999
2002-09-12,5079.5
2002-09-13,4959.2998
2002-09-16,4956.7002
2002-09-17,4909.7998
2002-09-18,4814.5
2002-09-19,4730.6001
2002-09-20,4737.5
2002-09-23,4561.3999
2002-09-24,4566.3999
2002-09-25,4644.6001
2002-09-26,4899.1001
2002-09-27,4909.2998
2002-09-30,4783
2002-10-01,4718.6001
2002-10-02,4848.7002
2002-10-03,4788.7002
2002-10-04,4677
2002-10-07,4566.3999
2002-10-08,4497.3999
2002-10-09,4435
2002-10-10,4533.2002
2002-10-11,4769.5
2002-10-14,4723.8999
2002-10-15,4996.2998
2002-10-16,4925.1001
2002-10-17,4993.2998
2002-10-18,4967.2002
2002-10-21,4918
2002-10-22,4882.3999
2002-10-23,4761.2998
2002-10-24,4896.7002
2002-10-25,4939.2002
2002-10-28,4901.6001
2002-10-29,4753.2002
2002-10-30,4886
2002-10-31,4949.1001
2002-11-01,4894
2002-11-04,5026.7998
2002-11-05,5039.1001
2002-11-06,5011.6001
2002-11-07,4899.2002
2002-11-08,4845.3999
2002-11-11,4791.8901
2002-11-12,4776.7002
2002-11-13,4832.2998
2002-11-14,4949.3999
2002-11-15,5027.6001
2002-11-18,5033.8999
2002-11-19,5000.2002
2002-11-20,5034.2998
2002-11-21,5134.2998
2002-11-22,5160.7998
2002-11-25,5151.6001
2002-11-26,5092
2002-11-27,5181.8999
2002-11-28,5149.8999
2002-11-29,5117.5
2002-12-02,5150.5
2002-12-03,5004
2002-12-04,5010.3999
2002-12-05,4950.7002
2002-12-06,4934.7998
2002-12-09,4863
2002-12-10,4909.2998
2002-12-11,4905.7998
2002-12-12,4880
2002-12-13,4847.7002
2002-12-16,4940.1001
2002-12-17,4902.2998
2002-12-18,4804.6001
2002-12-19,4781.6001
2002-12-20,4774.6001
2002-12-23,4731.2998
2002-12-27,4573.8999
2002-12-30,4630.7998
2003-01-03,4899.5
2003-01-06,4916.2002
2003-01-07,4887
2003-01-08,4882.2998
2003-01-09,4857.8999
2003-01-10,4854.2002
2003-01-13,4887.7998
2003-01-14,4965.2998
2003-01-15,4860
2003-01-16,4829.2002
2003-01-17,4753.6001
2003-01-20,4679.7002
2003-01-21,4650.6001
2003-01-22,4520.2002
2003-01-23,4528.2998
2003-01-24,4477.3999
2003-01-27,4314.5
2003-01-28,4303.5
2003-01-29,4332.2002
2003-01-30,4409
2003-01-31,4422.5
2003-02-03,4471.8999
2003-02-04,4354.2998
2003-02-05,4385
2003-02-06,4257.2998
2003-02-07,4222.7998
2003-02-10,4155
2003-02-11,4254.3999
2003-02-12,4152.2002
2003-02-13,4159.2998
2003-02-14,4273
2003-02-17,4379.3999
2003-02-18,4325.3999
2003-02-19,4210.8999
2003-02-20,4214
2003-02-21,4228.7002
2003-02-24,4181.2998
2003-02-25,4095.8
2003-02-26,4052
2003-02-27,4083.7
2003-02-28,4148.2002
2003-03-03,4187.2002
2003-03-04,4046
2003-03-05,3966.2
2003-03-06,3962.6001
2003-03-07,3880.3
2003-03-10,3732.1001
2003-03-11,3718.8999
2003-03-12,3675.3999
2003-03-13,3793.3
2003-03-14,4015.3999
2003-03-17,4130.5
2003-03-18,4165.7998
2003-03-19,4261.7998
2003-03-20,4285.2002
2003-03-21,4453.2998
2003-03-24,4230.7002
2003-03-25,4263.6001
2003-03-26,4247.1001
2003-03-27,4194.5
2003-03-28,4207.6001
2003-03-31,4085.6001
2003-04-01,4135.5
2003-04-02,4272.1001
2003-04-03,4327.2002
2003-04-04,4386.2002
2003-04-07,4490.7002
2003-04-08,4465
2003-04-09,4472.7998
2003-04-10,4374.2002
2003-04-11,4448.1001
2003-04-14,4493.3999
2003-04-15,4605.2998
2003-04-16,4556.7002
2003-04-17,4523.7002
2003-04-22,4531.2998
2003-04-23,4586.8999
2003-04-24,4519.1001
2003-04-25,4475.8999
2003-04-28,4556.5
2003-04-29,4510.2998
2003-04-30,4542.7002
2003-05-02,4516.2998
2003-05-05,4579.6001
2003-05-06,4640.5
2003-05-07,4630.5
2003-05-08,4521.1001
2003-05-09,4510.5
2003-05-12,4479.7002
2003-05-13,4538.6001
2003-05-14,4546.6001
2003-05-15,4560.6001
2003-05-16,4594.7998
2003-05-19,4489.3999
2003-05-20,4514.3999
2003-05-21,4450.6001
2003-05-22,4570.7002
2003-05-23,4574
2003-05-26,4537.7998
2003-05-27,4566.7998
2003-05-28,4664.7998
2003-05-30,4630.7998
2003-06-02,4754.7998
2003-06-03,4713.1001
2003-06-04,4748.5
2003-06-05,4706.6001
2003-06-06,4786.7002
2003-06-10,4788.8999
2003-06-11,4840.2998
2003-06-12,4880.2002
2003-06-13,4795.1001
2003-06-16,4900.3999
2003-06-17,4950.7998
2003-06-18,4992.5
2003-06-19,4918.7002
2003-06-20,4936.7998
2003-06-23,4825.8999
2003-06-24,4829
2003-06-25,4832.1001
2003-06-26,4847.7998
2003-06-27,4847.8999
2003-06-30,4813.7002
2003-07-01,4700.7998
2003-07-02,4789.7998
2003-07-03,4826
2003-07-04,4828.6001
2003-07-07,4933
2003-07-08,4912
2003-07-09,4869
2003-07-10,4859.2002
2003-07-11,4914
2003-07-14,4982.5
2003-07-15,4957.5
2003-07-16,4940.1001
2003-07-17,4906.2002
2003-07-18,4910.2002
2003-07-21,4879.2002
2003-07-22,4871.2998
2003-07-23,4903.7002
2003-07-24,4970.6001
2003-07-25,4946
2003-07-28,5006
2003-07-29,4992.6001
2003-07-30,5043.6001
2003-07-31,5079.1001
2003-08-01,5044.7998
2003-08-04,4990
2003-08-05,5046.1001
2003-08-06,4997.7998
2003-08-07,4985.5
2003-08-08,5004.7002
2003-08-11,5003
2003-08-12,5049.6001
2003-08-13,5030.3999
2003-08-14,5071.3999
2003-08-15,5137
2003-08-18,5167.3999
2003-08-19,5186.2002
2003-08-20,5153.7002
2003-08-21,5207.7998
2003-08-22,5250.7002
2003-08-25,5172.2998
2003-08-26,5156.7002
2003-08-27,5180
2003-08-28,5201
2003-08-29,5124.2002
2003-09-01,5217.6001
2003-09-02,5185
2003-09-03,5291
2003-09-04,5298.7998
2003-09-05,5310.6001
2003-09-08,5336.2998
2003-09-09,5297.7998
2003-09-10,5306.2002
2003-09-11,5313.7998
2003-09-12,5307.7998
2003-09-15,5331.7002
2003-09-16,5371.3999
2003-09-17,5398.8999
2003-09-18,5422.6001
2003-09-19,5387.1001
2003-09-22,5257.2002
2003-09-23,5212.3999
2003-09-24,5230.7002
2003-09-25,5160.6001
2003-09-26,5131.2998
2003-09-29,5102.2998
2003-09-30,5043.5
2003-10-01,5061
2003-10-02,5077.8999
2003-10-03,5203.1001
2003-10-06,5161.5
2003-10-07,5123.7002
2003-10-08,5146.2002
2003-10-09,5217.7998
2003-10-10,5204.5
2003-10-13,5272.7998
2003-10-14,5254
2003-10-15,5262.5
2003-10-16,5262.8999
2003-10-17,5247.2998
2003-10-20,5260.1001
2003-10-21,5257.8999
2003-10-22,5176.6001
2003-10-23,5123
2003-10-24,5123.7002
2003-10-27,5157.6001
2003-10-28,5185.2002
2003-10-29,5177.5
2003-10-30,5223.2002
2003-10-31,5211.3999
2003-11-03,5319.6001
2003-11-04,5252.1001
2003-11-05,5203.2002
2003-11-06,5235.7002
2003-11-07,5299.6001
2003-11-10,5242.2002
2003-11-11,5260.2998
2003-11-12,5270.6001
2003-11-13,5325.8999
2003-11-14,5369.7998
2003-11-17,5274.7002
2003-11-18,5249.8999
2003-11-19,5197.6001
2003-11-20,5200.8999
2003-11-21,5206.2998
2003-11-24,5304.6001
2003-11-25,5309.1001
2003-11-26,5296
2003-11-27,5320.2002
2003-11-28,5317.5
2003-12-01,5374.8999
2003-12-02,5378.2002
2003-12-03,5440.7002
2003-12-04,5427
2003-12-05,5365.1001
2003-12-08,5360
2003-12-09,5392.3999
2003-12-10,5345.1001
2003-12-11,5403.1001
2003-12-12,5397.6001
2003-12-15,5427.1001
2003-12-16,5383.2998
2003-12-17,5356.5
2003-12-18,5415.7998
2003-12-19,5413.3999
2003-12-22,5387.7998
2003-12-23,5417.2002
2003-12-29,5445.2002
2003-12-30,5487.7998
2004-01-05,5582.7002
2004-01-06,5596.6001
2004-01-07,5583.3999
2004-01-08,5605.1001
2004-01-09,5574.7002
2004-01-12,5507.7002
2004-01-13,5559.1001
2004-01-14,5624.2998
2004-01-15,5631
2004-01-16,5694.5
2004-01-19,5698.3999
2004-01-20,5665.5
2004-01-21,5685.2002
2004-01-22,5721.3999
2004-01-23,5762.7002
2004-01-26,5748.5
2004-01-27,5790.6001
2004-01-28,5803.2998
2004-01-29,5768.2002
2004-01-30,5736.3999
2004-02-02,5788.2998
2004-02-03,5735
2004-02-04,5775.6001
2004-02-05,5758.2002
2004-02-06,5810.8999
2004-02-09,5869.7998
2004-02-10,5880
2004-02-11,5882.1001
2004-02-12,5846.7002
2004-02-13,5849.1001
2004-02-16,5858.2002
2004-02-17,5871.7002
2004-02-18,5828.7998
2004-02-19,5874.6001
2004-02-20,5856.5
2004-02-23,5880.2002
2004-02-24,5801.7998
2004-02-25,5811.5
2004-02-26,5797.3999
2004-02-27,5798.3999
2004-03-01,5830.7002
2004-03-02,5896.2998
2004-03-03,5872.2002
2004-03-04,5934.3999
2004-03-05,5895.7998
2004-03-08,5884.5
2004-03-09,5858.7998
2004-03-10,5877.1001
2004-03-11,5706.7002
2004-03-12,5700.5
2004-03-15,5620.2998
2004-03-16,5646.2002
2004-03-17,5692.2002
2004-03-18,5609.5
2004-03-19,5621.5
2004-03-22,5469
2004-03-23,5509.7998
2004-03-24,5504
2004-03-25,5592.2998
2004-03-26,5587
2004-03-29,5644.2002
2004-03-30,5623.1001
2004-03-31,5618.6001
2004-04-01,5716.7998
2004-04-02,5784.6001
2004-04-05,5815.2998
2004-04-06,5767.2998
2004-04-07,5771.1001
2004-04-08,5803.3999
2004-04-13,5804.5
2004-04-14,5761.2998
2004-04-15,5784.6001
2004-04-16,5769.8999
2004-04-19,5787.7998
2004-04-20,5829.2002
2004-04-21,5795.1001
2004-04-22,5789.6001
2004-04-23,5818.1001
2004-04-26,5881.2002
2004-04-27,5869.2998
2004-04-28,5792.8999
2004-04-29,5783.7998
2004-04-30,5774.3999
2004-05-03,5816.8999
2004-05-04,5829.7002
2004-05-05,5891.2002
2004-05-06,5832.3999
2004-05-07,5827.7002
2004-05-10,5641.7998
2004-05-11,5723.1001
2004-05-12,5644.8999
2004-05-13,5714.6001
2004-05-14,5685
2004-05-17,5607.8999
2004-05-18,5638.3999
2004-05-19,5710
2004-05-21,5645.1001
2004-05-24,5681.7998
2004-05-25,5646.8999
2004-05-26,5671.7002
2004-05-27,5705.7998
2004-05-28,5627.1001
2004-06-01,5589.5
2004-06-02,5631.7002
2004-06-03,5660.5
2004-06-04,5688.3999
2004-06-07,5744.2002
2004-06-08,5733.5
2004-06-09,5715.2002
2004-06-10,5680.5
2004-06-11,5690
2004-06-14,5633.6001
2004-06-15,5671.7002
2004-06-16,5710
2004-06-17,5706.2002
2004-06-18,5693.8999
2004-06-21,5716.5
2004-06-22,5658.3999
2004-06-23,5653.8999
2004-06-24,5674.5
2004-06-25,5681.5
2004-06-28,5706.2998
2004-06-29,5688.2998
2004-06-30,5619.1001
2004-07-01,5625.7002
2004-07-02,5606.7998
2004-07-05,5588.2002
2004-07-06,5549.8999
2004-07-07,5541.3999
2004-07-08,5578.7002
2004-07-09,5548.1001
2004-07-12,5532.7002
2004-07-13,5531.2998
2004-07-14,5548.2998
2004-07-15,5477.8999
2004-07-16,5461.2002
2004-07-19,5429.7002
2004-07-20,5498.2002
2004-07-21,5561.7002
2004-07-22,5476.8999
2004-07-23,5482
2004-07-26,5444
2004-07-27,5501.8999
2004-07-28,5514.7002
2004-07-29,5553.3999
2004-07-30,5547.2002
2004-08-02,5537.7998
2004-08-03,5588.6001
2004-08-04,5518.8999
2004-08-05,5515.2002
2004-08-06,5403.1001
2004-08-09,5358.6001
2004-08-10,5383
2004-08-11,5369.2998
2004-08-12,5356
2004-08-13,5309.7998
2004-08-16,5354.2002
2004-08-17,5378.3999
2004-08-18,5325.2002
2004-08-19,5351.8999
2004-08-20,5344.2002
2004-08-23,5394.2998
2004-08-24,5380.2002
2004-08-25,5374.7998
2004-08-26,5432.3999
2004-08-27,5463.8999
2004-08-30,5448.7998
2004-08-31,5421.7002
2004-09-01,5468
2004-09-02,5449.7998
2004-09-03,5502.5
2004-09-06,5542.3999
2004-09-07,5559.7998
2004-09-08,5556.5
2004-09-09,5522.2998
2004-09-10,5536.7998
2004-09-13,5573.2998
2004-09-14,5538.5
2004-09-15,5536.6001
2004-09-16,5525.7002
2004-09-17,5543.1001
2004-09-20,5548.5
2004-09-21,5602.7002
2004-09-22,5572.6001
2004-09-23,5511.2998
2004-09-24,5491.2998
2004-09-27,5446
2004-09-28,5499.7002
2004-09-29,5531.3999
2004-09-30,5465.2998
2004-10-01,5528.8999
2004-10-04,5600.8999
2004-10-05,5596.8999
2004-10-06,5593.8999
2004-10-07,5534.7002
2004-10-08,5503.7002
2004-10-11,5474.7002
2004-10-12,5443.6001
2004-10-13,5462.7998
2004-10-14,5402.6001
2004-10-15,5362.3999
2004-10-18,5365.3999
2004-10-19,5417.5
2004-10-20,5376.2998
2004-10-21,5400.8999
2004-10-22,5391.1001
2004-10-25,5309.7002
2004-10-26,5330
2004-10-27,5374.8999
2004-10-28,5414.2002
2004-10-29,5363.3999
2004-11-01,5422.2998
2004-11-02,5486.1001
2004-11-03,5539
2004-11-04,5549.8999
2004-11-05,5618.2998
2004-11-08,5602.5
2004-11-09,5573.2002
2004-11-10,5609.6001
2004-11-11,5649.7002
2004-11-12,5689.2002
2004-11-15,5674.2998
2004-11-16,5653.6001
2004-11-17,5681.5
2004-11-18,5673.7998
2004-11-19,5605
2004-11-22,5562.2002
2004-11-23,5525.7998
2004-11-24,5501.2002
2004-11-25,5545.7002
2004-11-26,5548.5
2004-11-29,5519.5
2004-11-30,5444.2002
2004-12-01,5509.2998
2004-12-02,5569.2998
2004-12-03,5555.2002
2004-12-06,5520.7002
2004-12-07,5561.1001
2004-12-08,5566.7002
2004-12-09,5557.7998
2004-12-10,5581.7998
2004-12-13,5624.8999
2004-12-14,5653
2004-12-15,5640.2998
2004-12-16,5650.5
2004-12-17,5603.3999
2004-12-20,5650.7002
2004-12-21,5640.7998
2004-12-22,5687.7002
2004-12-23,5695.2002
2004-12-27,5685.5
2004-12-28,5686.5
2004-12-29,5692.3999
2004-12-30,5693.2002
2005-01-03,5768.7002
2005-01-04,5775.5
2005-01-05,5725.5
2005-01-06,5742.3999
2005-01-07,5735.2002
2005-01-10,5731.7998
2005-01-11,5713.1001
2005-01-12,5669.6001
2005-01-13,5687.7998
2005-01-14,5730.1001
2005-01-17,5761.2998
2005-01-18,5739.3999
2005-01-19,5749.5
2005-01-20,5728.1001
2005-01-21,5738.1001
2005-01-24,5750.5
2005-01-25,5766.1001
2005-01-26,5768.3999
2005-01-27,5773.7002
2005-01-28,5750.7002
2005-01-31,5771.3999
2005-02-01,5797.8999
2005-02-02,5795.1001
2005-02-03,5816.8999
2005-02-04,5843.1001
2005-02-07,5870.7002
2005-02-08,5881.2002
2005-02-09,5866.5
2005-02-10,5871.2002
2005-02-11,5915.2998
2005-02-14,5913
2005-02-15,5916.8999
2005-02-16,5870.7998
2005-02-17,5882.8999
2005-02-18,5901.7002
2005-02-21,5928
2005-02-22,5911.5
2005-02-23,5867.2002
2005-02-24,5886.2002
2005-02-25,5936.2002
2005-02-28,5931.2998
2005-03-01,5975.4502
2005-03-02,6013.3599
2005-03-03,5998.8101
2005-03-04,6009.3398
2005-03-07,6014.5801
2005-03-08,5980.2002
2005-03-09,5965.4902
2005-03-10,5945.6699
2005-03-11,5971.9199
2005-03-14,5963
2005-03-15,6011.4502
2005-03-16,5944.75
2005-03-17,5929.0498
2005-03-18,5897.04
2005-03-21,5907.6802
2005-03-22,5915.6001
2005-03-23,5925.9702
2005-03-24,5935.4502
2005-03-29,5959.7598
2005-03-30,5932.9102
2005-03-31,5929.7002
2005-04-01,5950.8799
2005-04-04,5903.1699
2005-04-05,5947.4399
2005-04-06,6002.3799
2005-04-07,6023.71
2005-04-08,6016.5698
2005-04-11,6014.71
2005-04-12,5988.1401
2005-04-13,6012.3198
2005-04-14,6030.4702
2005-04-15,6018.9702
2005-04-18,5925.4199
2005-04-19,5977.8901
2005-04-20,5914.6602
2005-04-21,5902.9902
2005-04-22,5912.8501
2005-04-25,5899.9302
2005-04-26,5914.04
2005-04-27,5840.5498
2005-04-28,5850.1299
2005-04-29,5870.79
2005-05-02,5924.6401
2005-05-03,5933.7402
2005-05-04,6001.8501
2005-05-06,6027.1099
2005-05-09,6002.9302
2005-05-10,5917.5498
2005-05-11,5919.8501
2005-05-12,5948.73
2005-05-13,5943.0298
2005-05-17,5945.1099
2005-05-18,5996.9399
2005-05-19,6017.8398
2005-05-20,6023.1099
2005-05-23,6038.6299
2005-05-24,6079.98
2005-05-25,6095.1299
2005-05-26,6138.21
2005-05-27,6160.75
2005-05-30,6158.7202
2005-05-31,6127.2002
2005-06-01,6210.3101
2005-06-02,6228.7402
2005-06-03,6210.27
2005-06-06,6186.0498
2005-06-07,6237.3501
2005-06-08,6236.6899
2005-06-09,6244.6899
2005-06-10,6239.3799
2005-06-13,6266.1602
2005-06-14,6268.4199
2005-06-15,6257.1401
2005-06-16,6257.77
2005-06-17,6263.4702
2005-06-20,6236.79
2005-06-21,6294.1499
2005-06-22,6286.8999
2005-06-23,6273.6899
2005-06-24,6223.1899
2005-06-27,6191.0898
2005-06-28,6208.5601
2005-06-29,6261.2402
2005-06-30,6253.0801
2005-07-01,6279.7798
2005-07-04,6283.5698
2005-07-05,6282.7798
2005-07-06,6308.9902
2005-07-07,6250.5698
2005-07-08,6312.1602
2005-07-11,6357.21
2005-07-12,6328.6899
2005-07-13,6393.8398
2005-07-14,6449.1802
2005-07-15,6459.9102
2005-07-18,6464.5298
2005-07-19,6482.1401
2005-07-20,6510.6699
2005-07-21,6492
2005-07-22,6492.52
2005-07-25,6503.9399
2005-07-26,6521.02
2005-07-27,6560.1201
2005-07-28,6612.3701
2005-07-29,6600.8799
2005-08-02,6672.1602
2005-08-03,6658.1201
2005-08-04,6617.25
2005-08-05,6607.6899
2005-08-08,6634.3398
2005-08-09,6638.8501
2005-08-10,6689.1602
2005-08-11,6680.54
2005-08-12,6647.5498
2005-08-15,6636.3799
2005-08-16,6634.6499
2005-08-17,6631.3501
2005-08-18,6596.4199
2005-08-19,6636.5801
2005-08-22,6623.29
2005-08-23,6565.3198
2005-08-24,6537
2005-08-25,6484.96
2005-08-26,6445.3599
2005-08-29,6463.6699
2005-08-30,6473.2202
2005-08-31,6517.21
2005-09-01,6553.5898
2005-09-02,6532.0698
2005-09-05,6543.3999
2005-09-06,6609.75
2005-09-07,6684.6899
2005-09-08,6681.6699
2005-09-09,6703.6201
2005-09-12,6727.23
2005-09-13,6696.3799
2005-09-14,6731.5801
2005-09-15,6752.8398
2005-09-16,6810.2998
2005-09-19,6804.0698
2005-09-20,6835.6802
2005-09-21,6761.02
2005-09-22,6735.75
2005-09-23,6785.5298
2005-09-26,6852.1802
2005-09-27,6852.0098
2005-09-28,6904.8398
2005-09-29,6860.3701
2005-09-30,6898.8799
2005-10-03,7005.6401
2005-10-04,7042.2598
2005-10-05,7026.3599
2005-10-06,6939.21
2005-10-07,6946.9502
2005-10-10,6950.8599
2005-10-11,6965.6699
2005-10-12,6918.9702
2005-10-13,6868.1099
2005-10-14,6871.1699
2005-10-17,6883.4199
2005-10-18,6946
2005-10-19,6820.4302
2005-10-20,6885.3999
2005-10-21,6851.6099
2005-10-24,6911.7798
2005-10-25,6939.7202
2005-10-26,6972.3501
2005-10-27,6919.6001
2005-10-28,6874.8999
2005-10-31,7039.23
2005-11-01,7100.6299
2005-11-02,7117.3901
2005-11-03,7211.0498
2005-11-04,7211.0498
2005-11-07,7253.6699
2005-11-08,7257.48
2005-11-09,7238.48
2005-11-10,7243.1401
2005-11-11,7351.3198
2005-11-14,7313.0098
2005-11-15,7322.7202
2005-11-16,7268.5
2005-11-17,7329.9302
2005-11-18,7431.3799
2005-11-21,7452.2998
2005-11-22,7467.73
2005-11-23,7495.1499
2005-11-24,7473.8501
2005-11-25,7498.7002
2005-11-28,7427.48
2005-11-29,7440.7002
2005-11-30,7407.52
2005-12-01,7536.9399
2005-12-02,7589.2598
2005-12-05,7584.8101
2005-12-06,7611.96
2005-12-07,7588.8101
2005-12-08,7560.02
2005-12-09,7567.3999
2005-12-12,7567.5098
2005-12-13,7577.3901
2005-12-14,7516.3301
2005-12-15,7457.96
2005-12-16,7491.0298
2005-12-19,7532.8901
2005-12-20,7516.6899
2005-12-21,7547.54
2005-12-22,7515.23
2005-12-23,7497.8398
2005-12-27,7548.7998
2005-12-28,7559.1299
2005-12-29,7619.96
2005-12-30,7583.9302
2006-01-03,7628.5601
2006-01-04,7723.71
2006-01-05,7703.3198
2006-01-06,7718.4702
2006-01-09,7715.5898
2006-01-10,7663.73
2006-01-11,7752.0601
2006-01-12,7798.1001
2006-01-13,7802.5
2006-01-16,7835.6699
2006-01-17,7785.6299
2006-01-18,7726.4502
2006-01-19,7771.6099
2006-01-20,7697.5298
2006-01-23,7702.6602
2006-01-24,7692.5601
2006-01-25,7682.6899
2006-01-26,7749.4102
2006-01-27,7779.4302
2006-01-30,7789.3198
2006-01-31,7810.8799
2006-02-01,7836.1699
2006-02-02,7785.9399
2006-02-03,7840.79
2006-02-06,7839.6099
2006-02-07,7837.3398
2006-02-08,7831.8999
2006-02-09,7873.6099
2006-02-10,7861.5698
2006-02-13,7889.2798
2006-02-14,7882.4302
2006-02-15,7797.2002
2006-02-16,7906.5801
2006-02-17,7917.1201
2006-02-20,7950.2202
2006-02-21,8002.5601
2006-02-22,8040.5098
2006-02-23,7983.75
2006-02-24,7954.3301
2006-02-27,7995.0498
2006-02-28,7892.6299
2006-03-01,7980.3599
2006-03-02,7926.2202
2006-03-03,7915.98
2006-03-06,7917.1802
2006-03-07,7864.2598
2006-03-08,7831.52
2006-03-09,7860.6802
2006-03-10,7970.6401
2006-03-13,8035.4399
2006-03-14,8034.2202
2006-03-15,8012.5698
2006-03-16,8017.96
2006-03-17,8047.1201
2006-03-20,8059.4199
2006-03-21,8056.6401
2006-03-22,8064.02
2006-03-23,8024.1001
2006-03-24,8045.0801
2006-03-27,7980.9399
2006-03-28,7972.9102
2006-03-29,7983.4102
2006-03-30,8035.27
2006-03-31,8023.2998
2006-04-03,8078.52
2006-04-04,8051.6201
2006-04-05,8090.54
2006-04-06,8102.3398
2006-04-07,8105.1899
2006-04-10,8109.3101
2006-04-11,8029.0601
2006-04-12,7976.5698
2006-04-13,8007.3398
2006-04-18,7961.3501
2006-04-19,8050.8599
2006-04-20,8056.98
2006-04-21,8093.4702
2006-04-24,8076.25
2006-04-25,8041.02
2006-04-26,8071.1001
2006-04-27,8080.1201
2006-04-28,8047.29
2006-05-02,8074.6802
2006-05-03,7964.6499
2006-05-04,7965.4302
2006-05-05,8058.0601
2006-05-08,8103.6201
2006-05-09,8122.0801
2006-05-10,8112.8701
2006-05-11,8097.27
2006-05-12,7954.1001
2006-05-15,7853.9399
2006-05-16,7887.0898
2006-05-17,7658.52
2006-05-18,7602.2998
2006-05-19,7614.25
2006-05-22,7430.21
2006-05-23,7572.4702
2006-05-24,7481.3301
2006-05-26,7679.4702
2006-05-29,7688.1499
2006-05-30,7533.3101
2006-05-31,7604.3999
2006-06-01,7617.3301
2006-06-02,7665.0801
2006-06-06,7497.02
2006-06-07,7549.79
2006-06-08,7344.2798
2006-06-09,7434.5698
2006-06-12,7332.6899
2006-06-13,7154.8599
2006-06-14,7171.0298
2006-06-15,7324.3999
2006-06-16,7294.5498
2006-06-19,7363.9902
2006-06-20,7397.9199
2006-06-21,7427.1499
2006-06-22,7483.3301
2006-06-23,7485.7998
2006-06-26,7463.6299
2006-06-27,7406.8301
2006-06-28,7431.8999
2006-06-29,7541.0801
2006-06-30,7652.1001
2006-07-03,7720.6802
2006-07-04,7727.7998
2006-07-05,7659.1699
2006-07-06,7704.6401
2006-07-07,7655.21
2006-07-10,7704.3599
2006-07-11,7669.3901
2006-07-12,7706.9502
2006-07-13,7587.96
2006-07-14,7506.7798
2006-07-17,7501.3398
2006-07-18,7461.3398
2006-07-19,7603.5698
2006-07-20,7659.5698
2006-07-21,7618.1401
2006-07-24,7780.2798
2006-07-25,7784.7998
2006-07-26,7815.1299
2006-07-27,7856.48
2006-07-28,7946.5
2006-07-31,7941.8301
2006-08-02,7905.1899
2006-08-03,7810.04
2006-08-04,7891.0298
2006-08-07,7790.8398
2006-08-08,7793.2598
2006-08-09,7882.9302
2006-08-10,7844.23
2006-08-11,7858.5698
2006-08-14,7925.1001
2006-08-15,8055.3198
2006-08-16,8089.71
2006-08-17,8112.7598
2006-08-18,8084.1802
2006-08-21,8057.5898
2006-08-22,8080.6201
2006-08-23,8078.6602
2006-08-24,8098.9702
2006-08-25,8102.5
2006-08-28,8118.6401
2006-08-29,8165.5801
2006-08-30,8183.4302
2006-08-31,8167.96
2006-09-01,8189.1001
2006-09-04,8230.1504
2006-09-05,8226.2197
2006-09-06,8172.7798
2006-09-07,8126.1099
2006-09-08,8167.04
2006-09-11,8094.0698
2006-09-12,8195.1396
2006-09-13,8215.71
2006-09-14,8181.8101
2006-09-15,8229.2695
2006-09-18,8257.75
2006-09-19,8232.1396
2006-09-20,8342.3701
2006-09-21,8373.6104
2006-09-22,8294.4805
2006-09-25,8270.5195
2006-09-26,8382.75
2006-09-27,8413.0703
2006-09-28,8416.6797
2006-09-29,8425.9102
2006-10-02,8381.1504
2006-10-03,8390.2197
2006-10-04,8448.9102
2006-10-05,8511.0498
2006-10-06,8521.2402
2006-10-09,8548.9102
2006-10-10,8627.2002
2006-10-11,8638
2006-10-12,8673.7305
2006-10-13,8651.1396
2006-10-16,8632.0703
2006-10-17,8535.2598
2006-10-18,8620.2305
2006-10-19,8620.6797
2006-10-20,8643.0195
2006-10-23,8697.5898
2006-10-24,8662.6504
2006-10-25,8682.4902
2006-10-26,8673.7803
2006-10-27,8695.3799
2006-10-30,8652.3604
2006-10-31,8569.7197
2006-11-01,8613
2006-11-02,8645.7197
2006-11-03,8698.4902
2006-11-06,8798.46
2006-11-07,8835.6299
2006-11-08,8776.7197
2006-11-09,8764.2305
2006-11-10,8735.8203
2006-11-13,8752.0996
2006-11-14,8733.8203
2006-11-15,8791.1699
2006-11-16,8789.3799
2006-11-17,8745.8203
2006-11-20,8760.04
2006-11-21,8774.5801
2006-11-22,8778.54
2006-11-23,8751.2998
2006-11-24,8641.5195
2006-11-27,8517.3496
2006-11-28,8462.1797
2006-11-29,8569.9199
2006-11-30,8484.5703
2006-12-01,8420.3301
2006-12-04,8479.3896
2006-12-05,8452.0703
2006-12-06,8509.8701
2006-12-07,8570.9102
2006-12-08,8540.8701
2006-12-11,8594.04
2006-12-12,8670.0703
2006-12-13,8678.54
2006-12-14,8776.6396
2006-12-15,8786.8896
2006-12-18,8824.3096
2006-12-19,8763.0801
2006-12-20,8770.7803
2006-12-21,8775.4199
2006-12-22,8726.6699
2006-12-27,8822.1904
2006-12-28,8803.2598
2006-12-29,8785.7402
2007-01-03,8920.1699
2007-01-04,8925.21
2007-01-05,8900.1699
2007-01-08,8850.25
2007-01-09,8874
2007-01-10,8861.5996
2007-01-11,8987.9102
2007-01-12,9032.8096
2007-01-15,9101.6504
2007-01-16,9073
2007-01-17,9104.5996
2007-01-18,9099.3496
2007-01-19,9155.1201
2007-01-22,9102.1504
2007-01-23,9105.5
2007-01-24,9153.0996
2007-01-25,9134.0996
2007-01-26,9041.0996
2007-01-29,9110.7598
2007-01-30,9147
2007-01-31,9135.1104
2007-02-01,9217.8701
2007-02-02,9260.4902
2007-02-05,9257.9404
2007-02-06,9266.1602
2007-02-07,9288.2002
2007-02-08,9229.3301
2007-02-09,9292.0596
2007-02-12,9261.5801
2007-02-13,9240.0098
2007-02-14,9299.2197
2007-02-15,9305.3896
2007-02-16,9336.3398
2007-02-19,9345.6201
2007-02-20,9315.3496
2007-02-21,9207.0898
2007-02-22,9251.7998
2007-02-23,9258.0498
2007-02-26,9223.0303
2007-02-27,8909.7998
2007-02-28,8789.7002
2007-03-01,8781.9102
2007-03-02,8798.71
2007-03-05,8676.8604
2007-03-06,8775.5996
2007-03-07,8878.4297
2007-03-08,8955.7002
2007-03-09,8933.8701
2007-03-12,8899.4004
2007-03-13,8830.7305
2007-03-14,8577.6602
2007-03-15,8706.7803
2007-03-16,8717.6299
2007-03-19,8841.7002
2007-03-20,8881.5703
2007-03-21,8942.1602
2007-03-22,9074.25
2007-03-23,9089.8496
2007-03-26,9006.0303
2007-03-27,8966.29
2007-03-28,8868.9297
2007-03-29,8977.4502
2007-03-30,8976.9902
2007-04-02,8956.3096
2007-04-03,9053.9502
2007-04-04,9057.6201
2007-04-05,9099.0801
2007-04-10,9150.6504
2007-04-11,9136.0898
2007-04-12,9110.0596
2007-04-13,9179.9199
2007-04-16,9269.9004
2007-04-17,9228
2007-04-18,9278.5303
2007-04-19,9256.79
2007-04-20,9399.75
2007-04-23,9438.0703
2007-04-24,9387.54
2007-04-25,9429.2598
2007-04-26,9481.25
2007-04-27,9419.9004
2007-04-30,9428.2695
2007-05-02,9444.9502
2007-05-03,9393.0498
2007-05-04,9455.4697
2007-05-07,9455.54
2007-05-08,9377.0801
2007-05-09,9427.6904
2007-05-10,9367.2998
2007-05-11,9408.25
2007-05-14,9387.29
2007-05-15,9391.0303
2007-05-16,9357.5303
2007-05-18,9424.6904
2007-05-21,9405.2695
2007-05-22,9361.0703
2007-05-23,9438.7695
2007-05-24,9357.0195
2007-05-25,9381.3398
2007-05-29,9396.0098
2007-05-30,9382.7695
2007-05-31,9450.8496
2007-06-01,9531.46
2007-06-04,9487.5
2007-06-05,9408.2197
2007-06-06,9277.4902
2007-06-07,9152.0801
2007-06-08,9150.6904
2007-06-11,9223.04
2007-06-12,9180.9697
2007-06-13,9146.0703
2007-06-14,9292.2998
2007-06-15,9395.75
2007-06-18,9365.7305
2007-06-19,9333.4004
2007-06-20,9347.2803
2007-06-21,9230.2695
2007-06-22,9166.4902
2007-06-25,9141.2305
2007-06-26,9073.3301
2007-06-27,9025.8203
2007-06-28,9138.9102
2007-06-29,9209.3604
2007-07-02,9192.5801
2007-07-03,9240.3096
2007-07-04,9294.5098
2007-07-05,9219.3701
2007-07-06,9263.9697
2007-07-09,9296.4297
2007-07-10,9248.3799
2007-07-11,9214.3896
2007-07-12,9248.5098
2007-07-13,9261.7402
2007-07-16,9299.7998
2007-07-17,9219.3203
2007-07-18,9074.0703
2007-07-19,9189.3096
2007-07-20,9105.46
2007-07-23,9117.4502
2007-07-24,9047.6797
2007-07-25,8922.71
2007-07-26,8706.4004
2007-07-27,8705.5703
2007-07-30,8705.1104
2007-07-31,8885.04
2007-08-02,8775.6797
2007-08-03,8671.4297
2007-08-06,8639.8799
2007-08-07,8746.9697
2007-08-08,8964.1797
2007-08-09,8805.3203
2007-08-10,8565.5195
2007-08-13,8687.4502
2007-08-14,8549.3301
2007-08-15,8661.5898
2007-08-16,8422.2803
2007-08-17,8543.0303
2007-08-20,8594.3301
2007-08-21,8603.21
2007-08-22,8714.5898
2007-08-23,8738.5
2007-08-24,8775.9004
2007-08-27,8846.2002
2007-08-28,8714.6904
2007-08-29,8727.7803
2007-08-30,8776.7305
2007-08-31,8881.46
2007-09-03,8877.7998
2007-09-04,8966.3496
2007-09-05,8843.0703
2007-09-06,8830.0996
2007-09-07,8676.1299
2007-09-10,8612.4805
2007-09-11,8717.1602
2007-09-12,8783.96
2007-09-13,8878.0498
2007-09-14,8772.5801
2007-09-17,8685.75
2007-09-18,8775.9404
2007-09-19,9006.7598
2007-09-20,8896.7197
2007-09-21,8897.3398
2007-09-24,8906.1299
2007-09-25,8829.1504
2007-09-26,8859.71
2007-09-27,8885.9502
2007-09-28,8933.4805
2007-10-01,9022.5498
2007-10-02,9073.9902
2007-10-03,9088.7002
2007-10-04,9053.3604
2007-10-05,9075.3496
2007-10-08,9097.04
2007-10-09,9137.8203
2007-10-10,9182.2998
2007-10-11,9218.2803
2007-10-12,9197.4805
2007-10-15,9179.4902
2007-10-16,9062.7305
2007-10-17,9071.8096
2007-10-18,9027.4805
2007-10-19,8937.2002
2007-10-22,8845.3896
2007-10-23,8903.2305
2007-10-24,8851.0195
2007-10-25,8917.4502
2007-10-26,8962.9199
2007-10-29,9007.2695
2007-10-30,8939.21
2007-10-31,9019.5703
2007-11-01,8891.4697
2007-11-02,8770.3896
2007-11-05,8707.75
2007-11-06,8770.29
2007-11-07,8703.1699
2007-11-08,8605.2305
2007-11-09,8417.1504
2007-11-12,8442.04
2007-11-13,8500.6396
2007-11-14,8631.04
2007-11-15,8593.6504
2007-11-16,8478.7998
2007-11-19,8270.8799
2007-11-20,8338.9502
2007-11-21,8125.4199
2007-11-22,8227.1104
2007-11-23,8371.8301
2007-11-26,8361.1602
2007-11-27,8431.0996
2007-11-28,8650.8203
2007-11-29,8734.4697
2007-11-30,8828.3604
2007-12-03,8706.2197
2007-12-04,8645.04
2007-12-05,8758.1904
2007-12-06,8741.7402
2007-12-07,8799.6504
2007-12-10,8896.8203
2007-12-11,8855.8604
2007-12-12,8852.3301
2007-12-13,8658.3604
2007-12-14,8675.8604
2007-12-17,8544.5898
2007-12-18,8467.0703
2007-12-19,8394.96
2007-12-20,8402.8398
2007-12-21,8468.3701
2007-12-27,8518.1904
2007-12-28,8484.46
2008-01-03,8318.8203
2008-01-04,8129.98
2008-01-07,8110.5698
2008-01-08,8316.3896
2008-01-09,8339.8096
2008-01-10,8290.7803
2008-01-11,8159.6802
2008-01-14,8193.3604
2008-01-15,7973.9199
2008-01-16,7847.52
2008-01-17,7788.0601
2008-01-18,7691.98
2008-01-21,7287.1401
2008-01-22,7487.9199
2008-01-23,7356.1299
2008-01-24,7690.9702
2008-01-25,7686.8799
2008-01-28,7581.73
2008-01-29,7704.3901
2008-01-30,7671.8101
2008-01-31,7670.4399
2008-02-01,7815.98
2008-02-04,7751.7002
2008-02-05,7517.4102
2008-02-06,7565.4502
2008-02-07,7420.0098
2008-02-08,7446.9502
2008-02-11,7347.5
2008-02-12,7546.8901
2008-02-13,7536.4502
2008-02-14,7501.9902
2008-02-15,7353
2008-02-18,7486.71
2008-02-19,7462.73
2008-02-20,7381.5801
2008-02-21,7486.1499
2008-02-22,7454.75
2008-02-25,7615.79
2008-02-26,7743.1699
2008-02-27,7782.5498
2008-02-28,7662.9502
2008-02-29,7533.8599
2008-03-03,7403.8799
2008-03-04,7275.9502
2008-03-05,7352.6602
2008-03-06,7269.8701
2008-03-07,7174.1499
2008-03-10,7055.0098
2008-03-11,7143.0098
2008-03-12,7245.04
2008-03-13,7251.73
2008-03-14,7132.0298
2008-03-17,6774.2598
2008-03-18,7013.8701
2008-03-19,7072.9902
2008-03-20,7009.8599
2008-03-25,7234.4199
2008-03-26,7184.5498
2008-03-27,7264.96
2008-03-28,7239.3501
2008-03-31,7224.3101
2008-04-01,7494.2998
2008-04-02,7596.6499
2008-04-03,7516.23
2008-04-04,7573.4902
2008-04-07,7639.2998
2008-04-08,7568.1401
2008-04-09,7403.0801
2008-04-10,7312.6499
2008-04-11,7258.96
2008-04-14,7139.5498
2008-04-15,7187.4199
2008-04-16,7250.7002
2008-04-17,7173.6299
2008-04-18,7418.02
2008-04-21,7394.9399
2008-04-22,7328.8501
2008-04-23,7324.5
2008-04-24,7460.52
2008-04-25,7509.48
2008-04-28,7550.1401
2008-04-29,7462
2008-04-30,7529
2008-05-02,7665.7998
2008-05-05,7658.2598
2008-05-06,7543.6699
2008-05-07,7639.1602
2008-05-08,7586.1499
2008-05-09,7483.9702
2008-05-13,7578.3198
2008-05-14,7594.6099
2008-05-15,7683.4302
2008-05-16,7653.71
2008-05-19,7778.9302
2008-05-20,7626.5801
2008-05-21,7574.27
2008-05-22,7578.0298
2008-05-23,7459.9399
2008-05-26,7363.8999
2008-05-27,7417.9702
2008-05-28,7474.5
2008-05-29,7541.7598
2008-05-30,7511.29
2008-06-02,7555.7002
2008-06-03,7590.4399
2008-06-04,7514.48
2008-06-05,7567.23
2008-06-06,7386.4199
2008-06-09,7325.8999
2008-06-10,7284.21
2008-06-11,7167.2998
2008-06-12,7222.79
2008-06-13,7261.3701
2008-06-16,7238.27
2008-06-17,7251.4199
2008-06-18,7182.5601
2008-06-19,7158.9399
2008-06-20,7069.4399
2008-06-23,7026.9199
2008-06-24,7026.0801
2008-06-25,7081.3701
2008-06-26,6949.73
2008-06-27,6861.54
2008-06-30,6958.5098
2008-07-01,6849.6699
2008-07-02,6843.75
2008-07-03,6844.0601
2008-07-04,6772.7402
2008-07-07,6815.73
2008-07-08,6788.1299
2008-07-09,6921.4399
2008-07-10,6803.0698
2008-07-11,6638.8901
2008-07-14,6675.2598
2008-07-15,6561.98
2008-07-16,6583.4902
2008-07-17,6739.1602
2008-07-18,6827.3101
2008-07-21,6858.2202
2008-07-22,6922.25
2008-07-23,7058.2402
2008-07-24,7056.9302
2008-07-25,7015.0298
2008-07-28,6968.9302
2008-07-29,6993.2998
2008-07-30,7108.9102
2008-07-31,7141.21
2008-08-04,7078.2202
2008-08-05,7190.7798
2008-08-06,7209.3398
2008-08-07,7182.0698
2008-08-08,7262.1001
2008-08-11,7337.73
2008-08-12,7301.8398
2008-08-13,7193.5
2008-08-14,7206.46
2008-08-15,7235.9302
2008-08-18,7231.3999
2008-08-19,7115.1802
2008-08-20,7100.0098
2008-08-21,7000.5298
2008-08-22,7094.1201
2008-08-25,7062.5801
2008-08-26,7093.7202
2008-08-27,7086.6401
2008-08-28,7190.3999
2008-08-29,7238.7402
2008-09-01,7227.75
2008-09-02,7298.5898
2008-09-03,7256.6299
2008-09-04,7084.6499
2008-09-05,6976.5898
2008-09-08,7177.4199
2008-09-09,7189.4502
2008-09-10,7121.4302
2008-09-11,7071.25
2008-09-12,7215.5
2008-09-15,6939.1099
2008-09-16,6732.9302
2008-09-17,6654.3301
2008-09-18,6623.25
2008-09-19,7025.1699
2008-09-22,6887.3901
2008-09-23,6805.5298
2008-09-24,6780.3398
2008-09-25,6945.4902
2008-09-26,6815.52
2008-09-29,6500.1299
2008-09-30,6654.8901
2008-10-01,6727.6299
2008-10-02,6730.9399
2008-10-03,6879.8198
2008-10-06,6458.7202
2008-10-07,6427.7598
2008-10-08,6073.4502
2008-10-09,5798.8398
2008-10-10,5347.2202
2008-10-13,5956.3198
2008-10-14,6260.2202
2008-10-15,5911.1699
2008-10-16,5718.5298
2008-10-17,6099.6201
2008-10-20,6216.46
2008-10-21,6185.48
2008-10-22,5925.46
2008-10-23,5893.73
2008-10-24,5675.0898
2008-10-27,5500.9399
2008-10-28,5538.54
2008-10-29,5880.5698
2008-10-30,5842.3398
2008-10-31,6153.21
2008-11-03,6233.8799
2008-11-04,6399.98
2008-11-05,6177.1499
2008-11-06,5924.8999
2008-11-07,6008.1602
2008-11-10,6090.6201
2008-11-11,5880.79
2008-11-12,5702.8599
2008-11-13,5740
2008-11-14,5834.75
2008-11-17,5646.4302
2008-11-18,5675.5801
2008-11-19,5524.0601
2008-11-20,5306.1001
2008-11-21,5144.02
2008-11-24,5466.3999
2008-11-25,5478.3901
2008-11-26,5498.5601
2008-11-27,5640.7998
2008-11-28,5816.6001
2008-12-01,5527.5801
2008-12-02,5537.5898
2008-12-03,5604.23
2008-12-04,5649.1401
2008-12-05,5530.8398
2008-12-08,5818.8198
2008-12-09,5845.5601
2008-12-10,5751.9102
2008-12-11,5729.8501
2008-12-12,5636.1699
2008-12-15,5526.54
2008-12-16,5567.1401
2008-12-17,5548.2002
2008-12-18,5515.0498
2008-12-19,5459.8599
2008-12-22,5419.52
2008-12-23,5399.5801
2008-12-29,5464.96
2008-12-30,5534.5298
2009-01-05,5756.0898
2009-01-06,5799.3101
2009-01-07,5761.6899
2009-01-08,5751.0698
2009-01-09,5697.2402
2009-01-12,5591.79
2009-01-13,5534.3301
2009-01-14,5378.8101
2009-01-15,5382.4399
2009-01-16,5435.54
2009-01-19,5381.3701
2009-01-20,5321
2009-01-21,5304.1699
2009-01-22,5329.4399
2009-01-23,5306.9102
2009-01-26,5417.0698
2009-01-27,5348.9102
2009-01-28,5417.9302
2009-01-29,5272.8999
2009-01-30,5290.0498
2009-02-02,5166.96
2009-02-03,5217.6099
2009-02-04,5225.46
2009-02-05,5106.8501
2009-02-06,5123.0898
2009-02-09,5158.5
2009-02-10,5144.6899
2009-02-11,5123.77
2009-02-12,5106.6699
2009-02-13,5126.8398
2009-02-16,5077.6201
2009-02-17,4941.3101
2009-02-18,4955.4702
2009-02-19,4990.52
2009-02-20,4851.21
2009-02-23,4797.1201
2009-02-24,4723.02
2009-02-25,4702.5
2009-02-26,4770.7798
2009-02-27,4690.6699
2009-03-02,4438.27
2009-03-03,4358
2009-03-04,4463.6699
2009-03-05,4390.1802
2009-03-06,4311.6099
2009-03-09,4307.6699
2009-03-10,4512.5498
2009-03-11,4576.9702
2009-03-12,4645.7798
2009-03-13,4726.7402
2009-03-16,4816.4302
2009-03-17,4813.7798
2009-03-18,4783.3198
2009-03-19,4794.6299
2009-03-20,4787.1699
2009-03-23,4931.0698
2009-03-24,4923.6602
2009-03-25,4970.3799
2009-03-26,4966.7402
2009-03-27,4872.3301
2009-03-30,4745.7598
2009-03-31,4927.4302
2009-04-01,5014.8999
2009-04-02,5178.5298
2009-04-03,5042.9902
2009-04-06,5002.0801
2009-04-07,4974.2002
2009-04-08,4999.7998
2009-04-09,5070.6001
2009-04-14,5099.3198
2009-04-15,5065.4302
2009-04-16,5163.9502
2009-04-17,5192.6299
2009-04-20,5065.1802
2009-04-21,5071.0801
2009-04-22,5063.7002
2009-04-23,5023.8999
2009-04-24,5113.0498
2009-04-27,5175.9702
2009-04-28,5109.0898
2009-04-29,5152.7202
2009-04-30,5225.9199
2009-05-04,5318.3398
2009-05-05,5280.9302
2009-05-06,5319.2598
2009-05-07,5325.6299
2009-05-08,5391.0098
2009-05-11,5358.9399
2009-05-12,5346.0298
2009-05-13,5277.3701
2009-05-14,5360
2009-05-15,5350.6699
2009-05-18,5435.1201
2009-05-19,5498.7998
2009-05-20,5509.27
2009-05-22,5409.2598
2009-05-25,5446.2402
2009-05-26,5431.27
2009-05-27,5419.4199
2009-05-28,5350.5898
2009-05-29,5349.7402
2009-06-02,5432.2202
2009-06-03,5384.71
2009-06-04,5422.21
2009-06-05,5398.8999
2009-06-08,5391.7202
2009-06-09,5388.6699
2009-06-10,5436.3901
2009-06-11,5483.8501
2009-06-12,5521.8398
2009-06-15,5400.1499
2009-06-16,5377.1001
2009-06-17,5302.29
2009-06-18,5376.8398
2009-06-19,5421.5898
2009-06-22,5310.3701
2009-06-23,5321.3101
2009-06-24,5443.4199
2009-06-25,5361.2998
2009-06-26,5375.9902
2009-06-29,5443.4502
2009-06-30,5403.9702
2009-07-01,5472.9399
2009-07-02,5355.23
2009-07-03,5338.5098
2009-07-06,5354.1499
2009-07-07,5329.2002
2009-07-08,5289.3901
2009-07-09,5305.3901
2009-07-10,5237.8101
2009-07-13,5315.29
2009-07-14,5365.0498
2009-07-15,5473.3301
2009-07-16,5538.5698
2009-07-17,5594.1401
2009-07-20,5627.9302
2009-07-21,5636.1899
2009-07-22,5637.02
2009-07-23,5765.5098
2009-07-24,5760.8999
2009-07-27,5774.8901
2009-07-28,5762.7998
2009-07-29,5787.1899
2009-07-30,5932.6201
2009-07-31,5950.6899
2009-08-03,5967.4302
2009-08-04,5939.7798
2009-08-05,5911.9102
2009-08-06,5968.0801
2009-08-07,6026.3999
2009-08-10,6007.5498
2009-08-11,5949.98
2009-08-12,5962.4902
2009-08-13,5986.7202
2009-08-14,5985.2998
2009-08-17,5883.7002
2009-08-18,5953.75
2009-08-19,5980.79
2009-08-20,6032.0498
2009-08-21,6139.7998
2009-08-24,6194.3901
2009-08-25,6200.8501
2009-08-26,6176.9702
2009-08-27,6169.1899
2009-08-28,6211.5801
2009-08-31,6217.1201
2009-09-01,6128.1699
2009-09-02,6089.2402
2009-09-03,6073.7202
2009-09-04,6119.0698
2009-09-07,6181.9702
2009-09-08,6194.7202
2009-09-09,6202.04
2009-09-10,6208.4302
2009-09-11,6232.9902
2009-09-14,6225.6401
2009-09-15,6213.1899
2009-09-16,6299.9102
2009-09-17,6317.7202
2009-09-18,6325.1499
2009-09-21,6306.23
2009-09-22,6340.7202
2009-09-23,6349.8301
2009-09-24,6275.4399
2009-09-25,6236.9102
2009-09-28,6289.27
2009-09-29,6316.7202
2009-09-30,6323.1802
2009-10-01,6255.1699
2009-10-02,6150.1699
2009-10-05,6162.8999
2009-10-06,6277.1602
2009-10-07,6260.1499
2009-10-08,6305.7998
2009-10-09,6291.6401
2009-10-12,6377.7798
2009-10-13,6321.2598
2009-10-14,6405.9199
2009-10-15,6383.1899
2009-10-16,6345.2598
2009-10-19,6436.3701
2009-10-20,6427.29
2009-10-21,6434.6602
2009-10-22,6405.9102
2009-10-23,6378.0601
2009-10-26,6303.3501
2009-10-27,6367.9702
2009-10-28,6279.9399
2009-10-29,6351.27
2009-10-30,6285.7598
2009-11-02,6291.2202
2009-11-03,6213.3501
2009-11-04,6267.1099
2009-11-05,6285.2002
2009-11-06,6293.6099
2009-11-09,6385.1401
2009-11-10,6369.1001
2009-11-11,6374.7002
2009-11-12,6355.7598
2009-11-13,6351.0801
2009-11-16,6422.8101
2009-11-17,6376.3999
2009-11-18,6368.9702
2009-11-19,6286.8101
2009-11-20,6277.46
2009-11-23,6410.2402
2009-11-24,6397.5298
2009-11-25,6422.2002
2009-11-26,6283.3799
2009-11-27,6336.6602
2009-11-30,6260.9502
2009-12-01,6372.0801
2009-12-02,6386.54
2009-12-03,6444.0801
2009-12-04,6501.1602
2009-12-07,6470.6099
2009-12-08,6399.7402
2009-12-09,6351.71
2009-12-10,6410.6401
2009-12-11,6411.5801
2009-12-14,6433.0898
2009-12-15,6439.3999
2009-12-16,6532.3198
2009-12-17,6489.23
2009-12-18,6464.3198
2009-12-21,6504.4399
2009-12-22,6582.8999
2009-12-23,6579.98
2009-12-28,6591.0098
2009-12-29,6608.52
2009-12-30,6545.9102
2010-01-04,6631.4399
2010-01-05,6579.2598
2010-01-06,6559.4102
2010-01-07,6555.3599
2010-01-08,6617.8799
2010-01-11,6592.2598
2010-01-12,6541.8999
2010-01-13,6554.5498
2010-01-14,6627.4199
2010-01-15,6576.02
2010-01-18,6603.7798
2010-01-19,6633.8599
2010-01-20,6586.5298
2010-01-21,6578.9502
2010-01-22,6493.96
2010-01-25,6451.2998
2010-01-26,6484.23
2010-01-27,6473.0298
2010-01-28,6442.4102
2010-01-29,6440.7202
2010-02-01,6496.3301
2010-02-02,6550.1201
2010-02-03,6553.7998
2010-02-04,6396.5098
2010-02-05,6264.3301
2010-02-08,6347.1401
2010-02-09,6314.75
2010-02-10,6333.9902
2010-02-11,6403.4199
2010-02-12,6416.2002
2010-02-15,6440.7598
2010-02-16,6497.6602
2010-02-17,6567.6001
2010-02-18,6637.29
2010-02-19,6709.6802
2010-02-22,6687.4102
2010-02-23,6649.0898
2010-02-24,6687.9502
2010-02-25,6643.96
2010-02-26,6710.9902
2010-03-01,6791.48
2010-03-02,6820.04
2010-03-03,6813.1602
2010-03-04,6804.8701
2010-03-05,6847.7798
2010-03-08,6851.2002
2010-03-09,6868.3198
2010-03-10,6873.5898
2010-03-11,6851.73
2010-03-12,6836.6001
2010-03-15,6825.1001
2010-03-16,6874.4302
2010-03-17,6892.0098
2010-03-18,6897.7402
2010-03-19,6880.7598
2010-03-22,6866.4302
2010-03-23,6877.1602
2010-03-24,6879.9502
2010-03-25,6894.1699
2010-03-26,6838.9502
2010-03-29,6850.5801
2010-03-30,6871.4199
2010-03-31,6872.4502
2010-04-01,6888.9199
2010-04-06,6886.21
2010-04-07,6843.4902
2010-04-08,6791.0098
2010-04-09,6888.9702
2010-04-12,6910.96
2010-04-13,6885.8599
2010-04-14,6916.5898
2010-04-15,6967.5601
2010-04-16,6893.6899
2010-04-19,6803.6802
2010-04-20,6841.9102
2010-04-21,6814.71
2010-04-22,6720.0898
2010-04-23,6767.9702
2010-04-26,6803.7402
2010-04-27,6667.4702
2010-04-28,6576.3901
2010-04-29,6665.8398
2010-04-30,6616.8198
2010-05-03,6607.71
2010-05-04,6488.4199
2010-05-05,6448.4902
2010-05-06,6387.52
2010-05-07,6205.6299
2010-05-10,6481.9502
2010-05-11,6509
2010-05-12,6575.0498
2010-05-14,6428.6802
2010-05-17,6428.8599
2010-05-18,6470.8398
2010-05-19,6374.4302
2010-05-20,6262.4199
2010-05-21,6206.5898
2010-05-25,6091.5498
2010-05-26,6167.5298
2010-05-27,6305.1802
2010-05-28,6321.9199
2010-05-31,6312.6001
2010-06-01,6316.6001
2010-06-02,6368.8101
2010-06-03,6418.8198
2010-06-04,6298.9702
2010-06-07,6291.04
2010-06-08,6246.2202
2010-06-09,6319.1802
2010-06-10,6376.6602
2010-06-11,6426.7402
2010-06-14,6472.1201
2010-06-15,6484.73
2010-06-16,6490.0698
2010-06-17,6475.25
2010-06-18,6447.0601
2010-06-21,6519.5698
2010-06-22,6463.46
2010-06-23,6381.8501
2010-06-24,6320.6201
2010-06-25,6275.3501
2010-06-28,6311.1499
2010-06-29,6144.4502
2010-06-30,6128.0601
2010-07-01,5981.6602
2010-07-02,5974.2998
2010-07-05,5942.25
2010-07-06,6063.1201
2010-07-07,6099.2002
2010-07-08,6155.7202
2010-07-09,6210.4902
2010-07-12,6228.3101
2010-07-13,6298.5898
2010-07-14,6332.2798
2010-07-15,6291.0698
2010-07-16,6184.3701
2010-07-19,6156.6401
2010-07-20,6123.4199
2010-07-21,6132.6602
2010-07-22,6194.1802
2010-07-23,6201.25
2010-07-26,6199.46
2010-07-27,6275.1899
2010-07-28,6277.4902
2010-07-29,6220.6499
2010-07-30,6200.7798
2010-08-02,6321.6401
2010-08-03,6337.7202
2010-08-04,6380.2998
2010-08-05,6374.8901
2010-08-06,6321.3599
2010-08-09,6391.7402
2010-08-10,6395.02
2010-08-11,6265.8398
2010-08-12,6279.3501
2010-08-13,6294.3398
2010-08-16,6285.6602
2010-08-17,6359.7402
2010-08-18,6362.8799
2010-08-19,6280.1699
2010-08-20,6185.8198
2010-08-23,6209.4502
2010-08-24,6144.1401
2010-08-25,6098.5898
2010-08-26,6131.7598
2010-08-27,6183.1401
2010-08-30,6205.2402
2010-08-31,6180.8901
2010-09-01,6332.4302
2010-09-02,6333.6499
2010-09-03,6400.71
2010-09-06,6418.25
2010-09-07,6360.2002
2010-09-08,6386.9502
2010-09-09,6425.2598
2010-09-10,6467.6899
2010-09-13,6471.77
2010-09-14,6466.3198
2010-09-15,6434.0098
2010-09-16,6424.1602
2010-09-17,6389.02
2010-09-20,6461.98
2010-09-21,6420.3999
2010-09-22,6344.8799
2010-09-23,6303.2002
2010-09-24,6360.77
2010-09-27,6338.8901
2010-09-28,6334.3799
2010-09-29,6311.5698
2010-09-30,6296.3301
2010-10-01,6284.1699
2010-10-04,6248.7998
2010-10-05,6313.8999
2010-10-06,6351.0098
2010-10-07,6375.5801
2010-10-08,6363.1602
2010-10-11,6386.1802
2010-10-12,6375.2598
2010-10-13,6455.1299
2010-10-14,6440.9702
2010-10-15,6443.0098
2010-10-18,6470.2598
2010-10-19,6471.96
2010-10-20,6477.2002
2010-10-21,6512.1899
2010-10-22,6477.1299
2010-10-25,6513.6299
2010-10-26,6476.6099
2010-10-27,6479.21
2010-10-28,6484.71
2010-10-29,6472.23
2010-11-01,6504.7202
2010-11-02,6541.5
2010-11-03,6512.9902
2010-11-04,6595.6401
2010-11-05,6587.7202
2010-11-08,6600.3599
2010-11-09,6581.8799
2010-11-10,6539.8198
2010-11-11,6516.9902
2010-11-12,6505.29
2010-11-15,6562.1499
2010-11-16,6476.5298
2010-11-17,6494.9902
2010-11-18,6613.3701
2010-11-19,6590.8398
2010-11-22,6532.6401
2010-11-23,6393.79
2010-11-24,6449.7998
2010-11-25,6502.1401
2010-11-26,6483.5601
2010-11-29,6397.5
2010-11-30,6312.4302
2010-12-01,6409.7002
2010-12-02,6483.4399
2010-12-03,6440.8999
2010-12-06,6423.5
2010-12-07,6462.5298
2010-12-08,6508.1299
2010-12-09,6537.6299
2010-12-10,6519.1401
2010-12-13,6519.0801
2010-12-14,6545.8398
2010-12-15,6560.4302
2010-12-16,6566.1699
2010-12-17,6538.1602
2010-12-20,6521.25
2010-12-21,6558.1699
2010-12-22,6553.7002
2010-12-23,6599.4302
2010-12-27,6568.21
2010-12-28,6569.0601
2010-12-29,6566.6499
2010-12-30,6436.04
2011-01-03,6493.8799
2011-01-04,6494.3101
2011-01-05,6519.25
2011-01-06,6532.8398
2011-01-07,6497.6401
2011-01-10,6446.3198
2011-01-11,6534.8398
2011-01-12,6613.75
2011-01-13,6562.4702
2011-01-14,6556.0898
2011-01-17,6578.1699
2011-01-18,6634.9302
2011-01-19,6559.6602
2011-01-20,6513.5
2011-01-21,6567.3101
2011-01-24,6603.7998
2011-01-25,6580.3301
2011-01-26,6592.9902
2011-01-27,6562.3599
2011-01-28,6528.1299
2011-01-31,6479.1499
2011-02-01,6555.2598
2011-02-02,6553.6699
2011-02-03,6544.9102
2011-02-04,6584.3999
2011-02-07,6611.1401
2011-02-08,6638.6602
2011-02-09,6631.6401
2011-02-10,6612.0601
2011-02-11,6665.2202
2011-02-14,6666.0601
2011-02-15,6690.8999
2011-02-16,6711.6499
2011-02-17,6706.4702
2011-02-18,6717.25
2011-02-21,6683.8701
2011-02-22,6622.4902
2011-02-23,6622.77
2011-02-24,6515.9702
2011-02-25,6537.2002
2011-02-28,6610.4399
2011-03-01,6619.3599
2011-03-02,6592.0698
2011-03-03,6599.21
2011-03-04,6530.54
2011-03-07,6495.52
2011-03-08,6511.21
2011-03-09,6446.6001
2011-03-10,6404.6201
2011-03-11,6353.7598
2011-03-14,6274.4702
2011-03-15,6101.0098
2011-03-16,6021.5498
2011-03-17,6073.4199
2011-03-18,6098.0498
2011-03-21,6223.9102
2011-03-22,6227.0298
2011-03-23,6256.0601
2011-03-24,6319.23
2011-03-25,6352.2798
2011-03-28,6359.02
2011-03-29,6355.0601
2011-03-30,6398.4199
2011-03-31,6357.5498
2011-04-01,6439.9102
2011-04-04,6414.6001
2011-04-05,6430.2998
2011-04-06,6443.0601
2011-04-07,6465.5698
2011-04-08,6457.9302
2011-04-11,6440.1099
2011-04-12,6351.6001
2011-04-13,6364.2998
2011-04-14,6357.0298
2011-04-15,6400.2598
2011-04-18,6244.9502
2011-04-19,6326.6499
2011-04-20,6444.8101
2011-04-21,6457.1602
2011-04-26,6476.5898
2011-04-27,6472.4199
2011-04-28,6516.21
2011-04-29,6539.7002
2011-05-02,6544.6699
2011-05-03,6510.6099
2011-05-04,6470.3501
2011-05-05,6450.0298
2011-05-06,6526.5098
2011-05-09,6476.8901
2011-05-10,6526.1602
2011-05-11,6562.8198
2011-05-12,6562.5898
2011-05-13,6563.2598
2011-05-16,6564.1499
2011-05-17,6496.5601
2011-05-18,6535.2402
2011-05-19,6557.9502
2011-05-20,6530.6099
2011-05-23,6437.8198
2011-05-24,6454.29
2011-05-25,6464.5498
2011-05-26,6469.1602
2011-05-27,6489.3198
2011-05-30,6470.7998
2011-05-31,6554.71
2011-06-01,6496.4702
2011-06-03,6407.3901
2011-06-06,6370.0601
2011-06-07,6330.6499
2011-06-08,6256.8599
2011-06-09,6271.0098
2011-06-10,6197.25
2011-06-14,6255.6802
2011-06-15,6198.1699
2011-06-16,6157.6699
2011-06-17,6145.1602
2011-06-20,6113.7002
2011-06-21,6171.0098
2011-06-22,6113.4399
2011-06-23,5991.0898
2011-06-24,5998.02
2011-06-27,5990.8198
2011-06-28,6002.3999
2011-06-29,6101.5498
2011-06-30,6187.0698
2011-07-01,6237.8101
2011-07-04,6245.7798
2011-07-05,6243.0098
2011-07-06,6179.3501
2011-07-07,6211.1099
2011-07-08,6152.6899
2011-07-11,6053
2011-07-12,6014.8398
2011-07-13,6025.23
2011-07-14,5980.9702
2011-07-15,5938.0601
2011-07-18,5826.2598
2011-07-19,5896.5498
2011-07-20,5966.54
2011-07-21,6042.0601
2011-07-22,6031.9302
2011-07-25,6017.4902
2011-07-26,5990.1802
2011-07-27,5904.4702
2011-07-28,5871.4102
2011-07-29,5783.3501
2011-08-02,5546.9399
2011-08-03,5483.1499
2011-08-04,5285.25
2011-08-05,5172.0601
2011-08-08,4967.9902
2011-08-09,4997.9199
2011-08-10,4791.96
2011-08-11,5032.75
2011-08-12,5252.8101
2011-08-15,5324.73
2011-08-16,5373.2998
2011-08-17,5421.21
2011-08-18,5196
2011-08-19,5093.75
2011-08-22,5144.02
2011-08-23,5230.5801
2011-08-24,5328.4902
2011-08-25,5298.1802
2011-08-26,5323.1201
2011-08-29,5446.4702
2011-08-30,5449.1602
2011-08-31,5528.52
2011-09-01,5531.54
2011-09-02,5359.6699
2011-09-05,5142.9902
2011-09-06,5367.2402
2011-09-07,5501.2598
2011-09-08,5528.9102
2011-09-09,5430.77
2011-09-12,5303.1401
2011-09-13,5359.1401
2011-09-14,5417.8901
2011-09-15,5433.48
2011-09-16,5452.8799
2011-09-19,5360.5601
2011-09-20,5471.3999
2011-09-21,5475.3398
2011-09-22,5288.48
2011-09-23,5298.8301
2011-09-26,5401.0098
2011-09-27,5564.6201
2011-09-28,5551.6499
2011-09-29,5608.6001
2011-09-30,5531.7402
2011-10-03,5495.6899
2011-10-04,5444.5498
2011-10-05,5504.9902
2011-10-06,5640.0698
2011-10-07,5652.23
2011-10-10,5718.5601
2011-10-11,5732.1899
2011-10-12,5781.1299
2011-10-13,5713.1699
2011-10-14,5761.1201
2011-10-17,5723.4102
2011-10-18,5682.5098
2011-10-19,5699.98
2011-10-20,5657.6602
2011-10-21,5753.52
2011-10-24,5788.6299
2011-10-25,5708.79
2011-10-26,5700.5
2011-10-27,5823
2011-10-28,5852.6602
2011-10-31,5731.27
2011-11-01,5588.5698
2011-11-02,5611.0498
2011-11-03,5668.0498
2011-11-04,5659.8301
2011-11-07,5645.96
2011-11-08,5682.6499
2011-11-09,5607.8501
2011-11-10,5565.7798
2011-11-11,5649.0298
2011-11-14,5661.71
2011-11-15,5664.9102
2011-11-16,5685.7998
2011-11-17,5644.6201
2011-11-18,5614.6099
2011-11-21,5477.2598
2011-11-22,5447.6602
2011-11-23,5386.1401
2011-11-24,5356.96
2011-11-25,5395.6099
2011-11-28,5522.6602
2011-11-29,5531.2402
2011-11-30,5652.3101
2011-12-01,5681.5698
2011-12-02,5718.8501
2011-12-05,5739.8599
2011-12-06,5767.9302
2011-12-07,5766.2402
2011-12-08,5737.8198
2011-12-09,5793.5698
2011-12-12,5747.0898
2011-12-13,5759.7202
2011-12-14,5719.0898
2011-12-15,5784.1401
2011-12-16,5733.5
2011-12-19,5767.98
2011-12-20,5804.3101
2011-12-21,5804.77
2011-12-22,5837.0601
2011-12-23,5893.8901
2011-12-27,5886.9102
2011-12-28,5895.25
2011-12-29,5896.6001
2011-12-30,5936.23
2012-01-03,6050.9302
2012-01-04,6058.0801
2012-01-05,6026.5698
2012-01-06,6013.8301
2012-01-09,5987.54
2012-01-10,6050.7798
2012-01-11,6008.04
2012-01-12,6018.0698
2012-01-13,5996.3398
2012-01-16,6031.2402
2012-01-17,6056.1699
2012-01-18,6116.23
2012-01-19,6194.4502
2012-01-20,6122.6699
2012-01-23,6127.6699
2012-01-24,6135.1001
2012-01-25,6073.3599
2012-01-26,6100.4302
2012-01-27,6033.52
2012-01-30,5970.7402
2012-01-31,5970.4902
2012-02-01,6069.9102
2012-02-02,6064.4102
2012-02-03,6153.3101
2012-02-06,6147.0298
2012-02-07,6157.5898
2012-02-08,6155.8599
2012-02-09,6169.6299
2012-02-10,6130.6602
2012-02-13,6177.4399
2012-02-14,6163.8198
2012-02-15,6198.3398
2012-02-16,6217.2798
2012-02-17,6237.6899
2012-02-20,6242.9902
2012-02-21,6237.8198
2012-02-22,6192.4199
2012-02-23,6200.9702
2012-02-24,6184.1299
2012-02-27,6143.9199
2012-02-28,6125.0898
2012-02-29,6109.9302
2012-03-01,6128.2798
2012-03-02,6149.3701
2012-03-05,6153.9102
2012-03-06,6047.5298
2012-03-07,6102.54
2012-03-08,6153.9302
2012-03-09,6188.5098
2012-03-12,6189.8599
2012-03-13,6260.02
2012-03-14,6300.4302
2012-03-15,6332.2202
2012-03-16,6341.3301
2012-03-19,6326.5601
2012-03-20,6296.1602
2012-03-21,6290
2012-03-22,6249.5601
2012-03-23,6240.3301
2012-03-26,6283.2598
2012-03-27,6269.3799
2012-03-28,6250.4302
2012-03-29,6176.2598
2012-03-30,6235.5098
2012-04-02,6299.3799
2012-04-03,6258.6602
2012-04-04,6166.79
2012-04-05,6163.4902
2012-04-10,6061.4302
2012-04-11,6059.8198
2012-04-12,6125.3901
2012-04-13,6072.1201
2012-04-16,6124.9102
2012-04-17,6200.27
2012-04-18,6173.3501
2012-04-19,6203.7798
2012-04-20,6237.79
2012-04-23,6114.8301
2012-04-24,6124.8398
2012-04-25,6150.5698
2012-04-26,6122.4102
2012-04-27,6116.3599
2012-04-30,6096.3398
2012-05-02,6108.77
2012-05-03,6097.6802
2012-05-04,6056.79
2012-05-07,6040.1802
2012-05-08,5977.7998
2012-05-09,5936.1299
2012-05-10,5926.6001
2012-05-11,5954.8799
2012-05-14,5875.6602
2012-05-15,5865.1602
2012-05-16,5872.73
2012-05-18,5797.7598
2012-05-21,5814.5898
2012-05-22,5910.2002
2012-05-23,5817.9102
2012-05-24,5852.4399
2012-05-25,5865.1899
2012-05-29,5914.73
2012-05-30,5902.8198
2012-05-31,5850.1802
2012-06-01,5777.4702
2012-06-04,5713.3398
2012-06-05,5714.5698
2012-06-06,5822.6299
2012-06-07,5869.21
2012-06-08,5869.3198
2012-06-11,5871.3501
2012-06-12,5919.8799
2012-06-13,5944.6899
2012-06-14,5908.5098
2012-06-15,5911.8198
2012-06-18,5938.7598
2012-06-19,6034.1299
2012-06-20,6017.9102
2012-06-21,6012.1899
2012-06-22,5989.3301
2012-06-25,5944.48
2012-06-26,5957.7202
2012-06-27,5996.5298
2012-06-28,5986.8501
2012-06-29,6066.8599
2012-07-02,6109.4102
2012-07-03,6194.0801
2012-07-04,6201.3101
2012-07-05,6202.3198
2012-07-06,6183.6699
2012-07-09,6160.7798
2012-07-10,6191.2002
2012-07-11,6174.75
2012-07-12,6147.5698
2012-07-13,6181.8101
2012-07-16,6195.6099
2012-07-17,6202.3398
2012-07-18,6265.5
2012-07-19,6323.6401
2012-07-20,6284.8101
2012-07-23,6180.4399
2012-07-24,6174.8901
2012-07-25,6180.77
2012-07-26,6277.7402
2012-07-27,6362.8198
2012-07-30,6402.3799
2012-07-31,6399.27
2012-08-02,6407.2998
2012-08-03,6461.54
2012-08-06,6463.0098
2012-08-07,6457.8501
2012-08-08,6458
2012-08-09,6505.29
2012-08-10,6483.4399
2012-08-13,6466.1802
2012-08-14,6505.98
2012-08-15,6511.8701
2012-08-16,6518.4302
2012-08-17,6529.3398
2012-08-20,6506.25
2012-08-21,6518.3198
2012-08-22,6475.4702
2012-08-23,6453.9102
2012-08-24,6475.9399
2012-08-27,6491.2798
2012-08-28,6421.4199
2012-08-29,6421.96
2012-08-30,6378.29
2012-08-31,6388.0098
2012-09-03,6437.6602
2012-09-04,6362.8198
2012-09-05,6425.2002
2012-09-06,6527.8701
2012-09-07,6537.3198
2012-09-10,6507.8701
2012-09-11,6503.2998
2012-09-12,6489.7998
2012-09-13,6513.2202
2012-09-14,6559.1602
2012-09-17,6552.3198
2012-09-18,6537.1001
2012-09-19,6570.7202
2012-09-20,6556.4902
2012-09-21,6605.8198
2012-09-24,6597.2202
2012-09-25,6613.4502
2012-09-26,6540.4102
2012-09-27,6545.9102
2012-09-28,6495.8799
2012-10-01,6610.9102
2012-10-02,6613.54
2012-10-03,6604.4399
2012-10-04,6631.3501
2012-10-05,6674.8198
2012-10-08,6655.77
2012-10-09,6649.1001
2012-10-10,6629.04
2012-10-11,6654.02
2012-10-12,6655.2002
2012-10-15,6704.21
2012-10-16,6774.02
2012-10-17,6786.3999
2012-10-18,6781.7202
2012-10-19,6756.1401
2012-10-22,6746.71
2012-10-23,6626.79
2012-10-24,6627.4102
2012-10-25,6606.5698
2012-10-26,6600.8398
2012-10-29,6601.4199
2012-10-30,6633.1001
2012-10-31,6595.1299
2012-11-01,6660.25
2012-11-02,6701.3701
2012-11-05,6706.27
2012-11-06,6745.7402
2012-11-07,6697.6299
2012-11-08,6713.6201
2012-11-09,6715.2002
2012-11-12,6696.6699
2012-11-13,6722.7598
2012-11-14,6676.96
2012-11-15,6574.5601
2012-11-16,6508.6602
2012-11-19,6638.8901
2012-11-20,6618.9902
2012-11-21,6643.7002
2012-11-22,6679.1099
2012-11-23,6715.0898
2012-11-26,6681.8799
2012-11-27,6711.71
2012-11-28,6756.48
2012-11-29,6828.52
2012-11-30,6820.6001
2012-12-03,6838.7002
2012-12-04,6853.1499
2012-12-05,6852.04
2012-12-06,6912.02
2012-12-07,6925.25
2012-12-10,6943.8999
2012-12-11,6973.6899
2012-12-12,6959.3901
2012-12-13,6919.54
2012-12-14,6902.5098
2012-12-17,6897.1001
2012-12-18,6912.0898
2012-12-19,6946.0698
2012-12-20,6912.79
2012-12-21,6889.54
2012-12-27,6862.5498
2012-12-28,6822.4399
2013-01-03,7020.46
2013-01-04,7058.9199
2013-01-07,7049.2998
2013-01-08,7074.52
2013-01-09,7151.6001
2013-01-10,7143.73
2013-01-11,7188.2202
2013-01-14,7202.52
2013-01-15,7272.3101
2013-01-16,7304.8501
2013-01-17,7429.8901
2013-01-18,7368.7998
2013-01-21,7336.0498
2013-01-22,7291.8501
2013-01-23,7391.9502
2013-01-24,7457.7402
2013-01-25,7458.6602
2013-01-28,7483.9502
2013-01-29,7458.0298
2013-01-30,7387.8999
2013-01-31,7390.8599
2013-02-01,7420.3501
2013-02-04,7362.7202
2013-02-05,7404.6299
2013-02-06,7433.4702
2013-02-07,7337.0498
2013-02-08,7395.9702
2013-02-11,7407.6001
2013-02-12,7427.0601
2013-02-13,7482.2202
2013-02-14,7482.2002
2013-02-15,7500.5698
2013-02-18,7497.23
2013-02-19,7579.5
2013-02-20,7626.0098
2013-02-21,7505.71
2013-02-22,7554.3799
2013-02-25,7594.3501
2013-02-26,7449.98
2013-02-27,7484.9902
2013-02-28,7593.6699
2013-03-01,7601.9902
2013-03-04,7590.52
2013-03-05,7718.46
2013-03-06,7698.7202
2013-03-07,7708.96
2013-03-08,7744.8398
2013-03-11,7758.6499
2013-03-12,7802.9302
2013-03-13,7780.8799
2013-03-14,7842.8501
2013-03-15,7864.3901
2013-03-18,7830.3701
2013-03-19,7789.6001
2013-03-20,7847.7002
2013-03-21,7762.2998
2013-03-22,7744.3301
2013-03-25,7758.2202
2013-03-26,7800.0498
2013-03-27,7780.1699
2013-03-28,7813.6699
2013-04-02,7899.2998
2013-04-03,7875.1001
2013-04-04,7762.6499
2013-04-05,7641.1099
2013-04-08,7691.8398
2013-04-09,7653.9502
2013-04-10,7771.3701
2013-04-11,7815.2798
2013-04-12,7760.6001
2013-04-15,7754.7002
2013-04-16,7717.6001
2013-04-17,7533.7998
2013-04-18,7578.9702
2013-04-19,7618.7598
2013-04-22,7609.1001
2013-04-23,7802.3999
2013-04-24,7859.6299
2013-04-25,7901.2402
2013-04-26,7856.3198
2013-04-29,7901.7002
2013-04-30,7906.21
2013-05-02,7902.21
2013-05-03,7937.6099
2013-05-06,7927.3398
2013-05-07,7977.5
2013-05-08,8093.02
2013-05-10,8177.8501
2013-05-13,8147.6001
2013-05-14,8187.7002
2013-05-15,8313
2013-05-16,8256.1504
2013-05-17,8280.25
2013-05-21,8318.4004
2013-05-22,8407.5996
2013-05-23,8168.52
2013-05-24,8168.7798
2013-05-27,8163.0498
2013-05-28,8221
2013-05-29,8028.6401
2013-05-30,8021.5
2013-05-31,7947.0098
2013-06-03,7780.98
2013-06-04,7875.6001
2013-06-05,7747.7998
2013-06-06,7622
2013-06-07,7784.8398
2013-06-10,7790.5
2013-06-11,7673.0098
2013-06-12,7656.8301
2013-06-13,7627.5
2013-06-14,7635.96
2013-06-17,7729.71
2013-06-18,7699.7402
2013-06-19,7731.8198
2013-06-20,7496.0498
2013-06-21,7421.0601
2013-06-24,7249.4702
2013-06-25,7397.3901
2013-06-26,7553.8901
2013-06-27,7671.7002
2013-06-28,7683.04
2013-07-01,7741.0698
2013-07-02,7732.6201
2013-07-03,7675.29
2013-07-04,7831.5898
2013-07-05,7781.98
2013-07-08,7863.48
2013-07-09,7944.1899
2013-07-10,7971.6201
2013-07-11,7986.3999
2013-07-12,7983.1802
2013-07-15,7999.1499
2013-07-16,7932.79
2013-07-17,7928.1499
2013-07-18,7929.0098
2013-07-19,7928.1201
2013-07-22,7927.4502
2013-07-23,7896.2598
2013-07-24,7923.0698
2013-07-25,7865.3799
2013-07-26,7796.8398
2013-07-29,7814.1099
2013-07-30,7810.1699
2013-07-31,7820.4302
2013-08-02,7963.9302
2013-08-05,7979.3999
2013-08-06,7996.79
2013-08-07,7976.2798
2013-08-08,7955.29
2013-08-09,7977.3398
2013-08-12,8000.6001
2013-08-13,8036.4399
2013-08-14,8078.2598
2013-08-15,7982.4302
2013-08-16,7961.3101
2013-08-19,7939.4199
2013-08-20,7935.8901
2013-08-21,7887.1401
2013-08-22,7988.6001
2013-08-23,8006.8999
2013-08-26,8022.2002
2013-08-27,7886.0698
2013-08-28,7776.0098
2013-08-29,7763.5498
2013-08-30,7745.9702
2013-09-02,7891.6201
2013-09-03,7866.23
2013-09-04,7880.6499
2013-09-05,7932.29
2013-09-06,7950.7798
2013-09-09,7935.7598
2013-09-10,8039.1802
2013-09-11,8051.3101
2013-09-12,8033.4502
2013-09-13,8038.3101
2013-09-16,8029.3799
2013-09-17,8014.4702
2013-09-18,8052.5698
2013-09-19,8092.29
2013-09-20,8105.3901
2013-09-23,8057.04
2013-09-24,8047.02
2013-09-25,8055.23
2013-09-26,8061.3599
2013-09-27,8055
2013-09-30,8022.6001
2013-10-01,8059.0098
2013-10-02,7964.4399
2013-10-03,7942.5
2013-10-04,7943.71
2013-10-07,7887.8599
2013-10-08,7828.2402
2013-10-09,7755.2598
2013-10-10,7851.0801
2013-10-11,7936.0801
2013-10-14,7928.4902
2013-10-15,7984.3501
2013-10-16,7981.8701
2013-10-17,8032.3999
2013-10-18,8084.6499
2013-10-21,8124.0801
2013-10-22,8214.7598
2013-10-23,8214.5596
2013-10-24,8233.1504
2013-10-25,8249.3096
2013-10-28,8291.0996
2013-10-29,8237.0303
2013-10-30,8228.3701
2013-10-31,8234.29
2013-11-01,8221.7998
2013-11-04,8185.6899
2013-11-05,8149.3101
2013-11-06,8224.5801
2013-11-07,8229.6602
2013-11-08,8240.9199
2013-11-11,8280.2002
2013-11-12,8261.3096
2013-11-13,8234.7197
2013-11-14,8304.9697
2013-11-15,8327.3096
2013-11-18,8351.3799
2013-11-19,8300.1201
2013-11-20,8281.21
2013-11-21,8268.6904
2013-11-22,8250.4297
2013-11-25,8304.0498
2013-11-26,8238.9199
2013-11-27,8245.6797
2013-11-28,8257.6104
2013-11-29,8264.2002
2013-12-02,8257.3203
2013-12-03,8109.8901
2013-12-04,8045.54
2013-12-05,8025.5898
2013-12-06,8066.0698
2013-12-09,8056.3301
2013-12-10,7971.8398
2013-12-11,7956.3198
2013-12-12,7849.6201
2013-12-13,7828.9102
2013-12-16,7856.27
2013-12-17,7830.98
2013-12-18,7881.2598
2013-12-19,8028.27
2013-12-20,8081.3501
2013-12-23,8107.1001
2013-12-27,8221.9004
2013-12-30,8202.9805
2014-01-03,8270.46
2014-01-06,8272.2305
2014-01-07,8319.4004
2014-01-08,8352.8203
2014-01-09,8295.9004
2014-01-10,8365.1201
2014-01-13,8412.8896
2014-01-14,8384.6504
2014-01-15,8423.4199
2014-01-16,8450.6699
2014-01-17,8478.8896
2014-01-20,8480.9502
2014-01-21,8486.3701
2014-01-22,8466.7002
2014-01-23,8404.9805
2014-01-24,8201.5
2014-01-27,8132.1602
2014-01-28,8186.6201
2014-01-29,8135.8101
2014-01-30,8204.96
2014-01-31,8191.3301
2014-02-03,8107.02
2014-02-04,8092.5298
2014-02-05,8112.96
2014-02-06,8218.4404
2014-02-07,8318.5996
2014-02-10,8324.8496
2014-02-11,8361.5195
2014-02-12,8402.4102
2014-02-13,8383.9004
2014-02-14,8417.5801
2014-02-17,8415.6699
2014-02-18,8419.9199
2014-02-19,8410.6299
2014-02-20,8383.25
2014-02-21,8431.7803
2014-02-24,8485.4805
2014-02-25,8506.29
2014-02-26,8532.9902
2014-02-27,8470.9004
2014-02-28,8475.3301
2014-03-03,8281.0098
2014-03-04,8445.2197
2014-03-05,8459.6104
2014-03-06,8484.21
2014-03-07,8378.5801
2014-03-10,8367.5498
2014-03-11,8359.5098
2014-03-12,8310.3604
2014-03-13,8205.9004
2014-03-14,8114.02
2014-03-17,8161.7798
2014-03-18,8240.0703
2014-03-19,8226.5498
2014-03-20,8261.6904
2014-03-21,8289.7598
2014-03-24,8198.0195
2014-03-25,8299.1904
2014-03-26,8334.3398
2014-03-27,8327.9297
2014-03-28,8373.2305
2014-03-31,8453.8203
2014-04-01,8457.2695
2014-04-02,8508.2598
2014-04-03,8521.6299
2014-04-04,8503
2014-04-07,8405.0996
2014-04-08,8423.3604
2014-04-09,8411.4297
2014-04-10,8420.5801
2014-04-11,8298.8203
2014-04-14,8312.9004
2014-04-15,8280.5303
2014-04-16,8322.7002
2014-04-17,8375.0801
2014-04-22,8461.2998
2014-04-23,8443.2598
2014-04-24,8409.1299
2014-04-25,8374.4697
2014-04-28,8384.8604
2014-04-29,8434.6602
2014-04-30,8476.6602
2014-05-02,8442.71
2014-05-05,8409.0703
2014-05-06,8395.7695
2014-05-07,8421.6504
2014-05-08,8465.6602
2014-05-09,8510.3896
2014-05-12,8545.1201
2014-05-13,8543.5801
2014-05-14,8611.7002
2014-05-15,8644.7402
2014-05-16,8683.6201
2014-05-19,8646.0195
2014-05-20,8635.6104
2014-05-21,8655.9004
2014-05-22,8693.9805
2014-05-23,8703.8398
2014-05-26,8712.3496
2014-05-27,8710.3799
2014-05-28,8706.5
2014-05-30,8674.5195
2014-06-02,8688.96
2014-06-03,8661.2002
2014-06-04,8661.0801
2014-06-05,8643.2803
2014-06-06,8659.6904
2014-06-10,8752.8604
2014-06-11,8712.0898
2014-06-12,8670.9805
2014-06-13,8653.7598
2014-06-16,8663.5898
2014-06-17,8667.79
2014-06-18,8657.2695
2014-06-19,8674.3701
2014-06-20,8701.6104
2014-06-23,8644.5703
2014-06-24,8673.2695
2014-06-25,8581.96
2014-06-26,8541.2803
2014-06-27,8562.1104
2014-06-30,8554.5195
2014-07-01,8607.9697
2014-07-02,8607.2002
2014-07-03,8694.3203
2014-07-04,8678.2197
2014-07-07,8612.7695
2014-07-08,8554.5098
2014-07-09,8539.71
2014-07-10,8474.2305
2014-07-11,8468.5195
2014-07-14,8565.6699
2014-07-15,8574.3203
2014-07-16,8617.0703
2014-07-17,8548.0801
2014-07-18,8511.4297
2014-07-21,8513.96
2014-07-22,8594.21
2014-07-23,8605.0996
2014-07-24,8637.0098
2014-07-25,8571.4805
2014-07-28,8530.0898
2014-07-29,8532.1104
2014-07-30,8497.3799
2014-07-31,8410.2695
2014-08-04,8304.04
2014-08-05,8342.04
2014-08-06,8290.1602
2014-08-07,8306.75
2014-08-08,8274.6504
2014-08-11,8329.8604
2014-08-12,8329.7998
2014-08-13,8388.71
2014-08-14,8430.0996
2014-08-15,8366.7305
2014-08-18,8453.5898
2014-08-19,8525.3799
2014-08-20,8527.9102
2014-08-21,8570
2014-08-22,8554.1602
2014-08-25,8611.5801
2014-08-26,8673.29
2014-08-27,8669.7998
2014-08-28,8622.2305
2014-08-29,8658.9697
2014-09-01,8746.9697
2014-09-02,8757.3203
2014-09-03,8803.5703
2014-09-04,8834.75
2014-09-05,8788.7695
2014-09-08,8817.1904
2014-09-09,8825.5996
2014-09-10,8816.0703
2014-09-11,8829.0098
2014-09-12,8795.9297
2014-09-15,8796.4102
2014-09-16,8804.4404
2014-09-17,8825.6104
2014-09-18,8830.4902
2014-09-19,8840.1699
2014-09-22,8817.5195
2014-09-23,8763.7998
2014-09-24,8797.1699
2014-09-25,8772.7598
2014-09-26,8774.3604
2014-09-29,8776.7305
2014-09-30,8835.1396
2014-10-01,8789.5303
2014-10-02,8654.71
2014-10-03,8683.5303
2014-10-06,8723.04
2014-10-07,8561.9902
2014-10-08,8517.29
2014-10-09,8482.9004
2014-10-10,8374.5898
2014-10-13,8342.0703
2014-10-14,8338.0098
2014-10-15,8144.8799
2014-10-16,8057.54
2014-10-17,8250.0996
2014-10-20,8283.3096
2014-10-21,8404.8096
2014-10-22,8506.1396
2014-10-23,8546.0801
2014-10-24,8532.0898
2014-10-27,8520.4805
2014-10-28,8630.4102
2014-10-29,8654.4697
2014-10-30,8719.0303
2014-10-31,8837.7803
2014-11-03,8751.6699
2014-11-04,8718.0195
2014-11-05,8843.1699
2014-11-06,8863.8799
2014-11-07,8816.9199
2014-11-10,8867.5303
2014-11-11,8896.1504
2014-11-12,8867.7803
2014-11-13,8954.4004
2014-11-14,8915.3096
2014-11-17,8927.0498
2014-11-18,8972.54
2014-11-19,8983.5195
2014-11-20,8989.9404
2014-11-21,9080.5498
2014-11-24,9058.5098
2014-11-25,9042.7402
2014-11-26,9058.9404
2014-11-27,9129.1504
2014-11-28,9150.46
2014-12-01,9146.1797
2014-12-02,9138.5596
2014-12-03,9168.3701
2014-12-04,9118.1699
2014-12-05,9212.8496
2014-12-08,9181.2402
2014-12-09,9051.3896
2014-12-10,9020.8301
2014-12-11,9058.8203
2014-12-12,8895.3496
2014-12-15,8712.8203
2014-12-16,8795.1299
2014-12-17,8775.8799
2014-12-18,9013.1104
2014-12-19,8976.2402
2014-12-22,9033.4502
2014-12-23,9021.6699
2014-12-29,9034.5498
2014-12-30,8983.3701
2015-01-05,8938.8496
2015-01-06,8874.4697
2015-01-07,8900.8301
2015-01-08,9139.6904
2015-01-09,9105.7002
2015-01-12,9152.9697
2015-01-13,9285.6299
2015-01-14,9198.2002
2015-01-15,8400.6104
2015-01-16,7899.5898
2015-01-19,8152.7798
2015-01-20,8178.8999
2015-01-21,8008.5498
2015-01-22,7999.48
2015-01-23,8161.1602
2015-01-26,8296.4502
2015-01-27,8402.8203
2015-01-28,8311.5498
2015-01-29,8435.3398
2015-01-30,8385.1299
2015-02-02,8429.2002
2015-02-03,8452.1299
2015-02-04,8608.2402
2015-02-05,8544.3203
2015-02-06,8587.9902
2015-02-09,8632.1396
2015-02-10,8620.4199
2015-02-11,8577.7598
2015-02-12,8611.0303
2015-02-13,8651.9805
2015-02-16,8712.6904
2015-02-17,8747.8301
2015-02-18,8800.71
2015-02-19,8900.1797
2015-02-20,8892.1699
2015-02-23,8977.6904
2015-02-24,8984.6104
2015-02-25,8977.6201
2015-02-26,9049.4902
2015-02-27,9014.5303
2015-03-02,9055.6904
2015-03-03,8954.6797
2015-03-04,8992.5
2015-03-05,9034.5996
2015-03-06,9080.0303
2015-03-09,9046.8799
2015-03-10,9023.71
2015-03-11,9106.2305
2015-03-12,9119.8096
2015-03-13,9156.0195
2015-03-16,9237.0801
2015-03-17,9198.5098
2015-03-18,9256.2402
2015-03-19,9328.4805
2015-03-20,9396.29
2015-03-23,9366.2002
2015-03-24,9292.6797
2015-03-25,9188.25
2015-03-26,9082.5098
2015-03-27,9083.5195
2015-03-30,9202.1797
2015-03-31,9128.9805
2015-04-01,9137.2598
2015-04-02,9130.5996
2015-04-07,9260.75
2015-04-08,9247.8203
2015-04-09,9393.3799
2015-04-10,9471.46
2015-04-13,9430.25
2015-04-14,9415.6201
2015-04-15,9428.5498
2015-04-16,9398.5996
2015-04-17,9245.9199
2015-04-20,9243.71
2015-04-21,9299.4297
2015-04-22,9358.0898
2015-04-23,9338.25
2015-04-24,9302.1201
2015-04-27,9349.1797
2015-04-28,9259.8096
2015-04-29,9105.0498
2015-04-30,9077.1201
2015-05-04,9095.8203
2015-05-05,9024.3799
2015-05-06,8888.9199
2015-05-07,8873.5498
2015-05-08,9093.3301
2015-05-11,9117.3301
2015-05-12,9044.9805
2015-05-13,9050.6602
2015-05-15,9109.9199
2015-05-18,9196.5498
2015-05-19,9295.6201
2015-05-20,9319.9004
2015-05-21,9365.3496
2015-05-22,9353.2998
2015-05-26,9272.6797
2015-05-27,9396.2402
2015-05-28,9394.25
2015-05-29,9237.79
2015-06-01,9267.4404
2015-06-02,9204.0898
2015-06-03,9253.2998
2015-06-04,9233.6504
2015-06-05,9105.0195
2015-06-08,9060.4902
2015-06-09,8980.2197
2015-06-10,9102.7002
2015-06-11,9146.2998
2015-06-12,9026.4297
2015-06-15,8924.6699
2015-06-16,8965.4004
2015-06-17,8906.6904
2015-06-18,8880.29
2015-06-19,8867.3203
2015-06-22,9021.3701
2015-06-23,9137.3301
2015-06-24,9081.8096
2015-06-25,9045.3203
2015-06-26,9007.5
2015-06-29,8868.3896
2015-06-30,8780.9102
2015-07-01,8908.9902
2015-07-02,8961.4805
2015-07-03,8912.8398
2015-07-06,8862.7803
2015-07-07,8764.1104
2015-07-08,8852.4297
2015-07-09,8985.0801
2015-07-10,9134.1797
2015-07-13,9250.0996
2015-07-14,9311.0703
2015-07-15,9319.25
2015-07-16,9458.96
2015-07-17,9446.1699
2015-07-20,9482.6201
2015-07-21,9385.4502
2015-07-22,9289.2598
2015-07-23,9381.5703
2015-07-24,9322.9697
2015-07-27,9194.4805
2015-07-28,9275.7197
2015-07-29,9387.9697
2015-07-30,9397.6904
2015-07-31,9428.1699
2015-08-03,9468.9697
2015-08-04,9480.2002
2015-08-05,9526.79
2015-08-06,9457.9902
2015-08-07,9408.2695
2015-08-10,9510.7803
2015-08-11,9424.4102
2015-08-12,9183.8799
2015-08-13,9325.21
2015-08-14,9346.5596
2015-08-17,9390.46
2015-08-18,9383.5996
2015-08-19,9251.5996
2015-08-20,9104.71
2015-08-21,8798.5703
2015-08-24,8468.8896
2015-08-25,8758.79
2015-08-26,8548.75
2015-08-27,8812.5801
2015-08-28,8785.0996
2015-08-31,8824.5596
2015-09-01,8621.2695
2015-09-02,8626.3398
2015-09-03,8775.6396
2015-09-04,8652.3496
2015-09-07,8705.5303
2015-09-08,8760.9502
2015-09-09,8871.9199
2015-09-10,8778.7598
2015-09-11,8772.4404
2015-09-14,8686.1699
2015-09-15,8790.4404
2015-09-16,8871.1699
2015-09-17,8849.4297
2015-09-18,8739.2197
2015-09-21,8782.2695
2015-09-22,8475.4697
2015-09-23,8447.6797
2015-09-24,8278.0703
2015-09-25,8505.9404
2015-09-28,8381.2197
2015-09-29,8323.4805
2015-09-30,8513.4102
2015-10-01,8510.5596
2015-10-02,8515.5195
2015-10-05,8740.8301
2015-10-06,8761.6797
2015-10-07,8639.0303
2015-10-08,8674.1699
2015-10-09,8680.21
2015-10-12,8706.1104
2015-10-13,8654.6396
2015-10-14,8573.3096
2015-10-15,8653.3496
2015-10-16,8715.7305
2015-10-19,8705.6602
2015-10-20,8650.0195
2015-10-21,8602.1201
2015-10-22,8788.9199
2015-10-23,8910.5195
2015-10-26,8907.8604
2015-10-27,8849.9199
2015-10-28,8932.6396
2015-10-29,8957.2695
2015-10-30,8938.6504
2015-11-02,8936.0801
2015-11-03,8935.5
2015-11-04,8951.7598
2015-11-05,8990.1602
2015-11-06,8970.2695
2015-11-09,8876.6699
2015-11-10,8849.7695
2015-11-11,8884.5498
2015-11-12,8816.9404
2015-11-13,8749.8398
2015-11-16,8727.0898
2015-11-17,8952.5801
2015-11-18,8990.96
2015-11-19,9008.6504
2015-11-20,9015.8301
2015-11-23,8924.4102
2015-11-24,8808.5303
2015-11-25,8934.4805
2015-11-26,8968.25
2015-11-27,9002.96
2015-11-30,8993.0996
2015-12-01,8993.2402
2015-12-02,9016.5596
2015-12-03,8852.1396
2015-12-04,8802.8896
2015-12-07,8825.2803
2015-12-08,8701.2002
2015-12-09,8624.9502
2015-12-10,8632.6299
2015-12-11,8502.0596
2015-12-14,8375.3096
2015-12-15,8581.5596
2015-12-16,8604.0801
2015-12-17,8656.2998
2015-12-18,8608.9102
2015-12-21,8544.3496
2015-12-22,8515.8203
2015-12-23,8705.7402
2015-12-28,8739.3604
2015-12-29,8883.0098
2015-12-30,8818.0898
2016-01-04,8656.3096
2016-01-05,8701.46
2016-01-06,8613.4199
2016-01-07,8449.8604
2016-01-08,8257.2803
2016-01-11,8213.5195
2016-01-12,8332.04
2016-01-13,8414.8301
2016-01-14,8305.4697
2016-01-15,8107.1299
2016-01-18,8099.0801
2016-01-19,8223.7598
2016-01-20,7966.3398
2016-01-21,8035.0601
2016-01-22,8271.1104
2016-01-25,8253.3398
2016-01-26,8314.4697
2016-01-27,8322.6797
2016-01-28,8153.27
2016-01-29,8319.8096
2016-02-01,8310.9902
2016-02-02,8196.9902
2016-02-03,8123.7402
2016-02-04,8003.3999
2016-02-05,7960.1299
2016-02-08,7759.21
2016-02-09,7583.27
2016-02-10,7731.9302
2016-02-11,7496.6201
2016-02-12,7656.6001
2016-02-15,7848.3301
2016-02-16,7813.79
2016-02-17,7946.1899
2016-02-18,7916.6099
2016-02-19,7863.3599
2016-02-22,7961.4902
2016-02-23,7807.0098
2016-02-24,7689.5601
2016-02-25,7794.0498
2016-02-26,7877.0298
2016-02-29,7843.6299
2016-03-01,7962.2202
2016-03-02,8039.8901
2016-03-03,7950.8398
2016-03-04,7982.5698
2016-03-07,8019.1299
2016-03-08,7971.1499
2016-03-09,7975.8101
2016-03-10,7893.6602
2016-03-11,7998.4302
2016-03-14,8018.3599
2016-03-15,7953.9302
2016-03-16,7916.4302
2016-03-17,7861.79
2016-03-18,7813.6802
2016-03-21,7849.5698
2016-03-22,7853.0698
2016-03-23,7894.3599
2016-03-24,7775.5801
2016-03-29,7797.6499
2016-03-30,7845.0801
2016-03-31,7807.8901
2016-04-01,7688.3398
2016-04-04,7731.8101
2016-04-05,7673.6699
2016-04-06,7768.23
2016-04-07,7761.3501
2016-04-08,7817.5498
2016-04-11,7751.5801
2016-04-12,7788.7798
2016-04-13,7934.46
2016-04-14,8021
2016-04-15,8014.6001
2016-04-18,8044.6001
2016-04-19,8152.7598
2016-04-20,8186.9702
2016-04-21,8159.6699
2016-04-22,8109.4399
2016-04-25,8079.8901
2016-04-26,8077.1802
2016-04-27,8096.7598
2016-04-28,8099.4199
2016-04-29,7960.8501
2016-05-02,7977.77
2016-05-03,7850.6802
2016-05-04,7752.9702
2016-05-06,7735.6001
2016-05-09,7824.9502
2016-05-10,7934.9302
2016-05-11,7937.8799
2016-05-12,7885.8501
2016-05-13,7925.7598
2016-05-17,7906.7598
2016-05-18,7973.9302
2016-05-19,7908.79
2016-05-20,7997.2998
2016-05-23,8038.46
2016-05-24,8125.2402
2016-05-25,8167.6099
2016-05-26,8229.5498
2016-05-27,8292.4502
2016-05-30,8277.8301
2016-05-31,8216.4199
2016-06-01,8185.5298
2016-06-02,8205.8203
2016-06-03,8148.3999
2016-06-06,8165.98
2016-06-07,8215.7803
2016-06-08,8143.7598
2016-06-09,8076.3501
2016-06-10,7922.71
2016-06-13,7782.3501
2016-06-14,7638.77
2016-06-15,7679.4902
2016-06-16,7634.6602
2016-06-17,7713.6099
2016-06-20,7900.2202
2016-06-21,7935.75
2016-06-22,7972.1401
2016-06-23,8023.0498
2016-06-24,7747.1802
2016-06-27,7594.4902
2016-06-28,7773.7998
2016-06-29,7978.96
2016-06-30,8020.1499
2016-07-01,8085.21
2016-07-04,8056.71
2016-07-05,7941.6699
2016-07-06,7898.21
2016-07-07,7964.23
2016-07-08,8037.9399
2016-07-11,8117.1099
2016-07-12,8143.1299
2016-07-13,8142.3301
2016-07-14,8174.02
2016-07-15,8156.2598
2016-07-18,8161.6001
2016-07-19,8111.48
2016-07-20,8197.4297
2016-07-21,8182.4502
2016-07-22,8194.7305
2016-07-25,8194.4102
2016-07-26,8227.2002
2016-07-27,8221.3301
2016-07-28,8095.0698
2016-07-29,8127.2002
2016-08-02,8011.2402
2016-08-03,8010.1001
2016-08-04,8081.1401
2016-08-05,8194.3398
2016-08-08,8168.8398
2016-08-09,8229.4199
2016-08-10,8208.9004
2016-08-11,8296.1396
2016-08-12,8295.04
2016-08-15,8305.2803
2016-08-16,8215.4502
2016-08-17,8153.7998
2016-08-18,8189.73
2016-08-19,8127.2798
2016-08-22,8157.8501
2016-08-23,8201.6104
2016-08-24,8199.8301
2016-08-25,8141.2798
2016-08-26,8168.3198
2016-08-29,8184.0898
2016-08-30,8236.0098
2016-08-31,8202.1299
2016-09-01,8142.6401
2016-09-02,8294.2998
2016-09-05,8310.3701
2016-09-06,8304.3398
2016-09-07,8320.9902
2016-09-08,8315.2002
2016-09-09,8264.1299
2016-09-12,8206.2002
2016-09-13,8174.73
2016-09-14,8162.6499
2016-09-15,8184.8398
2016-09-16,8130.4399
2016-09-19,8195.71
2016-09-20,8237.54
2016-09-21,8226.4697
2016-09-22,8307.6299
2016-09-23,8272.8896
2016-09-26,8165.0498
2016-09-27,8175.4199
2016-09-28,8220.0703
2016-09-29,8164.2002
2016-09-30,8139.0098
2016-10-03,8166.3198
2016-10-04,8230.7305
2016-10-05,8195.2305
2016-10-06,8170.4399
2016-10-07,8124.5898
2016-10-10,8172.2202
2016-10-11,8135.1499
2016-10-12,8068.5601
2016-10-13,7999.9302
2016-10-14,8089.9102
2016-10-17,8000.96
2016-10-18,8074.6899
2016-10-19,8093.7798
2016-10-20,8069.27
2016-10-21,8034.8599
2016-10-24,7991.8799
2016-10-25,7929.8701
2016-10-26,7892.77
2016-10-27,7924.3901
2016-10-28,7908.5698
2016-10-31,7827.7402
2016-11-01,7761.3398
2016-11-02,7700.4102
2016-11-03,7640.9399
2016-11-04,7593.2002
2016-11-07,7735.2202
2016-11-08,7744.0298
2016-11-09,7897.8398
2016-11-10,7928.77
2016-11-11,7880.29
2016-11-14,7896.8501
2016-11-15,7909.2002
2016-11-16,7914.02
2016-11-17,7964.6802
2016-11-18,7904.5498
2016-11-21,7849.8599
2016-11-22,7741.8198
2016-11-23,7752.2402
2016-11-24,7798.5
2016-11-25,7881.5298
2016-11-28,7823.23
2016-11-29,7845.0098
2016-11-30,7875.1899
2016-12-01,7779.1099
2016-12-02,7784.0098
2016-12-05,7845.6802
2016-12-06,7912.3901
2016-12-07,7930.25
2016-12-08,7953.6802
2016-12-09,8099.6299
2016-12-12,8040.0898
2016-12-13,8162.5298
2016-12-14,8140.4102
2016-12-15,8214.2998
2016-12-16,8227.7197
2016-12-19,8234.4902
2016-12-20,8243
2016-12-21,8233.4502
2016-12-22,8237.9805
2016-12-23,8232.6396
2016-12-27,8259.4502
2016-12-28,8256.6104
2016-12-29,8251.1299
2016-12-30,8219.8701
2017-01-03,8316.1797
2017-01-04,8354.8096
2017-01-05,8392.4902
2017-01-06,8417.46
2017-01-09,8424.8604
2017-01-10,8449.1904
2017-01-11,8427.1504
2017-01-12,8375.0195
2017-01-13,8452.1904
2017-01-16,8362.5996
2017-01-17,8304.0996
2017-01-18,8312.4199
2017-01-19,8273.0801
2017-01-20,8275.1299
2017-01-23,8229.0098
2017-01-24,8246.6602
2017-01-25,8387.5498
2017-01-26,8405.4805
2017-01-27,8379.5703
2017-01-30,8320.8301
2017-01-31,8291.6904
2017-02-01,8329.1699
2017-02-02,8276.7002
2017-02-03,8350.8398
2017-02-06,8330.9297
2017-02-07,8370.1396
2017-02-08,8378.7305
2017-02-09,8437.54
2017-02-10,8456.2197
2017-02-13,8462.8799
2017-02-14,8426.1504
2017-02-15,8486.2695
2017-02-16,8467.5195
2017-02-17,8506.4902
2017-02-20,8514.5195
2017-02-21,8567.1797
2017-02-22,8585.8496
2017-02-23,8569.3604
2017-02-24,8525.6201
2017-02-27,8520.5596
2017-02-28,8545.8096
2017-03-01,8634.7002
2017-03-02,8661.6299
2017-03-03,8670.0596
2017-03-06,8664.7998
2017-03-07,8623.9697
2017-03-08,8626.6504
2017-03-09,8639.7002
2017-03-10,8669.9697
2017-03-13,8683.0498
2017-03-14,8663.54
2017-03-15,8688.8604
2017-03-16,8667.4805
2017-03-17,8698.5303
2017-03-20,8695.04
2017-03-21,8614.8604
2017-03-22,8567.8799
2017-03-23,8628.6396
2017-03-24,8613.6396
2017-03-27,8594.54
2017-03-28,8597.0195
2017-03-29,8661.5303
2017-03-30,8704.3896
2017-03-31,8658.8896
2017-04-03,8633.8604
2017-04-04,8646.9902
2017-04-05,8640.5098
2017-04-06,8638.3701
2017-04-07,8640.9102
2017-04-10,8616.6797
2017-04-11,8641.5498
2017-04-12,8663.7695
2017-04-13,8629.0195
2017-04-18,8529.2803
2017-04-19,8532.2695
2017-04-20,8557.8701
2017-04-21,8553.9902
2017-04-24,8711.3203
2017-04-25,8775.2402
2017-04-26,8830.29
2017-04-27,8844.7803
2017-04-28,8812.6699
2017-05-02,8868.5596
2017-05-03,8891.8896
2017-05-04,8980.0195
2017-05-05,9016.6602
2017-05-08,9039.6104
2017-05-09,9113.8301
2017-05-10,9089.7998
2017-05-11,9064.8799
2017-05-12,9123.4102
2017-05-15,9108.25
2017-05-16,9127.6104
2017-05-17,9001.5996
2017-05-18,8938.3701
2017-05-19,9022.5098
2017-05-22,9084.7803
2017-05-23,9061.7598
2017-05-24,9035.0898
2017-05-26,9042.0303
2017-05-29,9031.96
2017-05-30,9007.54
2017-05-31,9016.6396
2017-06-01,9024.9199
2017-06-02,9043.96
2017-06-06,8908.2695
2017-06-07,8876.7305
2017-06-08,8811.6201
2017-06-09,8845.8496
2017-06-12,8807.8496
2017-06-13,8867.0703
2017-06-14,8849.4004
2017-06-15,8853.0098
2017-06-16,8963.29
2017-06-19,9030.2998
2017-06-20,9023.5498
2017-06-21,8985.6104
2017-06-22,9051.2695
2017-06-23,9032.8896
2017-06-26,9121.2197
2017-06-27,9072.9199
2017-06-28,9076.7305
2017-06-29,8944.04
2017-06-30,8906.8896
2017-07-03,9009.8096
2017-07-04,8971.4004
2017-07-05,8954.0996
2017-07-06,8886.9502
2017-07-07,8883.2695
2017-07-10,8943.8398
2017-07-11,8874.0703
2017-07-12,9015.5996
2017-07-13,9003.5703
2017-07-14,9034.5703
2017-07-17,9038.6504
2017-07-18,8977.9805
2017-07-19,9024.3203
2017-07-20,9027.3701
2017-07-21,8938.6797
2017-07-24,8898.2305
2017-07-25,8937.9004
2017-07-26,8990.3398
2017-07-27,9017.79
2017-07-28,9019.3096
2017-07-31,9055
2017-08-02,9122.6797
2017-08-03,9136.6104
2017-08-04,9176.9902
2017-08-07,9155.1299
2017-08-08,9162.3301
2017-08-09,9027.1504
2017-08-10,8949.8604
2017-08-11,8884.04
2017-08-14,9031.2695
2017-08-15,9012.5195
2017-08-16,9037.9199
2017-08-17,8945.4004
2017-08-18,8874.3496
2017-08-21,8883.7803
2017-08-22,8963.8301
2017-08-23,8958.4902
2017-08-24,8943.04
2017-08-25,8906.1797
2017-08-28,8864.2305
2017-08-29,8814.54
2017-08-30,8851.2598
2017-08-31,8925.4502
2017-09-01,8941.6201
2017-09-04,8864.46
2017-09-05,8869.5596
2017-09-06,8859.4697
2017-09-07,8906.6602
2017-09-08,8912.0498
2017-09-11,8982.2305
2017-09-12,9053.6201
2017-09-13,9053.8301
2017-09-14,9071.4297
2017-09-15,9028.0498
2017-09-18,9048.1104
2017-09-19,9093.2002
2017-09-20,9095.6504
2017-09-21,9134.1299
2017-09-22,9136.7197
2017-09-25,9140.4697
2017-09-26,9113.6504
2017-09-27,9098.5801
2017-09-28,9112.1602
2017-09-29,9157.46
2017-10-02,9242.1504
2017-10-03,9283.7402
2017-10-04,9283.9697
2017-10-05,9262.6602
2017-10-06,9252.1201
2017-10-09,9259.3398
2017-10-10,9267.1699
2017-10-11,9265.3398
2017-10-12,9297.3398
2017-10-13,9311.6904
2017-10-16,9274.5898
2017-10-17,9269.8604
2017-10-18,9309.6104
2017-10-19,9233.5195
2017-10-20,9237.1299
2017-10-23,9248.4902
2017-10-24,9194.8398
2017-10-25,9084.04
2017-10-26,9200.0801
2017-10-27,9183.4199
2017-10-30,9175.5
2017-10-31,9242.1797
2017-11-01,9267.8203
2017-11-02,9279.6504
2017-11-03,9322.0498
2017-11-06,9288.7803
2017-11-07,9220.1602
2017-11-08,9265.8301
2017-11-09,9177.8203
2017-11-10,9134.1602
2017-11-13,9162.7402
2017-11-14,9130.4805
2017-11-15,9089.5498
2017-11-16,9146.8203
2017-11-17,9183.6104
2017-11-20,9299.6104
2017-11-21,9324.5303
2017-11-22,9291.8398
2017-11-23,9315.5596
2017-11-24,9325.5996
2017-11-27,9264.3896
2017-11-28,9320.4404
2017-11-29,9304.4199
2017-11-30,9318.7695
2017-12-01,9274.5498
2017-12-04,9328.6299
2017-12-05,9288.9199
2017-12-06,9309.9902
2017-12-07,9270.5703
2017-12-08,9319.1602
2017-12-11,9314.7598
2017-12-12,9361.4102
2017-12-13,9394.5498
2017-12-14,9383.0195
2017-12-15,9394.71
2017-12-18,9452.3203
2017-12-19,9399.1699
2017-12-20,9314.8301
2017-12-21,9424.6699
2017-12-22,9394.4902
2017-12-27,9430.4404
2017-12-28,9405.7998
2017-12-29,9381.8701
2018-01-03,9478.9199
2018-01-04,9509.2803
2018-01-05,9556.9805
2018-01-08,9541.7305
2018-01-09,9611.6104
2018-01-10,9524.96
2018-01-11,9503.8496
2018-01-12,9546.6104
2018-01-15,9537.2803
2018-01-16,9464.0498
2018-01-17,9440.0098
2018-01-18,9452.3496
2018-01-19,9509.7695
2018-01-22,9529.1299
2018-01-23,9551.5801
2018-01-24,9547.5703
2018-01-25,9482.96
2018-01-26,9515.5596
2018-01-29,9457.2695
2018-01-30,9433.3398
2018-01-31,9335.4004
2018-02-01,9290.9199
2018-02-02,9220.6904
2018-02-05,9100.3896
2018-02-06,8836.71
2018-02-07,8975.0098
2018-02-08,8763.1104
2018-02-09,8682
2018-02-12,8822.1797
2018-02-13,8752.6396
2018-02-14,8899.0996
2018-02-15,8917.7998
2018-02-16,8986.7197
2018-02-19,8908.6504
2018-02-20,8981.3896
2018-02-21,8988.9902
2018-02-22,8967.4297
2018-02-23,8948.1904
2018-02-26,9026.1104
2018-02-27,8992.5195
2018-02-28,8906.3799
2018-03-01,8792.3799
2018-03-02,8628.5098
2018-03-05,8808.3799
2018-03-06,8765.8799
2018-03-07,8784.8398
2018-03-08,8896.4199
2018-03-09,8931.8496
2018-03-12,8970.7402
2018-03-13,8880.9199
2018-03-14,8869.3301
2018-03-15,8878.9805
2018-03-16,8882.5303
2018-03-19,8811.3301
2018-03-20,8847.29
2018-03-21,8783.7002
2018-03-22,8637.8701
2018-03-23,8569.0801
2018-03-26,8509.29
2018-03-27,8638.4199
2018-03-28,8756.1201
2018-03-29,8740.9697
2018-04-03,8630.9297
2018-04-04,8553.6904
2018-04-05,8742.5996
2018-04-06,8671.04
2018-04-09,8687.0801
2018-04-10,8755.5703
2018-04-11,8708.4404
2018-04-12,8774.7598
2018-04-13,8776.1699
2018-04-16,8726.54
2018-04-17,8820.04
2018-04-18,8831.8799
2018-04-19,8833.1797
2018-04-20,8807.7998
2018-04-23,8806.6299
2018-04-24,8796.9102
2018-04-25,8740.96
2018-04-26,8835.0303
2018-04-27,8843.0195
2018-04-30,8886.2598
2018-05-02,8896.2803
2018-05-03,8842.29
2018-05-04,8903.8301
2018-05-07,8978.6504
2018-05-08,8944.9004
2018-05-09,8984.0996
2018-05-11,8993.5098
2018-05-14,9000.8896
2018-05-15,8994.2197
2018-05-16,8973.8799
2018-05-17,8988.3301
2018-05-18,8940.46
2018-05-22,8936.0703
2018-05-23,8794.9404
2018-05-24,8770.9404
2018-05-25,8759.0801
2018-05-28,8775.4502
2018-05-29,8637.2002
2018-05-30,8578.6797
2018-05-31,8456.9502
2018-06-01,8618.54
2018-06-04,8634.4199
2018-06-05,8538.3096
2018-06-06,8544.9902
2018-06-07,8548.3301
2018-06-08,8512.0596
2018-06-11,8623.54
2018-06-12,8640.7998
2018-06-13,8634.6104
2018-06-14,8690.8301
2018-06-15,8642.5996
2018-06-18,8519.5703
2018-06-19,8463.4102
2018-06-20,8557.5098
2018-06-21,8459.9297
2018-06-22,8616.5596
2018-06-25,8458.75
2018-06-26,8477.9805
2018-06-27,8504.5
2018-06-28,8461.71
2018-06-29,8609.2998
2018-07-02,8529.5898
2018-07-03,8625.4902
2018-07-04,8663.5303
2018-07-05,8674.04
2018-07-06,8697.4199
2018-07-09,8759.9199
2018-07-10,8768.9102
2018-07-11,8682.9297
2018-07-12,8818.1904
2018-07-13,8861.0498
2018-07-16,8847.96
2018-07-17,8824.6699
2018-07-18,8938.1201
2018-07-19,8933.9697
2018-07-20,8991.3398
2018-07-23,8959.79
2018-07-24,9005.5801
2018-07-25,9019.46
2018-07-26,9139.4697
2018-07-27,9173.2002
2018-07-30,9163.3799
2018-07-31,9174.3301
2018-08-02,9155.5703
2018-08-03,9158
2018-08-06,9149.3604
2018-08-07,9201.2197
2018-08-08,9176.1504
2018-08-09,9145.6797
2018-08-10,9031.3301
2018-08-13,9005.3496
2018-08-14,9010.1904
2018-08-15,8926.2305
2018-08-16,8997.7197
2018-08-17,9003.9102
2018-08-20,9059.5303
2018-08-21,9082.8604
2018-08-22,9048.2002
2018-08-23,9049.7197
2018-08-24,9052.9004
2018-08-27,9098.7002
2018-08-28,9084.2598
2018-08-29,9083.8398
2018-08-30,9042.0596
2018-08-31,8973.5596
2018-09-03,9003.4697
2018-09-04,8951.8896
2018-09-05,8868.8604
2018-09-06,8818.7197
2018-09-07,8843.1104
2018-09-10,8930.2402
2018-09-11,8914.9404
2018-09-12,8960.1299
2018-09-13,8960.0801
2018-09-14,8970
2018-09-17,8936.71
2018-09-18,8915.8701
2018-09-19,8939.8496
2018-09-20,9000.8096
2018-09-21,8995.3799
2018-09-24,8946.2197
2018-09-25,9021.6104
2018-09-26,9080.1396
2018-09-27,9112.2197
2018-09-28,9087.9902
2018-10-01,9127.0498
2018-10-02,9087.3203
2018-10-03,9175.21
2018-10-04,9097.5195
2018-10-05,9042.0801
2018-10-08,8964.1396
2018-10-09,8964.1104
2018-10-10,8892.8799
2018-10-11,8639.1904
2018-10-12,8660.3799
2018-10-15,8653.1602
2018-10-16,8794.9697
2018-10-17,8750.3496
2018-10-18,8779.1797
2018-10-19,8872.0898
2018-10-22,8865.5596
2018-10-23,8767.1504
2018-10-24,8724.6104
2018-10-25,8706.4004
2018-10-26,8665.7998
2018-10-29,8759.6201
2018-10-30,8854.2803
2018-10-31,9022.1602
2018-11-01,9017.25
2018-11-02,8992.2998
2018-11-05,9008.5801
2018-11-06,8992.0703
2018-11-07,9050.5303
2018-11-08,9094.9004
2018-11-09,9074.0303
2018-11-12,8984.0498
2018-11-13,9015.4297
2018-11-14,8931.2002
2018-11-15,8870.0303
2018-11-16,8907.3896
2018-11-19,8812.6104
2018-11-20,8769.4502
2018-11-21,8841.4805
2018-11-22,8781.29
2018-11-23,8845.9004
2018-11-26,8931.3701
2018-11-27,8898.0098
2018-11-28,8894.5801
2018-11-29,9015.5898
2018-11-30,9037.7598
2018-12-03,9106.5596
2018-12-04,9085
2018-12-05,8939.96
2018-12-06,8660.0303
2018-12-07,8741.0303
2018-12-10,8551.0195
2018-12-11,8715.0801
2018-12-12,8861.1396
2018-12-13,8814.7002
2018-12-14,8713.6797
2018-12-17,8602.6104
2018-12-18,8528.2695
2018-12-19,8540.1602
2018-12-20,8414.4805
2018-12-21,8417.29
2018-12-27,8195.6396
2018-12-28,8429.2998
2019-01-03,8466.0098
2019-01-04,8608.5596
2019-01-07,8535.9502
2019-01-08,8629.4805
2019-01-09,8687.71
2019-01-10,8801.4805
2019-01-11,8828.2197
2019-01-14,8760.3203
2019-01-15,8824.7305
2019-01-16,8873.7695
2019-01-17,8914.1396
2019-01-18,9023.96
2019-01-21,9011.4102
2019-01-22,8966.3398
2019-01-23,8957.1904
2019-01-24,8937.3896
2019-01-25,8922.4902
2019-01-28,8857.8496
2019-01-29,8940.5195
2019-01-30,8965.71
2019-01-31,8969.2695
2019-02-01,8996.3604
2019-02-04,9011.4805
2019-02-05,9150.5596
2019-02-06,9143
2019-02-07,9035.9004
2019-02-08,9003.4102
2019-02-11,9068.6201
2019-02-12,9127.4004
2019-02-13,9164.0596
2019-02-14,9142.71
2019-02-15,9242.1201
2019-02-18,9267.46
2019-02-19,9256.1699
2019-02-20,9315.6299
2019-02-21,9333.5703
2019-02-22,9348.9297
2019-02-25,9398.3701
2019-02-26,9461.21
2019-02-27,9412.1904
2019-02-28,9388.9404
2019-03-01,9412.0195
2019-03-04,9394.0498
2019-03-05,9399.1504
2019-03-06,9403.1602
2019-03-07,9324.5801
2019-03-08,9268.3604
2019-03-11,9341.3496
2019-03-12,9331.6201
2019-03-13,9387.4297
2019-03-14,9481.9004
2019-03-15,9483.0996
2019-03-18,9496.9297
2019-03-19,9525.9199
2019-03-20,9463.3203
2019-03-21,9454.0498
2019-03-22,9319.4199
2019-03-25,9305.5
2019-03-26,9389.2998
2019-03-27,9390.5898
2019-03-28,9405.9297
2019-03-29,9477.8398
2019-04-01,9538.1104
2019-04-02,9536.5703
2019-04-03,9570.0898
2019-04-04,9563.71
2019-04-05,9541.1504
2019-04-08,9547.3301
2019-04-09,9582.2197
2019-04-10,9556.3096
2019-04-11,9549.2598
2019-04-12,9484.9102
2019-04-15,9513.71
2019-04-16,9579.8496
2019-04-17,9596.5996
2019-04-18,9571.2197
2019-04-23,9635.0703
2019-04-24,9655.6699
2019-04-25,9694.0596
2019-04-26,9724.2695
2019-04-29,9740.4805
2019-04-30,9769.7402
2019-05-02,9746.0596
2019-05-03,9741.9902
2019-05-06,9657.2402
2019-05-07,9577.3799
2019-05-08,9621.96
2019-05-09,9430.2998
2019-05-10,9472.8301
2019-05-13,9363.1797
2019-05-14,9404.0801
2019-05-15,9480.7598
2019-05-16,9660.5898
2019-05-17,9659.0801
2019-05-20,9582.0801
2019-05-21,9624.1602
2019-05-22,9645.04
2019-05-23,9594.3096
2019-05-24,9666.8896
2019-05-27,9712.96
2019-05-28,9680.8701
2019-05-29,9541.9697
2019-05-31,9523.9805
2019-06-03,9602.7305
2019-06-04,9597.71
2019-06-05,9658.6201
2019-06-06,9682.29
2019-06-07,9749.1299
2019-06-11,9835.8701
2019-06-12,9859.7305
2019-06-13,9861.8301
2019-06-14,9847.6104
2019-06-17,9851.5703
2019-06-18,9988.5498
2019-06-19,9961.8096
2019-06-20,9978.5195
2019-06-21,9922.8301
2019-06-24,9898.8496
2019-06-25,9898.9004
2019-06-26,9838.1299
2019-06-27,9859.7598
2019-06-28,9898.2402
2019-07-01,9970
2019-07-02,10020.93
2019-07-03,10066.53
2019-07-04,10066.48
2019-07-05,9980.2197
2019-07-08,9994.0996
2019-07-09,9961.3398
2019-07-10,9937.5596
2019-07-11,9879.5303
2019-07-12,9762.9805
2019-07-15,9808.5801
2019-07-16,9850.5195
2019-07-17,9942.0098
2019-07-18,10010.15
2019-07-19,9937.0303
2019-07-22,9922.3701
2019-07-23,9965.1504
2019-07-24,9907.6797
2019-07-25,9877.0303
2019-07-26,9968.0801
2019-07-29,9970.8701
2019-07-30,9890.9004
2019-07-31,9919.2695
2019-08-02,9803.6904
2019-08-05,9599.4297
2019-08-06,9553.8799
2019-08-07,9533.9805
2019-08-08,9751.5498
2019-08-09,9749.9199
2019-08-12,9760.0195
2019-08-13,9786.2402
2019-08-14,9628.4805
2019-08-15,9606.2598
2019-08-16,9728.3896
2019-08-19,9825.5898
2019-08-20,9770.3896
2019-08-21,9848.1104
2019-08-22,9805.5
2019-08-23,9744.9805
2019-08-26,9715.8301
2019-08-27,9786.0801
2019-08-28,9758.1904
2019-08-29,9838.4805
2019-08-30,9895.6504
2019-09-02,9924.54
2019-09-03,9852.7002
2019-09-04,9894.5996
2019-09-05,9983.0703
2019-09-06,10073.82
2019-09-09,10059.37
2019-09-10,10020.48
2019-09-11,10098.59
2019-09-12,10094.09
2019-09-13,10047.34
2019-09-16,9969.1904
2019-09-17,10013.82
2019-09-18,10018.84
2019-09-19,10064.46
2019-09-20,10056.83
2019-09-23,9997.3896
2019-09-24,9991.3096
2019-09-25,9914.8203
2019-09-26,10010.71
2019-09-27,10037.81
2019-09-30,10078.32
2019-10-01,9952.5
2019-10-02,9757.2803
2019-10-03,9760.4404
2019-10-04,9827.7197
2019-10-07,9914.0596
2019-10-08,9800.2402
2019-10-09,9830.0498
2019-10-10,9903.0195
2019-10-11,10017.39
2019-10-14,9964.2402
2019-10-15,10048.75
2019-10-16,10032.49
2019-10-17,10008.94
2019-10-18,9965.4902
2019-10-21,9991.4199
2019-10-22,10017.35
2019-10-23,10023.52
2019-10-24,10106.53
2019-10-25,10197.09
2019-10-28,10231.8
2019-10-29,10257.69
2019-10-30,10254.95
2019-10-31,10219.82
2019-11-01,10252.24
2019-11-04,10337.07
2019-11-05,10272.98
2019-11-06,10318.1
2019-11-07,10326.78
2019-11-08,10309.23
2019-11-11,10305.27
2019-11-12,10314.16
2019-11-13,10299.22
2019-11-14,10233.23
2019-11-15,10310.12
2019-11-18,10347.18
2019-11-19,10366.02
2019-11-20,10385.74
2019-11-21,10338.35
2019-11-22,10369.44
2019-11-25,10468.62
2019-11-26,10506.93
2019-11-27,10529.26
2019-11-28,10529.14
2019-11-29,10493.24
2019-12-02,10348.44
2019-12-03,10232.93
2019-12-04,10334.56
2019-12-05,10363.5
2019-12-06,10463.88
2019-12-09,10434.89
2019-12-10,10390.53
2019-12-11,10405.31
2019-12-12,10451.36
2019-12-13,10429.27
2019-12-16,10541.67
2019-12-17,10538.89
2019-12-18,10556.74
2019-12-19,10575.15
2019-12-20,10679.37
2019-12-23,10724.34
2019-12-27,10730.15
2019-12-30,10616.94
2020-01-03,10699.82
2020-01-06,10665.41
2020-01-07,10686.8
2020-01-08,10652.16
2020-01-09,10650.97
2020-01-10,10639.49
2020-01-13,10622.41
2020-01-14,10655.82
2020-01-15,10670.74
2020-01-16,10693.52
2020-01-17,10841.82
2020-01-20,10846.29
2020-01-21,10884.51
2020-01-22,10895.07
2020-01-23,10813.94
2020-01-24,10849.75
2020-01-27,10675.96
2020-01-28,10781.98
2020-01-29,10859.88
2020-01-30,10748.92
2020-01-31,10627.88
2020-02-03,10664.95
2020-02-04,10800.64
2020-02-05,10994.15
2020-02-06,11012.36
2020-02-07,11001.53
2020-02-10,11039.78
2020-02-11,11101.17
2020-02-12,11089.24
2020-02-13,11092.35
2020-02-14,11128.81
2020-02-17,11168.45
2020-02-18,11146.28
2020-02-19,11263.01
2020-02-20,11154.53
2020-02-21,11110.78
2020-02-24,10712.84
2020-02-25,10478.51
2020-02-26,10512.15
2020-02-27,10205.46
2020-02-28,9831.0303
2020-03-02,9950.8301
2020-03-03,10087.4
2020-03-04,10251.39
2020-03-05,10143.57
2020-03-06,9736.8203
2020-03-09,9196.5996
2020-03-10,9195.9297
2020-03-11,9152.5
2020-03-12,8270.4404
2020-03-13,8367.5596
2020-03-16,8227.0801
2020-03-17,8493.04
2020-03-18,8338.7402
2020-03-19,8782.2402
2020-03-20,8623.8604
2020-03-23,8160.79
2020-03-24,8733.3203
2020-03-25,8989.1602
2020-03-26,9203.9805
2020-03-27,8996.3701
2020-03-30,9174.3896
2020-03-31,9311.9199
2020-04-01,9168.9805
2020-04-02,9270.96
2020-04-03,9242.4404
2020-04-06,9462.3398
2020-04-07,9514.5996
2020-04-08,9432.3896
2020-04-09,9452.8301
2020-04-14,9538.6104
2020-04-15,9320.2002
2020-04-16,9439.9102
2020-04-17,9612.8301
2020-04-20,9785.2695
2020-04-21,9547.8496
2020-04-22,9630.5596
2020-04-23,9625.4805
2020-04-24,9625.71
2020-04-27,9758.8203
2020-04-28,9889.46
2020-04-29,9865.3203
2020-04-30,9629.4004
2020-05-04,9390.2695
2020-05-05,9512.1699
2020-05-06,9571.7002
2020-05-07,9617.9805
2020-05-08,9665.3496
2020-05-11,9689.71
2020-05-12,9733.5303
2020-05-13,9631.6201
2020-05-14,9448.1396
2020-05-15,9483.0996
2020-05-18,9740.7695
2020-05-19,9764.2305
2020-05-20,9790.8496
2020-05-22,9688.9902
2020-05-25,9824.54
2020-05-26,9830.8301
2020-05-27,9716.5195
2020-05-28,9926.0303
2020-05-29,9831.4902
2020-06-02,9951.4502
2020-06-03,10183.77
2020-06-04,10075.68
2020-06-05,10190.37
2020-06-08,10152.77
2020-06-09,10184.82
2020-06-10,10147.18
2020-06-11,9828.5801
2020-06-12,9796.3701
2020-06-15,9842.5596
2020-06-16,10034.29
2020-06-17,10202.19
2020-06-18,10186.5
2020-06-19,10266.29
2020-06-22,10151.13
2020-06-23,10246.56
2020-06-24,10021.99
2020-06-25,10089.83
2020-06-26,10041.91
2020-06-29,10060.46
2020-06-30,10045.3
2020-07-01,10089.67
2020-07-02,10187.56
2020-07-03,10125.84
2020-07-06,10253.38
2020-07-07,10207.96
2020-07-08,10178.41
2020-07-09,10143.38
2020-07-10,10229.97
2020-07-13,10300.96
2020-07-14,10259.5
2020-07-15,10460.01
2020-07-16,10433.43
2020-07-17,10410.52
2020-07-20,10470.92
2020-07-21,10444.05
2020-07-22,10439.04
2020-07-23,10383.38
2020-07-24,10214.21
2020-07-27,10272.34
2020-07-28,10277.2
2020-07-29,10272.81
2020-07-30,10095.34
2020-07-31,10005.9
2020-08-03,10229.67
2020-08-04,10162.04
2020-08-05,10097.97
2020-08-06,10067.13
2020-08-07,10068.03
2020-08-10,10090.91
2020-08-11,10153.24
2020-08-12,10278.66
2020-08-13,10260.11
2020-08-14,10163.6
2020-08-17,10228.06
2020-08-18,10168.4
2020-08-19,10310.01
2020-08-20,10229.92
2020-08-21,10218.2
2020-08-24,10308.39
2020-08-25,10231.25
2020-08-26,10309.65
2020-08-27,10240.46
2020-08-28,10164.49
2020-08-31,10135.56
2020-09-01,10188.85
2020-09-02,10384.84
2020-09-03,10220.64
2020-09-04,10153.09
2020-09-07,10297.8
2020-09-08,10250.44
2020-09-09,10406.57
2020-09-10,10387.44
2020-09-11,10439.52
2020-09-14,10457.43
2020-09-15,10520
2020-09-16,10552.04
2020-09-17,10519.33
2020-09-18,10539.17
2020-09-21,10325.44
2020-09-22,10355.57
2020-09-23,10330.06
2020-09-24,10211.53
2020-09-25,10216.28
2020-09-28,10308.67
2020-09-29,10229.3
2020-09-30,10187
2020-10-01,10238.12
2020-10-02,10252.4
2020-10-05,10303.06
2020-10-06,10233.16
2020-10-07,10187.88
2020-10-08,10270.24
2020-10-09,10320.03
2020-10-12,10364.1
2020-10-13,10336.36
2020-10-14,10292.66
2020-10-15,10067.96
2020-10-16,10207.13
2020-10-19,10184.36
2020-10-20,10146.23
2020-10-21,9989.75
2020-10-22,9999.0498
2020-10-23,10023.9
2020-10-26,9985.6201
2020-10-27,9887.4902
2020-10-28,9618.6504
2020-10-29,9556.1396
2020-10-30,9587.1504
2020-11-02,9791.6797
2020-11-03,10003.82
2020-11-04,10286.79
2020-11-05,10306.35
2020-11-06,10322.57
2020-11-09,10417.99
2020-11-10,10360.69
2020-11-11,10532.27
2020-11-12,10496.2
2020-11-13,10492.61
2020-11-16,10586.74
2020-11-17,10565.12
2020-11-18,10563.89
2020-11-19,10490.77
2020-11-20,10495.65
2020-11-23,10464.4
2020-11-24,10491.59
2020-11-25,10488.27
2020-11-26,10497.79
2020-11-27,10501.18
2020-11-30,10476.43
2020-12-01,10449.21
2020-12-02,10435.36
2020-12-03,10342.63
2020-12-04,10364.5
2020-12-07,10375.38
2020-12-08,10394.1
2020-12-09,10430.02
2020-12-10,10395.96
2020-12-11,10391.76
2020-12-14,10373.03
2020-12-15,10341.18
2020-12-16,10456.78
2020-12-17,10540.36
2020-12-18,10523.86
2020-12-21,10305.52
2020-12-22,10403.37
2020-12-23,10411.92
2020-12-28,10603.49
2020-12-29,10682.04
2020-12-30,10703.51
2021-01-04,10738.39
2021-01-05,10694.09
2021-01-06,10747.08
2021-01-07,10778.67
2021-01-08,10797.99
2021-01-11,10870.42
2021-01-12,10875.25
2021-01-13,10846.88
2021-01-14,10850.81
2021-01-15,10877.06
2021-01-18,10888.54
2021-01-19,10876.98
2021-01-20,10945.46
2021-01-21,10913.11
2021-01-22,10930.81
2021-01-25,10925.7
2021-01-26,10964.05
2021-01-27,10904.24
2021-01-28,10849.82
2021-01-29,10591.06
2021-02-01,10740.22
2021-02-02,10803.57
2021-02-03,10775.68
2021-02-04,10860.95
2021-02-05,10755.47
2021-02-08,10778.83
2021-02-09,10803.67
2021-02-10,10825.75
2021-02-11,10852.91
2021-02-12,10880.37
2021-02-15,10940.99
2021-02-16,10907.6
2021-02-17,10809.28
2021-02-18,10717.71
2021-02-19,10704.75
2021-02-22,10697.38
2021-02-23,10609.03
2021-02-24,10727.7
2021-02-25,10658.87
2021-02-26,10522.22
2021-03-01,10706.59
2021-03-02,10817.15
2021-03-03,10771.88
2021-03-04,10750.09
2021-03-05,10607.79
2021-03-08,10830.38
2021-03-09,10857.97
2021-03-10,10909.77
2021-03-11,10883.23
2021-03-12,10839.93
2021-03-15,10867.33
2021-03-16,10944.48
2021-03-17,10922.49
2021-03-18,10973.76
2021-03-19,10967.37
2021-03-22,11048.58
2021-03-23,11098.66
2021-03-24,11063.87
2021-03-25,11098.81
2021-03-26,11116.81
2021-03-29,11089.6
2021-03-30,11121.42
2021-03-31,11047.37
2021-04-01,11118.03
2021-04-06,11182.95
2021-04-07,11128.18
2021-04-08,11206.88
2021-04-09,11238.52
2021-04-12,11181.35
2021-04-13,11122.37
2021-04-14,11156.21
2021-04-15,11198.7
2021-04-16,11262.97
2021-04-19,11209.84
2021-04-20,11078.98
2021-04-21,11209.09
2021-04-22,11224.9
2021-04-23,11200.54
2021-04-26,11162.09
2021-04-27,11092.08
2021-04-28,11103.46
2021-04-29,11079.51
2021-04-30,11022.34
2021-05-03,11119
2021-05-04,10970.93
2021-05-05,11108.88
2021-05-06,11111.1
2021-05-07,11173.57
2021-05-10,11123.67
2021-05-11,10989.32
2021-05-12,11033.9
2021-05-14,11120.77
2021-05-17,11135.37
2021-05-18,11141.75
2021-05-19,11045.2
2021-05-20,11152.08
2021-05-21,11225.58
2021-05-25,11305.74
2021-05-26,11348.74
2021-05-27,11340.27
2021-05-28,11426.15
2021-05-31,11363.45
2021-06-01,11434.88
2021-06-02,11470.35
2021-06-03,11510.6
2021-06-04,11570.68
2021-06-07,11630.66
2021-06-08,11656.89
2021-06-09,11788.1
2021-06-10,11810.8
2021-06-11,11841.3
2021-06-14,11866.41
2021-06-15,11921.97
2021-06-16,11982.03
2021-06-17,12011.11
2021-06-18,11941.25
2021-06-21,11995.63
2021-06-22,11982.48
2021-06-23,11898.62
2021-06-24,11993.64
2021-06-25,11999.7
2021-06-28,12009.17
2021-06-29,12028.45
2021-06-30,11942.72
2021-07-01,11977.03
2021-07-02,11964.84
2021-07-05,11967.57
2021-07-06,11965.22
2021-07-07,12085.51
2021-07-08,11924.66
2021-07-09,11989.81
2021-07-12,12081.62
2021-07-13,12071.05
2021-07-14,12043.35
2021-07-15,11976.79
2021-07-16,12026.5
2021-07-19,11862.08
2021-07-20,11945.68
2021-07-21,12021.58
2021-07-22,11977
2021-07-23,12130.83
2021-07-26,12049.63
2021-07-27,12021.09
2021-07-28,12073.23
2021-07-29,12086.74
2021-07-30,12116.82
2021-08-02,12171.02
2021-08-03,12163.22
2021-08-04,12178.74
2021-08-05,12199.82
2021-08-06,12176.3
2021-08-09,12310.75
2021-08-10,12361.69
2021-08-11,12387.9
2021-08-12,12429.17
2021-08-13,12464.44
2021-08-16,12419.14
2021-08-17,12477.44
2021-08-18,12545.35
2021-08-19,12403.58
2021-08-20,12415.66
2021-08-23,12476.87
2021-08-24,12436.66
2021-08-25,12364.57
2021-08-26,12409.03
2021-08-27,12439
2021-08-30,12436.58
2021-08-31,12411.11
2021-09-01,12432.79
2021-09-02,12432.46
2021-09-03,12351.84
2021-09-06,12430.23
2021-09-07,12344.38
2021-09-08,12215.14
2021-09-09,12116.43
2021-09-10,12060.64
2021-09-13,12074.81
2021-09-14,12097.28
2021-09-15,11984.83
2021-09-16,12028.44
2021-09-17,11935.53
2021-09-20,11766.42
2021-09-21,11789.17
2021-09-22,11837.57
2021-09-23,11938.62
2021-09-24,11817.2
2021-09-27,11691.18
2021-09-28,11485.58
2021-09-29,11628.33
2021-09-30,11642.45
2021-10-01,11575.37
2021-10-04,11582.35
2021-10-05,11587
2021-10-06,11569.39
2021-10-07,11763.64
2021-10-08,11764.99
2021-10-11,11771.57
2021-10-12,11756.76
2021-10-13,11814.59
2021-10-14,11892.52
2021-10-15,11961.34
2021-10-18,11968.08
2021-10-19,11942.74
2021-10-20,12013.15
2021-10-21,12039.14
2021-10-22,12056.21
2021-10-25,12063.17
2021-10-26,12146.52
2021-10-27,12087.45
2021-10-28,12153.1
2021-10-29,12108.17
2021-11-01,12216.33
2021-11-02,12321
2021-11-03,12383.27
2021-11-04,12403.05
2021-11-05,12321.85
2021-11-08,12353.35
2021-11-09,12367.52
2021-11-10,12401.4
2021-11-11,12421.08
2021-11-12,12516.05
2021-11-15,12517.12
2021-11-16,12557.34
2021-11-17,12600.15
2021-11-18,12553.19
2021-11-19,12545.01
2021-11-22,12510.81
2021-11-23,12366.73
2021-11-24,12395.72
2021-11-25,12449.68
2021-11-26,12199.21
2021-11-29,12220.74
2021-11-30,12159.69
2021-12-01,12266.46
2021-12-02,12177.52
2021-12-03,12175.77
2021-12-06,12375.35
2021-12-07,12513.62
2021-12-08,12597.43
2021-12-09,12607.63
2021-12-10,12607.73
2021-12-13,12551.28
2021-12-14,12411.58
2021-12-15,12530.95
2021-12-16,12790.89
2021-12-17,12715.48
2021-12-20,12589.89
2021-12-21,12682.53
2021-12-22,12713.9
2021-12-23,12785.32
2021-12-27,12866.9
2021-12-28,12970.53
2021-12-29,12926.56
2021-12-30,12875.66
2022-01-03,12939.17
2022-01-04,12900.97
2022-01-05,12906.37
2022-01-06,12792.28
2022-01-07,12797.94
2022-01-10,12597.35
2022-01-11,12709.71
2022-01-12,12670.47
2022-01-13,12620.44
2022-01-14,12525.63
2022-01-17,12633.21
2022-01-18,12529.56
2022-01-19,12525.69
2022-01-20,12560.7
2022-01-21,12355.54
2022-01-24,11881.3
2022-01-25,11945.69
2022-01-26,12098.26
2022-01-27,12176.9
2022-01-28,12104.44
2022-01-31,12226.7
2022-02-01,12359.8
2022-02-02,12360.37
2022-02-03,12234.15
2022-02-04,12140.25
2022-02-07,12193.81
2022-02-08,12155.66
2022-02-09,12367.82
2022-02-10,12313.16
2022-02-11,12231.97
2022-02-14,12026.37
2022-02-15,12181.86
2022-02-16,12191.57
2022-02-17,12075.27
2022-02-18,12010.09
2022-02-21,11891.88
2022-02-22,11959.39
2022-02-23,11941.89
2022-02-24,11636.76
2022-02-25,11987.31
2022-02-28,11986.78
2022-03-01,11862.28
2022-03-02,11871.59
2022-03-03,11675.7
2022-03-04,11300.13
2022-03-07,11204.67
2022-03-08,11057.06
2022-03-09,11493.36
2022-03-10,11391.1
2022-03-11,11495.69
2022-03-14,11678.94
2022-03-15,11682.22
2022-03-16,11900.96
2022-03-17,12061.87
2022-03-18,12184.99
2022-03-21,12171.28
2022-03-22,12202.62
2022-03-23,12099.5
2022-03-24,12131.45
2022-03-25,12121.67
2022-03-28,12155.95
2022-03-29,12325.58
2022-03-30,12243.73
2022-03-31,12161.53
2022-04-01,12179.08
2022-04-04,12340.87
2022-04-05,12376.97
2022-04-06,12320.1
2022-04-07,12372.46
2022-04-08,12507.69
2022-04-11,12528.61
2022-04-12,12378.87
2022-04-13,12378.68
2022-04-14,12475.08
2022-04-19,12281.42
2022-04-20,12310.17
2022-04-21,12301.33
2022-04-22,12258.33
2022-04-25,12084.98
2022-04-26,11933.28
2022-04-27,12051.48
2022-04-28,12068.41
2022-04-29,12128.76
2022-05-02,11971.73
2022-05-03,12001.88
2022-05-04,11880.24
2022-05-05,11877.27
2022-05-06,11730.42
2022-05-09,11444.18
2022-05-10,11541.72
2022-05-11,11553.66
2022-05-12,11506.13
2022-05-13,11650.42
2022-05-16,11672.23
2022-05-17,11730.44
2022-05-18,11579.14
2022-05-19,11309.49
2022-05-20,11308.98
2022-05-23,11466.28
2022-05-24,11483.56
2022-05-25,11491.8
2022-05-27,11647.17
2022-05-30,11736.26
2022-05-31,11611.38
2022-06-01,11494.12
2022-06-02,11550.2
2022-06-03,11529.16
2022-06-07,11534.18
2022-06-08,11467.39
2022-06-09,11322.43
2022-06-10,11084.62
2022-06-13,10896.25
2022-06-14,10699.07
2022-06-15,10783.59
2022-06-16,10475.37
2022-06-17,10451.31
2022-06-20,10485.91
2022-06-21,10479.84
2022-06-22,10528.34
2022-06-23,10453.31
2022-06-24,10823.12
2022-06-27,10906.82
2022-06-28,10809.57
2022-06-29,10811.75
2022-06-30,10741.21
2022-07-01,10770.4
2022-07-04,10881.97
2022-07-05,10702.5
2022-07-06,10840.6
2022-07-07,10940.98
2022-07-08,11015.03
2022-07-11,11027.16
2022-07-12,11069.83
2022-07-13,10904.85
2022-07-14,10799.52
2022-07-15,10982.09
2022-07-18,11010.18
2022-07-19,11122.08
2022-07-20,11059.49
2022-07-21,11134.74
2022-07-22,11096.12
2022-07-25,11129.35
2022-07-26,11102.31
2022-07-27,11056.74
2022-07-28,11129.33
2022-07-29,11145.91
2022-08-02,11118.1
2022-08-03,11178.99
2022-08-04,11202.66
2022-08-05,11123.07
2022-08-08,11166.32
2022-08-09,11132.48
2022-08-10,11155.1
2022-08-11,11154.58
2022-08-12,11128.24
2022-08-15,11171.54
2022-08-16,11130.44
2022-08-17,11128.19
2022-08-18,11167.59
2022-08-19,11156.72
2022-08-22,11085.84
2022-08-23,10933.06
2022-08-24,11012.87
2022-08-25,11063.88
2022-08-26,10942.16
2022-08-29,10896.74
2022-08-30,10884.95
2022-08-31,10855.03
2022-09-01,10663.44
2022-09-02,10891.71
2022-09-05,10819.54
2022-09-06,10834.18
2022-09-07,10805.16
2022-09-08,10790.32
2022-09-09,10900.24
2022-09-12,10990.75
2022-09-13,10891.54
2022-09-14,10754.4
2022-09-15,10746.7
2022-09-16,10610.65
2022-09-19,10617.01
2022-09-20,10476.54
2022-09-21,10429.4
2022-09-22,10297.65
2022-09-23,10137.78
2022-09-26,10072.62
2022-09-27,10126.43
2022-09-28,10220.76
2022-09-29,10126.99
2022-09-30,10267.55
2022-10-03,10290.71
2022-10-04,10590.92
2022-10-05,10477.69
2022-10-06,10391.13
2022-10-07,10308.57
2022-10-10,10262.52
2022-10-11,10207.83
2022-10-12,10199.32
2022-10-13,10227.9
2022-10-14,10329.34
2022-10-17,10498.71
2022-10-18,10578.76
2022-10-19,10484.14
2022-10-20,10473.45
2022-10-21,10418.6
2022-10-24,10595.53
2022-10-25,10773.34
2022-10-26,10817.21
2022-10-27,10706.62
2022-10-28,10772.37
2022-10-31,10827.93
2022-11-01,10783.65
2022-11-02,10806.23
2022-11-03,10710.59
2022-11-04,10787.77
2022-11-07,10750.39
2022-11-08,10827.04
2022-11-09,10904.33
2022-11-10,11120.49
2022-11-11,11127.15
2022-11-14,10999.59
2022-11-15,11026.22
2022-11-16,10936.62
2022-11-17,10917.88
2022-11-18,11045.49
2022-11-21,11085.04
2022-11-22,11074.3
2022-11-23,11094.46
2022-11-24,11157.56
2022-11-25,11168.03
2022-11-28,11162.16
2022-11-29,11077.81
2022-11-30,11127.77
2022-12-01,11238.2
2022-12-02,11198.13
2022-12-05,11194.67
2022-12-06,11109.33
2022-12-07,11009.95
2022-12-08,11004.53
2022-12-09,11068.3
2022-12-12,11033.64
2022-12-13,11136.62
2022-12-14,11160.69
2022-12-15,10880.14
2022-12-16,10770.38
2022-12-19,10773.23
2022-12-20,10659.19
2022-12-21,10845.59
2022-12-22,10774.64
2022-12-23,10804.68
2022-12-27,10839.22
2022-12-28,10812.67
2022-12-29,10857.35
2022-12-30,10729.4
2023-01-03,10978.64
2023-01-04,11140.27
2023-01-05,11057.39
2023-01-06,11144.54
2023-01-09,11212.57
2023-01-10,11162.15
2023-01-11,11246.01
2023-01-12,11287.82
2023-01-13,11290.79
2023-01-16,11435.99
2023-01-17,11401.99
2023-01-18,11366.62
2023-01-19,11258.97
2023-01-20,11295.02
2023-01-23,11406.27
2023-01-24,11406.29
2023-01-25,11404.77
2023-01-26,11317.56
2023-01-27,11332.3
2023-01-30,11379.64
2023-01-31,11285.78
2023-02-01,11200.93
2023-02-02,11188.42
2023-02-03,11349.39
2023-02-06,11283.25
2023-02-07,11233.87
2023-02-08,11276.28
2023-02-09,11217.73
2023-02-10,11130.46
2023-02-13,11209.34
2023-02-14,11231.91
2023-02-15,11272.67
2023-02-16,11194.91
2023-02-17,11256.29
2023-02-20,11266.68
2023-02-21,11282.16
2023-02-22,11300.29
2023-02-23,11247.75
2023-02-24,11181.77
2023-02-27,11219.93
2023-02-28,11098.35
2023-03-01,11056.08
2023-03-02,11165.58
2023-03-03,11190.09
2023-03-06,11147.25
2023-03-07,11064.08
2023-03-08,11025.26
2023-03-09,10948.85
2023-03-10,10765.26
2023-03-13,10632.05
2023-03-14,10716.72
2023-03-15,10516.4
2023-03-16,10719.1
2023-03-17,10613.55
2023-03-20,10643.64
2023-03-21,10792.58
2023-03-22,10782.28
2023-03-23,10718.54
2023-03-24,10634.04
2023-03-27,10786.22
2023-03-28,10839.11
2023-03-29,10963.31
2023-03-30,11032.21
2023-03-31,11106.24
2023-04-03,11093.09
2023-04-04,11073.48
2023-04-05,11115.4
2023-04-06,11230.07
2023-04-11,11265.3
2023-04-12,11231.99
2023-04-13,11258.95
2023-04-14,11342.86
2023-04-17,11311.76
2023-04-18,11358.98
2023-04-19,11366.22
2023-04-20,11390.64
2023-04-21,11460.58
2023-04-24,11467.2
2023-04-25,11513.12
2023-04-26,11364.91
2023-04-27,11361.89
2023-04-28,11437.14
2023-05-02,11423.33
2023-05-03,11506.19
2023-05-04,11456.37
2023-05-05,11554.24
2023-05-08,11595.25
2023-05-09,11546.04
2023-05-10,11447.23
2023-05-11,11522.97
2023-05-12,11564.73
2023-05-15,11578.25
2023-05-16,11519.87
2023-05-17,11437.78
2023-05-19,11571.16
2023-05-22,11553.23
2023-05-23,11484.9
2023-05-24,11383.14
2023-05-25,11325.26
2023-05-26,11434.24
2023-05-30,11282.45
2023-05-31,11217.89
2023-06-01,11296.28
2023-06-02,11443.35
2023-06-05,11415
2023-06-06,11468.27
2023-06-07,11348.11
2023-06-08,11308.9
2023-06-09,11254.42
2023-06-12,11301.25
2023-06-13,11327.27
2023-06-14,11278.3
2023-06-15,11302.83
2023-06-16,11386.26
2023-06-19,11306.64
2023-06-20,11215.91
2023-06-21,11173.65
2023-06-22,11183.42
2023-06-23,11221.22
2023-06-26,11141.9
2023-06-27,11142.65
2023-06-28,11183.55
2023-06-29,11170.51
2023-06-30,11280.29
2023-07-03,11219.15
2023-07-04,11217.34
2023-07-05,11193.92
2023-07-06,10986.78
2023-07-07,10874.9
2023-07-10,10922.01
2023-07-11,10962.59
2023-07-12,11019.03
2023-07-13,11021.66
2023-07-14,11110.19
2023-07-17,10976.2
2023-07-18,11103.55
2023-07-19,11120.15
2023-07-20,11201.55
2023-07-21,11207.38
2023-07-24,11177.68
2023-07-25,11231.41
2023-07-26,11183.55
2023-07-27,11373.21
2023-07-28,11317.74
2023-07-31,11309.25
2023-08-02,11212.7
2023-08-03,11087.18
2023-08-04,11098.48
2023-08-07,11107.47
2023-08-08,11057.32
2023-08-09,11081.54
2023-08-10,11149.79
2023-08-11,11081.63
2023-08-14,11110.11
2023-08-15,10985.22
2023-08-16,10992.31
2023-08-17,10884.89
2023-08-18,10839.06
2023-08-21,10848.34
2023-08-22,10875.68
2023-08-23,10973.64
2023-08-24,10976.83
2023-08-25,10956.9
2023-08-28,11032.76
2023-08-29,11106.24
2023-08-30,11090.22
2023-08-31,11125.95
2023-09-01,11075.15
2023-09-04,11053.59
2023-09-05,10958.9
2023-09-06,10924.42
2023-09-07,10993.43
2023-09-08,10948.59
2023-09-11,10972.21
2023-09-12,10987.13
2023-09-13,10976.38
2023-09-14,11098.32
2023-09-15,11197.72
2023-09-18,11090.61
2023-09-19,11068.7
2023-09-20,11154.11
2023-09-21,11084.74
2023-09-22,11014.76
2023-09-25,11014.26
2023-09-26,10953.7
2023-09-27,10882.31
2023-09-28,10917.79
2023-09-29,10963.5
2023-10-02,10863.65
2023-10-03,10763.37
2023-10-04,10756.19
2023-10-05,10783.15
2023-10-06,10837.59
2023-10-09,10822.24
2023-10-10,11001.69
2023-10-11,11038.3
2023-10-12,10979.77
2023-10-13,10900.3
2023-10-16,10889.03
2023-10-17,10814.02
2023-10-18,10675.44
2023-10-19,10448.23
2023-10-20,10348.6
2023-10-23,10331.92
2023-10-24,10376.81
2023-10-25,10400.93
2023-10-26,10367.69
2023-10-27,10323.71
2023-10-30,10382.19
2023-10-31,10391.16
2023-11-01,10503.89
2023-11-02,10591.98
2023-11-03,10579.67
2023-11-06,10576.75
2023-11-07,10571.03
2023-11-08,10595.06
2023-11-09,10644.99
2023-11-10,10555.35
2023-11-13,10590.39
2023-11-14,10715.73
2023-11-15,10708.19
2023-11-16,10643.07
2023-11-17,10737.37
2023-11-20,10740.27
2023-11-21,10782.23
2023-11-22,10832.39
2023-11-23,10851.62
2023-11-24,10879.52
2023-11-27,10821.06
2023-11-28,10760.38
2023-11-29,10802.88
2023-11-30,10854.32
2023-12-01,10887.36
2023-12-04,10952.44
2023-12-05,10964.81
2023-12-06,11001.62
2023-12-07,10968.1
2023-12-08,11071.77
2023-12-11,11130.36
2023-12-12,11151.22
2023-12-13,11188.91
2023-12-14,11209.95
2023-12-15,11191.89
2023-12-18,11155.8
2023-12-19,11146.43
2023-12-20,11144.88
2023-12-21,11132.6
2023-12-22,11153.09
2023-12-27,11113.98
2023-12-28,11057.55
2023-12-29,11137.79
2024-01-03,11170.26
2024-01-04,11224.37
2024-01-05,11185.9
2024-01-08,11230.4
2024-01-09,11248.65
2024-01-10,11255
2024-01-11,11153.62
2024-01-12,11226.4
2024-01-15,11207.51
2024-01-16,11229.65
2024-01-17,11148.56
2024-01-18,11185.88
2024-01-19,11150.52
2024-01-22,11275.35
2024-01-23,11149.26
2024-01-24,11196.82
2024-01-25,11209.02
2024-01-26,11390.13
2024-01-29,11429.83
2024-01-30,11443.13
2024-01-31,11333.38
2024-02-01,11213.91
2024-02-02,11239.68
2024-02-05,11274.47
2024-02-06,11245.03
2024-02-07,11210.25
2024-02-08,11138.85
2024-02-09,11091.58
2024-02-12,11179.3
2024-02-13,11142.79
2024-02-14,11213.64
2024-02-15,11284.18
2024-02-16,11310.61
2024-02-19,11398.44
2024-02-20,11456.96
2024-02-21,11428.74
2024-02-22,11386.17
2024-02-23,11496.76
2024-02-26,11452.88
2024-02-27,11440.45
2024-02-28,11414.38
2024-02-29,11438.86
2024-03-01,11493.92
2024-03-04,11477.8
2024-03-05,11463.74
2024-03-06,11546.47
2024-03-07,11575.37
2024-03-08,11647.14
2024-03-11,11685.19
2024-03-12,11762.05
2024-03-13,11790.46
2024-03-14,11720.7
2024-03-15,11676.13
2024-03-18,11623.63
2024-03-19,11577.8
2024-03-20,11618.63
2024-03-21,11703.66
2024-03-22,11651.99
2024-03-25,11637.05
2024-03-26,11680.36
2024-03-27,11705.71
2024-03-28,11730.43
2024-04-02,11595
2024-04-03,11616.87
2024-04-04,11691.13
2024-04-05,11495.79
2024-04-08,11547.14
2024-04-09,11506.04
2024-04-10,11495.21
2024-04-11,11465.74
2024-04-12,11379.58
2024-04-15,11395.81
2024-04-16,11196.67
2024-04-17,11231.83
2024-04-18,11230.43
2024-04-19,11296.4
2024-04-22,11327.77
2024-04-23,11469.15
2024-04-24,11370.74
2024-04-25,11260.61
2024-04-26,11344.32
2024-04-29,11332.36
2024-04-30,11260.91
2024-05-02,11209.63
2024-05-03,11272.95
2024-05-06,11327.66
2024-05-07,11512.97
2024-05-08,11602.21
2024-05-10,11753.7
2024-05-13,11768.08
2024-05-14,11784.07
2024-05-15,11899.26
2024-05-16,11946.66
2024-05-17,12037.99
2024-05-21,12001.5
2024-05-22,11958.67
2024-05-23,11966.75
2024-05-24,11931.7
2024-05-27,11960.57
2024-05-28,11854.5
2024-05-29,11793.73
2024-05-30,11869.9
2024-05-31,12000.86
2024-06-03,12007.04
2024-06-04,12008.94
2024-06-05,12150.02
2024-06-06,12241.25
2024-06-07,12254.76
2024-06-10,12137.74
2024-06-11,12072.92
2024-06-12,12167.59
2024-06-13,12095.99
2024-06-14,12044.59
2024-06-17,12003.52
2024-06-18,12046.61
2024-06-19,12060.24
2024-06-20,12128.16
2024-06-21,12012.87
2024-06-24,12157.29
2024-06-25,12086.31
2024-06-26,12015.72
2024-06-27,12004.31
2024-06-28,11993.83
2024-07-01,12049.61
2024-07-02,12011.02
2024-07-03,12018.3
2024-07-04,12068.8
2024-07-05,12006.14
2024-07-08,12051.66
2024-07-09,12037.36
2024-07-10,12151.19
2024-07-11,12255.78
2024-07-12,12365.18
2024-07-15,12279.86
2024-07-16,12260.93
2024-07-17,12333.93
2024-07-18,12247.61
2024-07-19,12173.44
2024-07-22,12296.74
2024-07-23,12278.82
2024-07-24,12203.17
2024-07-25,12105.54
2024-07-26,12241.49
2024-07-29,12214.9
2024-07-30,12282.02
2024-07-31,12317.44
2024-08-02,11875.52
2024-08-05,11543.25
2024-08-06,11510.46
2024-08-07,11843.18
2024-08-08,11827.43
2024-08-09,11865.93
2024-08-12,11873.71
2024-08-13,11928.14
2024-08-14,12071.83
2024-08-15,12150.22
2024-08-16,12188.73
2024-08-19,12275.24
2024-08-20,12266.56
2024-08-21,12250.11
2024-08-22,12305.45
2024-08-23,12347.46
2024-08-26,12354.35
2024-08-27,12296.72
2024-08-28,12348.7
2024-08-29,12417.72
2024-08-30,12436.59
2024-09-02,12451.48
2024-09-03,12348.19
2024-09-04,12176.17
2024-09-05,12031.34
2024-09-06,11908.24
2024-09-09,11980.64
2024-09-10,11964.71
2024-09-11,11922.91
2024-09-12,11982.34
2024-09-13,12037.28
2024-09-16,12005.47
2024-09-17,12042.78
2024-09-18,11982.3
2024-09-19,12058.3
2024-09-20,11934.07
2024-09-23,11965.35
2024-09-24,12048.85
2024-09-25,12148.38
2024-09-26,12209.62
2024-09-27,12234.05
2024-09-30,12168.87
2024-10-01,12086.66
2024-10-02,12122.09
2024-10-03,12012.32
2024-10-04,11997.09
2024-10-07,12008.7
2024-10-08,12010.99
2024-10-09,12122.93
2024-10-10,12077.76
2024-10-11,12154.19
2024-10-14,12259.23
2024-10-15,12218.85
2024-10-16,12193.07
2024-10-17,12304.27
2024-10-18,12326.76
2024-10-21,12261.87
2024-10-22,12163.33
2024-10-23,12147.1
2024-10-24,12173.04
2024-10-25,12184
2024-10-28,12237.97
2024-10-29,12100.57
2024-10-30,11967.7
2024-10-31,11792.92
2024-11-01,11967.2
2024-11-04,11896.94
2024-11-05,11866.01
2024-11-06,11847.29
2024-11-07,11917
2024-11-08,11797.72
2024-11-11,11902.79
2024-11-12,11712.09
2024-11-13,11703.81
2024-11-14,11783.65
2024-11-15,11627.04
2024-11-18,11639.6
2024-11-19,11541.43
2024-11-20,11539.64
2024-11-21,11591.59
2024-11-22,11716.5
2024-11-25,11678.59
2024-11-26,11632.88
2024-11-27,11644.01
2024-11-28,11709.8
2024-11-29,11764.2
2024-12-02,11829.24
2024-12-03,11834.32
2024-12-04,11783.61
2024-12-05,11790.79
2024-12-06,11780.65
2024-12-09,11761.72
2024-12-10,11642.39
2024-12-11,11681.87
2024-12-12,11715.85
2024-12-13,11694.43
2024-12-16,11701.51
2024-12-17,11740.52
2024-12-18,11638.91
2024-12-19,11414.84
2024-12-20,11384.92
2024-12-23,11488.28
2024-12-27,11589.34
2024-12-30,11600.9
2025-01-03,11624.02
2025-01-06,11691.13
2025-01-07,11830.77
2025-01-08,11876.21
2025-01-09,11927.11
2025-01-10,11791.91
2025-01-13,11701.72
2025-01-14,11702.57
2025-01-15,11781.74
2025-01-16,11942
2025-01-17,11990.27
2025-01-20,12037.22
2025-01-21,12111.16
2025-01-22,12207.89
2025-01-23,12265.4
2025-01-24,12287.28
2025-01-27,12416.61
2025-01-28,12455.44
2025-01-29,12530.32
2025-01-30,12604.54
2025-01-31,12597.09
2025-02-03,12546.77
2025-02-04,12475.49
2025-02-05,12579.44
2025-02-06,12624.2
2025-02-07,12593.34
2025-02-10,12627.84
2025-02-11,12694.16
2025-02-12,12713.9
2025-02-13,12949.06
2025-02-14,12839.87
2025-02-17,12875.08
2025-02-18,12893.98
2025-02-19,12798.52
2025-02-20,12808.08
2025-02-21,12948.6
2025-02-24,12953.17
2025-02-25,13025.01
2025-02-26,13042.51
2025-02-27,12958.34
2025-02-28,13004.48
2025-03-03,13166.68
2025-03-04,13006.74
2025-03-05,13112.75
2025-03-06,13029.39
2025-03-07,13076.68
2025-03-10,13013.45
2025-03-11,12692.25
2025-03-12,12868.43
2025-03-13,12836.19
2025-03-14,12916.81
2025-03-17,13058.12
2025-03-18,13062.11
2025-03-19,13040.92
2025-03-20,13097.05
2025-03-21,13075.4
2025-03-24,13000.24
2025-03-25,13013.15
2025-03-26,12953.8
2025-03-27,12867.23
2025-03-28,12840.43
2025-03-31,12598.12
2025-04-01,12686.62
2025-04-02,12588.31
2025-04-03,12279.48
2025-04-04,11648.83
2025-04-07,11047.48
2025-04-08,11359.12
2025-04-09,10887.73
2025-04-10,11244.59
2025-04-11,11239.83
2025-04-14,11499.46
2025-04-15,11609.84
2025-04-16,11598.62
2025-04-17,11660.96
2025-04-22,11646.32
2025-04-23,11808.71
2025-04-24,11917.59
2025-04-25,11942.05
2025-04-28,12028.25
2025-04-29,12066.69
2025-04-30,12116.98
2025-05-02,12253.79
2025-05-05,12233.03
2025-05-06,12230.58
2025-05-07,12113.76
2025-05-08,12061.72
2025-05-09,12087.32
2025-05-12,12219.63
2025-05-13,12165.27
2025-05-14,12132.19
2025-05-15,12227.28
2025-05-16,12335.09
2025-05-19,12356.77
2025-05-20,12408.03
2025-05-21,12380.36
2025-05-22,12269.95
2025-05-23,12198.69
2025-05-26,12317.07
2025-05-27,12324.78
2025-05-28,12186.74
2025-05-30,12227.08
2025-06-02,12198.18
2025-06-03,12239.62
2025-06-04,12298.5
2025-06-05,12317.62
2025-06-06,12366.17
2025-06-10,12351.89
2025-06-11,12315.81
2025-06-12,12323.4
2025-06-13,12146.02
2025-06-16,12090.87
2025-06-17,12007.06
2025-06-18,11959.47
2025-06-19,11871.52
2025-06-20,11871.32
2025-06-23,11854.96
2025-06-24,11988.92
2025-06-25,11880.12
2025-06-26,11880
2025-06-27,11980.38
2025-06-30,11921.46
2025-07-01,11963.31
2025-07-02,11992.24
2025-07-03,11978.36
2025-07-04,11972.41
2025-07-07,11954.54
2025-07-08,11970.65
2025-07-09,12006.86
2025-07-10,12131.94
2025-07-11,11937.42
2025-07-14,11939.89
2025-07-15,11901.32
2025-07-16,11910.81
2025-07-17,11961.87
2025-07-18,11982.91
2025-07-21,11936.89
2025-07-22,11893.82
2025-07-23,12077.07
2025-07-24,12045.78
2025-07-25,11955.73
2025-07-28,11914.95
2025-07-29,11958.91
2025-07-30,11931.98
2025-07-31,11836
2025-08-04,11818.63
2025-08-05,11858.33
2025-08-06,11755.32
2025-08-07,11849.58
2025-08-08,11866.85
2025-08-11,11869.99
2025-08-12,11886.41
2025-08-13,11978.85
2025-08-14,12001.61
2025-08-15,12074.33
2025-08-18,12071.88
2025-08-19,12212.19
2025-08-20,12276.26
2025-08-21,12241.67
2025-08-22,12264.85
2025-08-25,12206.36
2025-08-26,12160.89
2025-08-27,12207.12
2025-08-28,12219.2
2025-08-29,12187.58
2025-09-01,12176.52
2025-09-02,12088.36
2025-09-03,12200
2025-09-04,12383.47
2025-09-05,12370.57
2025-09-08,12312.65
2025-09-09,12281.09
2025-09-10,12217.46
2025-09-11,12292.72
2025-09-12,12193.86
2025-09-15,12144.32
2025-09-16,12018.66
2025-09-17,11998.96
2025-09-18,12049.13
2025-09-19,12109.67
2025-09-22,12126.14
2025-09-23,12102.61
2025-09-24,11978.83
2025-09-25,11875.8
2025-09-26,11929.8
2025-09-29,12006.71
2025-09-30,12109.42
2025-10-01,12360.13
2025-10-02,12427.18
2025-10-03,12507.17
2025-10-06,12551.36
2025-10-07,12521.79
2025-10-08,12648.11
2025-10-09,12609.15
2025-10-10,12481.41
2025-10-13,12484.8
2025-10-14,12434.81
2025-10-15,12529.58
2025-10-16,12702.08
2025-10-17,12644.49
2025-10-20,12635.02
2025-10-21,12622.7
2025-10-22,12614.43
2025-10-23,12557.27
2025-10-24,12568.18
2025-10-27,12527.59
2025-10-28,12360.15
2025-10-29,12314.1
2025-10-30,12309.63
2025-10-31,12234.5
2025-11-03,12235.54
2025-11-04,12306.89
2025-11-05,12363.53
2025-11-06,12298.86
2025-11-07,12298.35
2025-11-10,12455.2
2025-11-11,12702.08
2025-11-12,12793.74
2025-11-13,12740.91
2025-11-14,12634.3
2025-11-17,12597.82
2025-11-18,12481.95
2025-11-19,12530.62
2025-11-20,12543.06
2025-11-21,12632.67
2025-11-24,12654.12
2025-11-25,12771.63
2025-11-26,12822.24
2025-11-27,12831.05
2025-11-28,12833.96
2025-12-01,12850.73
2025-12-02,12890.25
2025-12-03,12858.33
2025-12-04,12893.61
2025-12-05,12936.3
2025-12-08,12981.42
2025-12-09,12931.16
2025-12-10,12921.48
2025-12-11,12905.17
2025-12-12,12887.48
2025-12-15,13036.8
2025-12-16,13056.74
2025-12-17,13028.62
2025-12-18,13136.08
2025-12-19,13171.85
2025-12-22,13163.66
2025-12-23,13242.8
2025-12-29,13240.59
2025-12-30,13267.48
2026-01-05,13247.32
2026-01-06,13322.15
2026-01-07,13324.03
2026-01-08,13350.82
2026-01-09,13421.82
2026-01-12,13426.98
2026-01-13,13364.73
2026-01-14,13464.84
2026-01-15,13476.32
2026-01-16,13413.59
2026-01-19,13277.04
2026-01-20,13169.96
2026-01-21,13156.81
2026-01-22,13228.4
2026-01-23,13147.13
2026-01-26,13142.02
2026-01-27,13216.23
2026-01-28,13023.81
2026-01-29,13147.93
2026-01-30,13188.26
2026-02-02,13409.11
2026-02-03,13372.58
2026-02-04,13508.12
2026-02-05,13466.04
2026-02-06,13503.06
2026-02-09,13517.73
2026-02-10,13518.22
2026-02-11,13547.08
2026-02-12,13529.92
2026-02-13,13600.67
2026-02-16,13656
2026-02-17,13752.84
2026-02-18,13807.04
2026-02-19,13799.59
2026-02-20,13859.76
2026-02-23,13871.06
2026-02-24,13997.13
2026-02-25,13977.1
2026-02-26,13913.73
2026-02-27,14014.3
2026-03-02,13834.1
2026-03-03,13404.93
2026-03-04,13510.74
2026-03-05,13298.3
2026-03-06,13095.55
2026-03-09,13000.09
2026-03-10,13065.19
2026-03-11,12958.59
2026-03-12,12842.16
2026-03-13,12839.27
2026-03-16,12882.2
2026-03-17,12962.41
2026-03-18,12765.48
2026-03-19,12459.54
2026-03-20,12320.99
2026-03-23,12389.68
2026-03-24,12515.94
2026-03-25,12718.36
2026-03-26,12641.96
2026-03-27,12570.26
2026-03-30,12668.67
2026-03-31,12776.79
2026-04-01,12991.25
2026-04-02,12981.97
2026-04-07,12790.35
2026-04-08,13113.43
2026-04-09,13159.56
2026-04-10,13183.28
2026-04-13,13145.91
2026-04-14,13269.77
2026-04-15,13219.58
2026-04-16,13173.17
2026-04-17,13426.72
2026-04-20,13284.22
2026-04-21,13134.14
2026-04-22,13067.63
2026-04-23,13248.06
2026-04-24,13169.7
2026-04-27,13165.23
2026-04-28,13147.94