time,open,high,low,close
2007-03-23,18,18.95,17.110001,18.939999
2007-03-26,18.98,19.3,17.92,18.32
2007-03-27,18.1,18.489999,17.6,17.8
2007-03-28,17.95,18,17.18,17.18
2007-03-29,17.18,18.4,17.18,17.87
2007-03-30,17.9,18.189999,17.57,17.95
2007-04-02,17.9,17.95,17.6,17.8
2007-04-03,17.9,17.9,17.7,17.839999
2007-04-05,17.53,18.1,17.53,18
2007-04-10,17.810001,18.1,17.7,18.1
2007-04-11,18,18.089999,17.73,17.8
2007-04-12,17.73,18,17.73,17.8
2007-04-13,17.78,18.189999,17.73,18.18
2007-04-16,18.2,18.4,18.010001,18.2
2007-04-17,18.38,18.8,18.22,18.4
2007-04-18,18.4,18.6,18.4,18.489999
2007-04-19,18.439999,18.55,18.160001,18.4
2007-04-20,18.6,18.7,18.2,18.3
2007-04-23,18.7,18.7,18.4,18.5
2007-04-24,18.68,18.68,18.4,18.5
2007-04-25,18.410001,18.88,18.32,18.88
2007-04-26,18.88,19.739999,18.8,19.160001
2007-04-27,19,19.17,18.8,18.8
2007-04-30,18.8,19.260001,18.8,19.039999
2007-05-02,18.8,19.3,18.8,19.3
2007-05-03,19.3,19.38,18.72,19.2
2007-05-04,19.22,19.4,18.85,19.160001
2007-05-07,19.2,19.2,18.8,19.189999
2007-05-08,19,19.15,18.439999,18.8
2007-05-09,19,19.6,18.8,18.839999
2007-05-10,19.05,19.3,18.83,19.039999
2007-05-11,18.82,18.82,18.43,18.810001
2007-05-14,18.82,19.189999,18.810001,18.82
2007-05-15,19.1,19.1,18.810001,18.82
2007-05-16,19,19.2,18.87,18.889999
2007-05-18,18.810001,19.6,18.810001,19.5
2007-05-21,19.55,19.6,19.2,19.5
2007-05-22,19.55,20,19.4,19.5
2007-05-23,19.510001,19.8,19.4,19.62
2007-05-24,19.55,19.68,19.4,19.63
2007-05-25,19.8,19.9,19.4,19.9
2007-05-29,19.889999,19.989999,19.7,19.8
2007-05-30,19.6,19.97,19.5,19.5
2007-05-31,19.889999,20.3,19.889999,20
2007-06-01,20.2,21.2,19.95,20.4
2007-06-04,20.6,20.98,20,20.5
2007-06-05,20.58,20.6,20.12,20.38
2007-06-06,20.4,20.4,19.6,19.87
2007-06-07,20.2,20.6,19.739999,20
2007-06-08,20,20,19.55,19.810001
2007-06-11,20,20,19.62,20
2007-06-12,20,20.38,19.9,19.960001
2007-06-13,20,20.1,19.92,20
2007-06-14,20,20.8,20,20.62
2007-06-15,21,21.2,20.9,21.1
2007-06-18,21.1,21.46,21.1,21.2
2007-06-19,21.4,22.38,21.3,22.38
2007-06-20,22.6,23.2,22.5,22.94
2007-06-21,22.98,22.98,22.36,22.62
2007-06-22,22.7,22.74,22.4,22.6
2007-06-25,22.8,23,22,22.04
2007-06-26,22,22,21.22,21.76
2007-06-27,21.76,21.8,20.9,21.2
2007-06-28,21.56,21.96,21.56,21.96
2007-06-29,21.96,22.6,21.8,22.6
2007-07-02,22.6,22.96,22.5,22.6
2007-07-03,22.96,22.96,22.6,22.6
2007-07-04,22.68,23,22.4,23
2007-07-05,22.98,23.18,22.6,23
2007-07-06,23,23.2,22.6,22.96
2007-07-09,22.9,23.4,22.34,22.34
2007-07-10,22.8,22.8,22.42,22.42
2007-07-11,22.4,22.78,22.02,22.78
2007-07-12,22.8,22.9,22.4,22.9
2007-07-13,23.34,23.74,23,23.12
2007-07-16,23.7,24.32,23.66,23.76
2007-07-17,23.8,24.3,23.8,23.92
2007-07-18,24.08,24.08,23.4,23.4
2007-07-19,23.4,23.7,22.6,22.8
2007-07-20,23.2,23.7,23.2,23.7
2007-07-23,22.64,23.5,22.64,22.88
2007-07-24,23.54,23.9,22.92,23.06
2007-07-25,22.7,23.5,22.7,22.76
2007-07-26,22.9,22.9,21.3,22
2007-07-27,21.16,21.4,20.9,21
2007-07-30,20.76,21.58,20.4,20.8
2007-07-31,21.56,22.38,21.56,22.38
2007-08-02,22.8,22.8,22,22.52
2007-08-03,22.4,22.52,22,22
2007-08-06,22.4,22.4,20.62,22
2007-08-07,22,22.38,21.2,21.26
2007-08-08,22,22,21.8,22
2007-08-09,22,22,20.68,21.3
2007-08-10,21,21.02,19.8,20.3
2007-08-13,20.4,21.6,20.4,20.78
2007-08-14,20.7,20.7,20.2,20.22
2007-08-15,20.58,20.58,19.62,20
2007-08-16,20,20,18.2,18.72
2007-08-17,18.210001,19.8,18.1,18.8
2007-08-20,19.2,19.2,18.43,18.67
2007-08-21,18.43,19.18,18.139999,18.25
2007-08-22,18.8,18.8,18.389999,18.6
2007-08-23,18.710001,19.389999,18.710001,19.039999
2007-08-24,19.4,19.6,19,19.42
2007-08-27,19.73,20.6,19.6,20.3
2007-08-28,20.4,20.6,20.22,20.22
2007-08-29,20,20,19.039999,19.4
2007-08-30,19.4,19.8,19.28,19.439999
2007-08-31,19.8,19.8,19.45,19.7
2007-09-03,19.810001,20.3,19.810001,20
2007-09-04,19.810001,20.2,19.8,20.2
2007-09-05,20.6,20.6,20,20.38
2007-09-06,20,20.48,20,20.2
2007-09-07,20.4,20.64,20,20.62
2007-09-10,20.4,20.4,19.98,20
2007-09-11,19.9,20,19.239999,19.239999
2007-09-12,19.239999,19.98,19.22,19.98
2007-09-13,19.560001,19.560001,19.3,19.4
2007-09-14,19.48,19.48,19.2,19.48
2007-09-17,19.789999,19.789999,19.010001,19.010001
2007-09-18,19.2,19.2,18.9,19.1
2007-09-19,19.12,19.3,19.05,19.060001
2007-09-20,19.2,19.2,18.4,18.4
2007-09-21,18.410001,18.889999,18.410001,18.889999
2007-09-24,18.9,18.9,18.02,18.02
2007-09-25,18.02,18.389999,18.02,18.389999
2007-09-26,18.5,18.7,18.4,18.6
2007-09-27,18.75,18.9,18.4,18.4
2007-09-28,18.039999,18.8,18.039999,18.760001
2007-10-01,18.6,18.78,18.4,18.5
2007-10-02,18.210001,18.789999,18.210001,18.6
2007-10-03,18.6,19.4,18.38,18.739999
2007-10-04,19.539999,19.58,18.9,18.910001
2007-10-05,19.2,19.5,18.9,19.5
2007-10-08,19.2,19.5,18.92,19.48
2007-10-09,19.02,19.9,19.02,19.53
2007-10-10,19.98,20.98,19.92,20
2007-10-11,19.62,20.7,19.439999,19.98
2007-10-12,19.960001,19.960001,19.9,19.9
2007-10-15,19.6,19.98,19.02,19.43
2007-10-16,19.4,19.4,19.08,19.12
2007-10-17,19.15,19.95,19.15,19.93
2007-10-18,19.939999,19.939999,19.339999,19.88
2007-10-19,19.6,20.32,19.410001,20.32
2007-10-22,19.8,20.2,19.8,20.2
2007-10-23,20.3,21,20,20.9
2007-10-24,20.4,21.5,20.4,21.22
2007-10-25,21.58,23.56,21.58,22.88
2007-10-26,22.6,22.6,21.04,21.9
2007-10-29,21.2,21.5,20.6,21.42
2007-10-30,20.6,20.6,20.4,20.54
2007-10-31,20.04,20.78,20.04,20.14
2007-11-01,20.52,20.72,20.16,20.72
2007-11-02,20.72,20.72,19.6,20.2
2007-11-05,19.639999,20.52,19.639999,20.5
2007-11-06,20.5,20.5,19.65,20.06
2007-11-07,20.06,20.38,19.710001,20.18
2007-11-08,19.8,20.1,19.710001,19.760001
2007-11-09,19.42,19.8,19.239999,19.4
2007-11-12,19.2,19.77,19.05,19.05
2007-11-14,19.160001,19.42,19.160001,19.4
2007-11-15,19.439999,19.439999,18.62,18.82
2007-11-16,19.1,19.2,19,19
2007-11-19,19.28,19.28,18.7,18.7
2007-11-20,18.72,18.8,18.62,18.62
2007-11-21,18.62,18.68,18.3,18.42
2007-11-22,18.7,18.78,18.7,18.7
2007-11-23,18.8,18.97,18.6,18.889999
2007-11-26,18.989999,19,18.989999,19
2007-11-27,18.63,19.15,18.63,19.15
2007-11-28,19.15,19.15,18.53,18.53
2007-11-29,18.439999,18.839999,18.439999,18.7
2007-11-30,18.6,19.18,18.6,19.18
2007-12-03,18.610001,19.2,18.610001,19.2
2007-12-04,19.2,19.2,18.58,19.17
2007-12-05,19,19,18.63,18.63
2007-12-06,18.560001,18.8,18.45,18.510001
2007-12-07,18.52,18.760001,18.4,18.510001
2007-12-10,18.3,18.4,18.3,18.4
2007-12-11,18.4,18.98,18.33,18.6
2007-12-12,18.6,18.6,18.52,18.52
2007-12-13,18.42,18.42,18.4,18.42
2007-12-14,18.3,18.3,18.2,18.210001
2007-12-17,18.2,18.2,17.78,17.8
2007-12-18,17.93,17.97,17.6,17.639999
2007-12-19,18.23,18.23,17.7,17.7
2007-12-20,17.7,18.2,17.7,18.2
2007-12-21,18.2,18.2,17.8,18
2007-12-27,18.2,18.2,17.610001,17.98
2007-12-28,17.65,17.989999,17.65,17.65
2008-01-03,18.18,18.18,17.6,18.08
2008-01-04,17.7,18.08,17.610001,18.08
2008-01-07,17.610001,17.989999,17.4,17.98
2008-01-08,17.4,17.6,17.3,17.6
2008-01-09,17.6,17.610001,17.23,17.23
2008-01-10,17.4,18.2,17.4,18.039999
2008-01-11,18.07,18.4,18.07,18.3
2008-01-14,18.2,18.2,17.92,18
2008-01-15,18,18.02,18,18.010001
2008-01-16,18.010001,18.010001,17.4,17.989999
2008-01-17,17.72,17.72,17.439999,17.439999
2008-01-18,17.4,17.5,17.3,17.360001
2008-01-21,17.3,17.3,16.27,16.710001
2008-01-22,16.45,16.9,16.42,16.83
2008-01-23,16.510001,17.12,16.510001,16.85
2008-01-24,16.6,17.4,16.6,17.4
2008-01-25,17.07,17.089999,17,17
2008-01-28,16.8,16.85,16.6,16.67
2008-01-29,16.639999,16.689999,16.6,16.63
2008-01-31,16.610001,16.7,16.6,16.610001
2008-02-01,16.68,17.03,16.68,17.03
2008-02-04,17.22,17.22,17,17
2008-02-05,17,17.1,16.9,17.1
2008-02-06,16.8,17,16.8,16.83
2008-02-07,17,17.2,16.8,16.8
2008-02-08,16.82,16.9,16.739999,16.9
2008-02-11,16.65,16.8,16.65,16.8
2008-02-12,16.8,17.12,16.8,17.1
2008-02-13,17.1,17.339999,17.1,17.339999
2008-02-14,17.3,17.3,17.3,17.3
2008-02-15,17.15,17.15,16.78,16.889999
2008-02-18,16.63,17.1,16.63,16.810001
2008-02-19,16.889999,16.889999,16.8,16.810001
2008-02-20,16.8,16.860001,16.68,16.860001
2008-02-21,16.889999,17,16.889999,16.989999
2008-02-22,17,17.18,16.9,17.07
2008-02-25,17.189999,17.2,17,17
2008-02-26,17.089999,17.089999,16.9,16.960001
2008-02-27,16.960001,17,16.8,16.8
2008-02-28,17,17,16.75,16.75
2008-02-29,16.8,17.05,16.760001,16.760001
2008-03-03,16.739999,16.739999,16.739999,16.739999
2008-03-04,16.9,17.17,16.739999,16.75
2008-03-05,16.8,16.85,16.7,16.8
2008-03-06,16.8,16.85,16.8,16.85
2008-03-07,16.8,16.989999,16.8,16.989999
2008-03-10,17,17,16.8,16.8
2008-03-11,17.1,17.1,16.939999,16.939999
2008-03-12,16.98,16.98,16.95,16.95
2008-03-13,16.78,16.8,16.45,16.45
2008-03-14,16.13,16.45,16.13,16.210001
2008-03-17,16.58,16.58,15.8,16.2
2008-03-18,16,16.389999,16,16.389999
2008-03-19,16.4,16.4,16.02,16.2
2008-03-20,16.15,16.15,16,16
2008-03-25,16,16.460001,16,16.4
2008-03-26,16.35,16.460001,16.15,16.4
2008-03-27,16.4,16.4,16.4,16.4
2008-03-28,16.03,16.08,15.7,15.8
2008-03-31,15.72,15.8,15.23,15.4
2008-04-01,15.2,15.73,15.110001,15.4
2008-04-02,15.360001,15.8,15.360001,15.439999
2008-04-03,15.4,15.62,15.3,15.43
2008-04-04,15.3,15.6,15.2,15.6
2008-04-07,15.6,15.760001,15.35,15.360001
2008-04-08,15.32,15.32,14.8,14.8
2008-04-09,14.860001,15.13,14.8,15.12
2008-04-10,15.55,15.55,14.839999,14.910001
2008-04-11,14.910001,15.1,14.839999,15
2008-04-14,15,15,14.77,14.989999
2008-04-15,14.88,14.95,14.78,14.95
2008-04-16,15,15,14.710001,14.710001
2008-04-17,14.9,15.08,14.9,15.08
2008-04-18,15.2,15.3,14.92,15.260001
2008-04-21,15.310001,15.310001,15.1,15.22
2008-04-22,15.260001,15.260001,15,15
2008-04-23,15,15,13.6,14.02
2008-04-24,14,14.3,14,14.1
2008-04-25,14.22,14.560001,14.22,14.539999
2008-04-28,14.6,15.039999,14.6,14.82
2008-04-29,14.8,15.03,14.8,14.8
2008-04-30,14.8,14.92,14.62,14.65
2008-05-02,14.639999,15.05,14.639999,14.9
2008-05-05,14.7,14.9,14.7,14.9
2008-05-06,15.15,15.15,14.9,14.9
2008-05-07,14.9,15.110001,14.9,15
2008-05-08,15,15.060001,14.9,15.060001
2008-05-09,15,15.110001,14.75,14.82
2008-05-13,15.18,15.18,14.8,15.18
2008-05-14,14.860001,15.18,14.7,14.8
2008-05-15,14.65,14.8,14.6,14.8
2008-05-16,14.88,15,14.72,14.9
2008-05-19,14.9,15.139999,14.639999,15.12
2008-05-20,14.989999,15.139999,14.7,14.989999
2008-05-21,15.05,15.089999,15.05,15.05
2008-05-22,15.139999,15.160001,14.689999,15.139999
2008-05-23,14.810001,15.160001,14.810001,14.810001
2008-05-26,15.12,15.12,14.8,14.82
2008-05-27,14.82,14.939999,14.82,14.82
2008-05-28,14.78,14.97,14.78,14.9
2008-05-29,14.92,15.15,14.92,15.15
2008-05-30,15.010001,15.32,15,15.3
2008-06-02,15.3,15.539999,15.3,15.52
2008-06-03,15.4,15.77,15.4,15.77
2008-06-04,15.77,15.77,15.45,15.45
2008-06-05,15.439999,15.960001,15.439999,15.8
2008-06-06,15.45,15.789999,15.45,15.789999
2008-06-09,15.6,15.6,15.45,15.45
2008-06-10,15.7,15.7,15.5,15.689999
2008-06-11,15.7,15.7,15.55,15.560001
2008-06-12,15.689999,15.689999,15.58,15.6
2008-06-13,15.6,15.68,15.6,15.68
2008-06-16,15.6,15.689999,15.6,15.639999
2008-06-17,15.660001,15.78,15.610001,15.610001
2008-06-18,15.68,15.93,15.6,15.93
2008-06-19,15.63,15.7,15.63,15.7
2008-06-20,15.7,15.93,15.6,15.6
2008-06-23,15.9,15.9,15.62,15.889999
2008-06-24,15.689999,15.689999,15.689999,15.689999
2008-06-25,15.62,15.62,15.6,15.6
2008-06-26,15.62,15.62,15.62,15.62
2008-06-27,15.610001,15.610001,15.610001,15.610001
2008-06-30,15.689999,15.689999,15.4,15.610001
2008-07-01,15.6,15.62,15.57,15.57
2008-07-02,15.62,15.889999,15.560001,15.610001
2008-07-03,15.610001,15.63,15.6,15.6
2008-07-04,15.6,15.88,15.560001,15.8
2008-07-07,15.6,15.93,15.6,15.9
2008-07-08,15.889999,15.9,15.889999,15.9
2008-07-09,15.6,15.6,15.5,15.55
2008-07-10,15.610001,15.78,15.510001,15.78
2008-07-11,15.610001,15.62,15.6,15.6
2008-07-14,15.6,15.88,15.589999,15.6
2008-07-15,15.55,15.55,15.2,15.260001
2008-07-16,15.25,15.62,15.210001,15.62
2008-07-17,15.589999,15.589999,15.3,15.3
2008-07-18,15.339999,15.339999,15.339999,15.339999
2008-07-21,15.6,15.6,15.6,15.6
2008-07-22,15.2,15.2,15.2,15.2
2008-07-23,15.22,15.260001,15.2,15.260001
2008-07-24,15.2,15.3,15.2,15.2
2008-07-25,15.2,15.2,15.2,15.2
2008-07-28,15.110001,15.12,15.1,15.12
2008-07-29,15,15.389999,15,15.389999
2008-07-30,15.389999,15.389999,15.389999,15.389999
2008-07-31,15.389999,15.389999,14.93,15
2008-08-04,15.35,15.35,15.35,15.35
2008-08-05,15.38,15.38,15.3,15.3
2008-08-06,15.3,15.47,15.289999,15.4
2008-08-07,15.3,15.4,15.02,15.02
2008-08-08,15.2,15.2,14.960001,15
2008-08-11,15.3,15.3,15.3,15.3
2008-08-12,15,15.2,14.95,15.189999
2008-08-13,15.189999,15.35,15,15.35
2008-08-14,15.1,15.1,15.1,15.1
2008-08-15,15.2,15.389999,15.2,15.389999
2008-08-19,15.589999,15.6,15.23,15.489999
2008-08-20,15.33,15.5,15.33,15.489999
2008-08-21,15.260001,15.4,14.6,14.68
2008-08-22,14.639999,14.85,14.639999,14.68
2008-08-25,14.6,14.62,14,14.22
2008-08-26,14.2,14.389999,14.02,14.389999
2008-08-27,14.32,14.560001,14.2,14.560001
2008-08-28,14.55,14.65,14.55,14.65
2008-08-29,14.65,14.660001,14.539999,14.6
2008-09-01,14.639999,14.72,14.639999,14.72
2008-09-02,14.639999,14.68,14.610001,14.68
2008-09-03,14.7,14.7,14.4,14.6
2008-09-04,14.4,14.68,14.4,14.65
2008-09-05,14.639999,14.85,14.439999,14.660001
2008-09-08,14.85,14.9,14.65,14.8
2008-09-09,14.610001,14.760001,14.610001,14.72
2008-09-10,14.57,14.7,14.57,14.639999
2008-09-11,14.510001,14.68,14.510001,14.68
2008-09-12,14.5,14.660001,14.42,14.48
2008-09-15,14.6,14.6,14.1,14.260001
2008-09-16,14.35,14.4,14.1,14.1
2008-09-17,14.1,14.4,13.889999,14
2008-09-18,14,14.17,14,14.17
2008-09-19,14.2,14.2,14,14.2
2008-09-22,14.160001,14.160001,14.05,14.05
2008-09-23,14.010001,14.010001,13.2,13.25
2008-09-24,13.289999,13.35,13.289999,13.289999
2008-09-25,13.5,13.560001,13.310001,13.310001
2008-09-26,13.4,13.4,13.139999,13.139999
2008-09-29,13.22,13.4,12.62,12.62
2008-09-30,12.6,12.64,12.17,12.3
2008-10-01,12.21,12.48,12.11,12.11
2008-10-02,12.35,12.43,12.04,12.38
2008-10-03,12.21,12.39,12.06,12.3
2008-10-06,12.2,12.2,11.87,11.87
2008-10-07,11.93,12.4,11.93,12.4
2008-10-08,12.08,12.16,11.8,11.8
2008-10-09,11.7,12.11,11.1,11.1
2008-10-10,10.05,10.05,8.6,9.99
2008-10-13,10.99,10.99,9.6,9.6
2008-10-14,10.6,11,10,10.56
2008-10-15,10.4,10.4,9.98,10.2
2008-10-16,10,10.18,8.64,8.64
2008-10-17,9.5,9.6,8.2,8.2
2008-10-20,8.55,9.15,7.6,7.88
2008-10-21,7.6,8.75,7.6,8.7
2008-10-22,8.01,8.7,8,8.34
2008-10-23,8.18,8.6,8.18,8.6
2008-10-24,8.62,8.79,8.6,8.6
2008-10-27,7.8,8,7.7,7.72
2008-10-28,7.72,8.3,7.72,8.3
2008-10-29,8,8.2,8,8.2
2008-10-30,8.4,10,8.39,10
2008-10-31,10.1,10.1,9.5,9.5
2008-11-03,9.5,11.04,9.5,11.04
2008-11-04,11,13.72,11,12.9
2008-11-05,12.79,12.79,11.6,11.8
2008-11-06,11.67,11.67,11,11.21
2008-11-07,11.02,11.2,11.02,11.2
2008-11-10,11.5,11.5,11.5,11.5
2008-11-11,11.5,11.8,11.03,11.8
2008-11-12,11.59,11.6,11.41,11.5
2008-11-13,11,11,10.6,11
2008-11-14,11,11,10.21,10.6
2008-11-17,10.9,11.2,10.9,11.2
2008-11-18,11,11,10.73,10.73
2008-11-19,10.4,10.61,10.4,10.61
2008-11-20,10.7,10.7,10.5,10.5
2008-11-21,10.6,10.6,10,10
2008-11-24,9.6,9.79,9.42,9.6
2008-11-25,10.39,10.39,8.84,9.42
2008-11-26,9.6,9.6,9.6,9.6
2008-11-27,9.6,9.6,9.3,9.3
2008-11-28,9,9.45,9,9.4
2008-12-01,9.8,9.8,9.1,9.1
2008-12-02,8.93,9.7,8.93,9.7
2008-12-03,9.61,10,9.4,9.4
2008-12-04,10,10,9.9,9.9
2008-12-05,10,10.14,10,10
2008-12-08,9.65,9.82,9.65,9.82
2008-12-09,9.4,9.4,9.4,9.4
2008-12-11,9.21,9.21,8.96,9
2008-12-12,9.1,9.1,8.8,9
2008-12-15,9,9.4,9,9.4
2008-12-16,8.93,9,8.8,8.8
2008-12-17,8.63,9.6,8.6,9.6
2008-12-19,9,9,8.2,8.2
2008-12-22,8.2,8.2,7.5,7.63
2008-12-23,7.8,7.9,7,7
2008-12-29,7.4,7.72,7.4,7.72
2008-12-30,7.52,7.99,7.52,7.99
2009-01-05,8.38,8.38,8.3,8.38
2009-01-06,8.8,8.8,8.4,8.4
2009-01-07,8.8,8.8,8,8
2009-01-08,8.2,8.2,8.2,8.2
2009-01-09,8.1,8.1,8,8
2009-01-12,8,8,7.8,7.9
2009-01-13,7.75,7.75,7.6,7.6
2009-01-14,7.6,7.6,7.2,7.5
2009-01-15,7.21,7.4,7,7
2009-01-16,7.2,7.33,7.2,7.33
2009-01-19,7.2,7.2,7.05,7.05
2009-01-20,7.34,7.34,7.34,7.34
2009-01-21,7.2,7.2,7.2,7.2
2009-01-22,7.29,7.3,7.25,7.3
2009-01-23,7.24,7.24,6.75,6.75
2009-01-26,6.78,6.8,6.76,6.8
2009-01-27,6.8,6.8,6.72,6.8
2009-01-28,6.8,7.19,6.76,7.19
2009-01-29,7.1,7.16,7.1,7.1
2009-01-30,7.1,7.1,7.1,7.1
2009-02-03,6.96,7.04,6.96,6.96
2009-02-04,6.96,6.96,6.96,6.96
2009-02-05,6.8,6.97,6.8,6.8
2009-02-06,6.76,6.76,6.66,6.66
2009-02-09,6.66,6.66,6.66,6.66
2009-02-10,6.66,6.66,6.66,6.66
2009-02-12,6.75,6.75,6.66,6.66
2009-02-13,6.44,6.96,6.44,6.96
2009-02-16,6.9,6.9,6.9,6.9
2009-02-17,6.47,6.47,6.47,6.47
2009-02-18,6.44,6.44,6.44,6.44
2009-02-19,6.4,6.4,6.2,6.2
2009-02-20,6.15,6.16,6,6
2009-02-23,6.4,6.4,5.8,6.28
2009-02-24,5.8,6.3,5.8,6.3
2009-02-25,6.3,6.42,6.3,6.42
2009-02-26,5.94,6.1,5.94,5.99
2009-02-27,6,6,5.45,5.45
2009-03-02,5.44,5.44,5.23,5.4
2009-03-03,5.75,5.75,4.82,5.6
2009-03-04,5.21,5.6,5.21,5.59
2009-03-05,5.6,5.6,5.6,5.6
2009-03-06,5.6,5.8,5.38,5.38
2009-03-09,5.4,5.6,5.4,5.6
2009-03-10,5.9,5.9,5.45,5.7
2009-03-11,5.8,5.8,5.5,5.5
2009-03-12,5.6,5.79,5.6,5.79
2009-03-13,5.9,5.91,5.7,5.8
2009-03-16,5.9,6.69,5.9,6.24
2009-03-17,6.16,6.16,6.16,6.16
2009-03-18,6.36,6.36,6.2,6.2
2009-03-19,6.1,6.2,6,6.2
2009-03-20,6,6.1,6,6
2009-03-23,6.3,6.4,6.2,6.4
2009-03-24,6.4,6.5,6.3,6.3
2009-03-25,6.5,6.96,6.5,6.96
2009-03-26,6.96,6.96,6.92,6.92
2009-03-27,6.98,7.06,6.98,7.06
2009-03-30,6.95,7,6.9,7
2009-03-31,7,7.06,7,7
2009-04-01,6.9,7.06,6.9,7.06
2009-04-02,7,7.3,7,7.22
2009-04-03,7.56,7.8,7.54,7.6
2009-04-06,7.6,7.6,7.25,7.25
2009-04-07,7.4,7.4,7.2,7.24
2009-04-08,7.22,7.3,7.1,7.2
2009-04-09,7.3,7.89,6.9,7.8
2009-04-14,7.6,8.32,7.6,8.32
2009-04-15,8.25,8.25,8.01,8.2
2009-04-16,8.15,8.3,8.15,8.3
2009-04-17,8.31,8.4,8.3,8.4
2009-04-20,8.4,8.69,8.2,8.3
2009-04-21,8.3,8.5,8.3,8.3
2009-04-22,8.3,8.36,8.2,8.36
2009-04-23,8.36,8.46,8.36,8.46
2009-04-24,8.36,8.6,8.26,8.6
2009-04-27,8.6,8.6,8.4,8.6
2009-04-28,8.6,8.64,8.38,8.6
2009-04-29,8.8,8.8,8.52,8.56
2009-04-30,8.8,8.96,8.7,8.96
2009-05-04,8.66,9.4,8.66,9.1
2009-05-05,9.16,9.16,8.91,9.15
2009-05-06,9.36,9.4,9.05,9.34
2009-05-07,9.22,9.5,9.22,9.5
2009-05-08,9.5,10.39,9.5,10.39
2009-05-11,10.39,10.4,9.95,10
2009-05-12,10,10.2,9.7,9.8
2009-05-13,9.8,10,9.4,10
2009-05-14,9.99,10,9.99,10
2009-05-15,10.04,10.4,10.04,10.2
2009-05-18,10.4,11.23,10.24,11.23
2009-05-19,11.2,11.36,11.18,11.36
2009-05-20,11.28,11.4,11.18,11.18
2009-05-22,11.44,11.44,11.44,11.44
2009-05-25,11.18,11.79,10.54,11.79
2009-05-26,11.67,11.95,11.58,11.9
2009-05-27,11.9,11.9,11.38,11.56
2009-05-28,11.4,11.43,11.4,11.4
2009-05-29,11.58,11.6,11.34,11.6
2009-06-02,11.78,11.78,11.6,11.7
2009-06-03,11.5,11.6,11.5,11.6
2009-06-04,11.4,11.4,11.24,11.28
2009-06-05,11.59,11.59,11.3,11.5
2009-06-08,11.7,11.7,11.5,11.66
2009-06-09,11.16,11.16,11.16,11.16
2009-06-10,11.16,11.39,11.16,11.39
2009-06-11,11.23,11.3,11.22,11.3
2009-06-12,11.3,11.3,11.24,11.24
2009-06-15,11.4,11.4,11.24,11.29
2009-06-16,11.16,11.16,11.1,11.1
2009-06-17,11.1,11.3,11.1,11.1
2009-06-18,11.1,11.1,11.1,11.1
2009-06-19,11,11.06,10.9,10.9
2009-06-22,10.8,10.8,10.62,10.62
2009-06-23,10.5,10.8,10.31,10.31
2009-06-24,10.31,10.4,10.31,10.4
2009-06-25,10.4,10.4,10.4,10.4
2009-06-26,10.2,10.27,10.2,10.25
2009-06-29,10.2,10.3,9.82,10.3
2009-06-30,10.01,10.3,10.01,10.05
2009-07-01,10.03,10.1,10,10.1
2009-07-02,10.1,10.2,10.1,10.2
2009-07-03,10.2,10.4,10.2,10.4
2009-07-06,10.2,10.4,10.2,10.4
2009-07-07,10.36,10.5,10.36,10.5
2009-07-08,10.5,10.5,10.48,10.5
2009-07-09,10.3,10.32,10.3,10.32
2009-07-13,10.4,10.5,10.4,10.5
2009-07-14,10.34,10.34,9.91,9.91
2009-07-15,10.39,10.4,10.39,10.4
2009-07-16,10.03,10.4,10.03,10.4
2009-07-20,10.4,10.5,10.4,10.5
2009-07-21,10.4,10.6,10.4,10.4
2009-07-22,10.5,10.6,10.5,10.6
2009-07-23,10.6,10.8,10.5,10.7
2009-07-24,10.6,11.1,10.6,11
2009-07-27,10.9,11,10.6,10.9
2009-07-28,10.79,10.9,10.79,10.9
2009-07-29,10.7,10.7,10.6,10.6
2009-07-30,10.8,10.99,10.7,10.72
2009-07-31,10.8,10.9,10.8,10.9
2009-08-03,10.9,11,10.9,11
2009-08-04,11,11,10.8,10.9
2009-08-05,11,11,10.8,10.8
2009-08-06,11.05,11.05,11.05,11.05
2009-08-07,10.8,11.1,10.8,11.1
2009-08-10,11.15,11.15,11,11
2009-08-11,11.15,11.4,11.15,11.3
2009-08-12,11.22,11.22,10.8,11
2009-08-13,11.4,11.5,10.81,10.9
2009-08-14,11,11.01,10.9,11.01
2009-08-17,11.4,11.4,11.4,11.4
2009-08-18,11.2,11.21,11.2,11.2
2009-08-19,11.3,11.4,11.25,11.38
2009-08-20,11.4,12.28,11.4,12.28
2009-08-21,12.38,13,11.94,12.44
2009-08-24,12.8,13,12.6,12.6
2009-08-25,12.6,12.6,12.5,12.6
2009-08-26,13,13.9,13,13.9
2009-08-27,13.6,14,13.6,14
2009-08-28,14,14,13.6,14
2009-08-31,14,14,13.8,13.8
2009-09-01,14,14.1,13.6,13.6
2009-09-02,13.5,13.6,13.3,13.5
2009-09-03,13.6,13.6,13.6,13.6
2009-09-04,13.8,14.5,13.410001,14.5
2009-09-07,14,14.2,14,14.2
2009-09-08,14.2,14.4,14,14.2
2009-09-09,14.2,14.2,14.2,14.2
2009-09-10,14.6,14.6,14.2,14.38
2009-09-11,13.6,14.589999,13.6,14.589999
2009-09-14,14.2,14.6,14.03,14.6
2009-09-15,14.6,15,14.2,15
2009-09-16,14.8,14.8,14.5,14.8
2009-09-17,14.9,15.2,14.9,15.2
2009-09-18,15.15,15.189999,14.9,15.189999
2009-09-21,15.02,15.1,14.75,15
2009-09-22,15.02,15.22,15,15.05
2009-09-23,15.3,15.8,15.02,15.02
2009-09-24,15.789999,15.789999,15.3,15.560001
2009-09-25,15.239999,15.32,15.2,15.2
2009-09-28,15.2,15.2,14.72,14.860001
2009-09-29,14.8,15.35,14.8,15.35
2009-09-30,15.560001,15.560001,15.039999,15.039999
2009-10-01,15.1,15.1,15,15
2009-10-02,15.02,15.760001,14.95,14.95
2009-10-05,15.489999,15.489999,15.2,15.4
2009-10-06,15.4,15.789999,15.28,15.789999
2009-10-07,15.4,15.45,14.9,15.2
2009-10-08,15.22,15.52,15.22,15.52
2009-10-09,15.52,15.7,15.239999,15.239999
2009-10-12,15.38,15.439999,15.38,15.439999
2009-10-13,15.4,15.5,15.3,15.4
2009-10-14,15.410001,15.42,15.3,15.3
2009-10-15,15.310001,15.8,15.2,15.8
2009-10-16,15.8,15.8,15.3,15.4
2009-10-19,15.6,16.2,15.6,16
2009-10-20,15.9,16,15.639999,15.68
2009-10-21,15.989999,15.989999,15.62,15.8
2009-10-22,15.989999,16.2,15.8,16.010001
2009-10-23,16,16,15.8,15.8
2009-10-26,15.960001,16,15.810001,16
2009-10-27,16.010001,16.039999,16.010001,16.039999
2009-10-28,15.8,15.8,15.6,15.6
2009-10-29,15.5,15.8,15.339999,15.78
2009-10-30,15.610001,15.8,15.2,15.8
2009-11-02,15.8,15.9,15.7,15.739999
2009-11-03,15.8,15.88,15.2,15.8
2009-11-04,15.9,15.9,15.8,15.8
2009-11-05,15.6,15.9,15.6,15.889999
2009-11-06,15.6,15.8,15.6,15.8
2009-11-09,15.8,15.82,15.6,15.82
2009-11-10,15.6,15.9,15.6,15.9
2009-11-11,15.5,15.8,15.5,15.8
2009-11-12,15.62,15.75,15.62,15.62
2009-11-13,15.45,15.45,15.389999,15.4
2009-11-16,14.960001,15.2,14.960001,15
2009-11-17,14.82,14.97,14.22,14.97
2009-11-18,15.089999,15.089999,14.97,14.97
2009-11-19,14.910001,15,14.5,15
2009-11-20,15,15,14.989999,14.989999
2009-11-23,15.17,15.17,15.17,15.17
2009-11-24,14.960001,15.160001,14.960001,15.060001
2009-11-25,15.12,15.12,15.1,15.110001
2009-11-26,14.95,15.18,14.95,15
2009-11-27,15.189999,15.189999,14.98,15.18
2009-11-30,15.189999,15.3,14.8,14.8
2009-12-01,15.28,15.28,15,15
2009-12-02,15.25,15.25,15.2,15.2
2009-12-03,15.239999,15.38,15.2,15.3
2009-12-04,15.18,15.3,15.18,15.3
2009-12-07,15.38,15.38,15.35,15.35
2009-12-08,15.4,15.4,15,15
2009-12-09,15.2,15.2,15.1,15.17
2009-12-10,15.1,15.5,15.1,15.5
2009-12-11,15.5,15.5,15.2,15.310001
2009-12-14,15.53,15.53,15.2,15.4
2009-12-15,15.4,15.58,15.3,15.58
2009-12-16,15.8,15.8,15.5,15.78
2009-12-17,15.410001,15.639999,15.410001,15.639999
2009-12-18,15.63,15.7,15.63,15.7
2009-12-21,15.4,15.52,15.4,15.52
2009-12-22,15.65,15.7,15.5,15.6
2009-12-23,15.4,15.6,15.4,15.4
2009-12-28,15.4,15.4,15.4,15.4
2009-12-29,15.460001,15.539999,15.460001,15.539999
2009-12-30,15.539999,16,15.410001,15.710001
2010-01-04,15.4,15.42,15.32,15.42
2010-01-05,15.960001,15.960001,15.7,15.82
2010-01-07,15.860001,15.860001,15.860001,15.860001
2010-01-11,16.1,16.1,15.8,15.960001
2010-01-13,15.8,15.8,15.6,15.789999
2010-01-14,15.6,15.6,15.6,15.6
2010-01-15,15.88,15.88,15.75,15.75
2010-01-18,15.8,15.8,15.8,15.8
2010-01-19,15.8,15.8,15.4,15.489999
2010-01-20,15.410001,15.75,15.210001,15.210001
2010-01-21,15.4,15.4,14.5,15.2
2010-01-22,15.2,15.3,15.2,15.2
2010-01-25,15,15.189999,14.8,15.1
2010-01-26,15.1,15.68,15.07,15.68
2010-01-27,15.4,15.639999,15.4,15.639999
2010-01-28,15.68,15.760001,15.539999,15.7
2010-01-29,15.78,15.939999,15.6,15.939999
2010-02-01,15.710001,15.82,15.710001,15.82
2010-02-02,16.1,16.160001,15.910001,15.910001
2010-02-04,15.8,15.989999,15.7,15.989999
2010-02-05,15.760001,15.760001,15.5,15.7
2010-02-08,15.23,16,15.23,15.7
2010-02-09,15.7,15.7,15.7,15.7
2010-02-10,15.42,15.7,15.4,15.7
2010-02-11,16.17,16.17,15.860001,16
2010-02-12,15.7,16,15.7,15.98
2010-02-15,16,16,16,16
2010-02-16,15.9,15.9,15.9,15.9
2010-02-17,15.72,15.72,15.72,15.72
2010-02-18,15.25,15.8,15.25,15.8
2010-02-19,15.8,15.88,15.8,15.88
2010-02-22,15.8,15.8,15.8,15.8
2010-02-23,15.8,15.8,15.8,15.8
2010-02-24,15.260001,15.75,15.260001,15.75
2010-02-25,15.6,15.68,15.6,15.68
2010-02-26,15.75,15.75,15.75,15.75
2010-03-01,15.75,15.85,15.75,15.85
2010-03-02,15.8,15.88,15.7,15.7
2010-03-03,15.68,15.8,15.68,15.8
2010-03-04,15.88,15.88,15.8,15.85
2010-03-05,15.839999,15.88,15.8,15.8
2010-03-08,15.8,15.8,15.4,15.4
2010-03-09,15.989999,16.28,15.8,16.28
2010-03-10,16.28,16.9,16.210001,16.9
2010-03-11,17,17.25,16.9,17.239999
2010-03-12,17.239999,17.239999,17.1,17.2
2010-03-15,17.560001,18.4,17.52,18.3
2010-03-16,18.2,18.760001,18.2,18.5
2010-03-17,18.5,19,18.5,19
2010-03-18,19.360001,19.360001,18,18
2010-03-19,18.22,19.08,18.22,18.98
2010-03-22,19,19,18.32,19
2010-03-23,18.8,19.4,18.8,19.4
2010-03-24,19.039999,19.039999,18.7,18.8
2010-03-25,18.8,18.8,18.6,18.6
2010-03-26,18.310001,18.6,18,18.38
2010-03-29,18.3,18.6,18.3,18.460001
2010-03-30,18.3,18.4,18,18.1
2010-03-31,18,18,17.6,17.95
2010-04-01,18,18.1,17.57,17.57
2010-04-06,18.1,18.160001,17.7,18
2010-04-07,17.82,18.3,17.82,18.03
2010-04-08,18,18,17.8,18
2010-04-09,18.02,18.02,18,18
2010-04-12,18,18,17.82,17.83
2010-04-13,17.72,17.73,17.5,17.7
2010-04-14,17.7,18.1,17.7,18.03
2010-04-15,18,18.039999,17.78,17.87
2010-04-16,17.63,18.2,17.63,18.2
2010-04-19,18.2,18.339999,17.95,18
2010-04-20,17.82,18.1,17.75,18.1
2010-04-21,18,18,17.85,18
2010-04-22,17.8,18.6,17.8,18.6
2010-04-23,18.35,18.6,18.1,18.6
2010-04-26,18.62,18.85,18.62,18.8
2010-04-27,18.9,18.9,18.85,18.9
2010-04-28,18.639999,18.760001,18.6,18.6
2010-04-29,18.35,18.6,18.05,18.5
2010-04-30,18.6,19.010001,18.439999,18.910001
2010-05-03,18.8,19.17,18.8,19.139999
2010-05-04,19.260001,19.260001,18.88,18.88
2010-05-05,18.62,18.8,18.4,18.6
2010-05-06,18.339999,18.4,17.510001,17.510001
2010-05-07,17.589999,17.739999,17.27,17.32
2010-05-10,17.5,17.5,17.3,17.3
2010-05-11,17.5,17.5,17.5,17.5
2010-05-12,17.77,17.77,17.52,17.52
2010-05-14,17.57,17.57,17.57,17.57
2010-05-17,17.839999,17.839999,17.4,17.4
2010-05-18,17.4,17.4,17.13,17.35
2010-05-19,17.08,17.08,16.289999,16.7
2010-05-20,16.889999,16.939999,16.8,16.910001
2010-05-21,16.7,17.589999,16.7,17.589999
2010-05-25,16.82,16.95,16.62,16.639999
2010-05-26,16.9,17.12,15.63,16.4
2010-05-27,16.539999,16.7,16.2,16.7
2010-05-28,16.439999,16.67,16.25,16.58
2010-05-31,16.4,16.689999,16.4,16.689999
2010-06-01,16.6,16.6,16.43,16.52
2010-06-02,16.28,16.48,16.17,16.35
2010-06-03,16.2,16.8,16.18,16.8
2010-06-04,16.610001,16.67,16.52,16.560001
2010-06-07,16.5,16.6,16.4,16.6
2010-06-08,16.5,16.560001,16.18,16.18
2010-06-09,16.43,16.45,16.13,16.139999
2010-06-10,16.139999,16.489999,16.139999,16.3
2010-06-11,16.4,16.8,16.4,16.8
2010-06-14,16.8,16.8,16.5,16.5
2010-06-15,16.75,16.760001,16.5,16.5
2010-06-16,16.35,17.67,16.35,17.5
2010-06-17,17.42,17.42,17.4,17.4
2010-06-18,17.4,17.5,17.4,17.4
2010-06-21,17.67,17.67,17.35,17.5
2010-06-22,17.4,17.75,17.3,17.75
2010-06-23,17.8,17.8,17.660001,17.8
2010-06-24,17.710001,17.710001,17.660001,17.660001
2010-06-25,17.639999,17.93,17.6,17.6
2010-06-28,17.610001,17.8,17.610001,17.8
2010-06-29,17.7,17.7,17.6,17.6
2010-06-30,17.52,17.6,17.5,17.5
2010-07-01,17.4,17.589999,17.4,17.4
2010-07-02,17.4,17.589999,17.4,17.5
2010-07-05,17.4,17.760001,17.4,17.52
2010-07-06,17.4,17.789999,17.23,17.5
2010-07-07,17.410001,17.5,17.23,17.5
2010-07-08,17.5,17.6,17.5,17.5
2010-07-09,17.5,17.8,17.5,17.6
2010-07-12,17.5,17.6,17.5,17.6
2010-07-13,17.6,17.760001,17.560001,17.760001
2010-07-14,17.48,17.82,17.48,17.82
2010-07-15,17.660001,17.78,17.660001,17.7
2010-07-16,17.42,17.8,17.42,17.7
2010-07-19,17.6,17.639999,17.360001,17.360001
2010-07-20,17.360001,17.360001,17.33,17.33
2010-07-21,17.260001,17.33,17.260001,17.33
2010-07-22,17.260001,17.260001,17.07,17.110001
2010-07-23,17.189999,17.189999,16.88,17.1
2010-07-26,16.88,17.07,16.83,17.07
2010-07-27,17.239999,17.239999,17.039999,17.039999
2010-07-28,17.15,17.3,17.15,17.22
2010-07-29,17.2,17.4,17.17,17.17
2010-07-30,17.4,17.439999,17.05,17.05
2010-08-02,17.039999,17.210001,17.039999,17.1
2010-08-03,17.360001,17.360001,17.089999,17.2
2010-08-04,17.3,17.489999,17.17,17.489999
2010-08-05,17.48,17.7,17.45,17.45
2010-08-06,17.6,17.6,17.2,17.55
2010-08-09,17.28,17.589999,17.28,17.5
2010-08-10,17.4,17.68,17.3,17.68
2010-08-11,17.77,17.960001,17.77,17.9
2010-08-12,17.989999,17.989999,17.9,17.9
2010-08-13,17.989999,18,17.9,18
2010-08-16,17.989999,18,17.860001,18
2010-08-17,18.28,18.28,17.82,17.82
2010-08-18,18.1,18.189999,18,18.05
2010-08-19,18.25,18.25,17.9,17.97
2010-08-20,18.060001,18.060001,17.65,17.65
2010-08-23,17.38,17.93,17.38,17.6
2010-08-24,17.75,17.75,17.48,17.560001
2010-08-25,17.32,17.489999,17.32,17.489999
2010-08-26,17.4,17.6,17.4,17.460001
2010-08-27,17.4,17.539999,17.3,17.5
2010-08-30,17.5,17.52,17.4,17.52
2010-08-31,17.4,17.78,17.4,17.78
2010-09-01,17.510001,17.8,17.510001,17.8
2010-09-02,17.989999,18.38,17.989999,18.38
2010-09-03,18.1,18.489999,18.1,18.4
2010-09-06,18.4,18.55,18.4,18.460001
2010-09-07,18.4,18.539999,18.18,18.48
2010-09-08,18.5,18.5,18.4,18.4
2010-09-09,18.12,18.310001,18.12,18.310001
2010-09-10,18.310001,18.48,18.3,18.3
2010-09-13,18.4,18.7,18.4,18.7
2010-09-14,18.610001,18.75,18.42,18.75
2010-09-15,18.610001,18.85,18.6,18.77
2010-09-16,18.639999,18.83,18.639999,18.72
2010-09-17,18.710001,19,18.6,18.85
2010-09-20,18.87,18.88,18.85,18.88
2010-09-21,18.8,18.8,18.67,18.8
2010-09-22,18.839999,18.960001,18.839999,18.9
2010-09-23,18.82,18.9,18.82,18.9
2010-09-24,18.760001,18.9,18.7,18.9
2010-09-27,18.8,18.8,18.8,18.8
2010-09-28,18.8,18.860001,18.8,18.85
2010-09-29,18.860001,19,18.85,19
2010-09-30,19,19.17,18.989999,19.139999
2010-10-01,19.15,19.18,19.1,19.12
2010-10-04,19.189999,19.189999,19,19.139999
2010-10-05,19,19.2,19,19.2
2010-10-06,19.2,19.4,19.2,19.27
2010-10-07,19.4,19.68,19.4,19.639999
2010-10-08,19.589999,19.9,19.55,19.83
2010-10-11,19.9,19.92,19.9,19.9
2010-10-12,19.98,20,19.98,19.989999
2010-10-13,20,20.3,20,20.12
2010-10-14,20.3,20.4,20.22,20.22
2010-10-15,20.38,20.4,20.12,20.12
2010-10-18,20.38,20.58,20.12,20.58
2010-10-19,20.58,20.58,20.3,20.46
2010-10-20,20.52,20.56,20.14,20.2
2010-10-21,20.16,20.3,19.92,20
2010-10-22,20,20.2,19.8,19.989999
2010-10-25,19.8,20.2,19.68,19.889999
2010-10-26,19.88,20.1,19.810001,20.04
2010-10-27,19.87,19.98,19.87,19.92
2010-10-28,19.889999,20.56,19.889999,20.52
2010-10-29,20.58,20.9,20.3,20.9
2010-11-01,20.94,21.4,20.8,21.4
2010-11-02,21.2,21.4,21.14,21.4
2010-11-03,21.06,21.4,20.74,20.8
2010-11-04,20.94,20.94,20.92,20.94
2010-11-05,21.1,21.4,21,21.4
2010-11-08,21.24,22.06,21.2,22
2010-11-09,21.8,22.1,21.8,22.1
2010-11-10,22.06,22.9,21.82,22.2
2010-11-11,22.1,22.4,22,22.2
2010-11-12,22.1,22.6,22,22.36
2010-11-15,22.02,22.4,22,22.4
2010-11-16,22.5,22.5,21.8,22.4
2010-11-17,22.6,22.6,22.1,22.4
2010-11-18,22.06,22.4,22.06,22.4
2010-11-19,22.12,22.66,22.12,22.66
2010-11-22,22.6,22.8,22.5,22.8
2010-11-23,22.5,23,22.42,22.9
2010-11-24,22.6,22.9,22.6,22.9
2010-11-25,22.46,23.28,22.46,23.28
2010-11-26,23,23.1,23,23
2010-11-29,22.5,23,22.42,23
2010-11-30,22.34,22.78,22.34,22.78
2010-12-01,22.78,22.8,22.14,22.8
2010-12-02,22.8,23,22.62,23
2010-12-03,23,23.08,22.38,23.08
2010-12-06,22.9,23.04,22.6,23.04
2010-12-07,23.1,23.76,23.1,23.6
2010-12-08,23.76,24.94,23.6,23.72
2010-12-09,23.42,25,23.42,25
2010-12-10,24.4,24.4,24.08,24.4
2010-12-13,24.6,24.6,24.02,24.2
2010-12-14,23.9,24,23.4,24
2010-12-15,24,24,23.44,24
2010-12-16,23.52,23.8,22.98,22.98
2010-12-17,23.1,23.46,22.5,22.66
2010-12-20,22.56,23.2,22.06,23.2
2010-12-21,23.58,23.98,22.6,23.98
2010-12-22,23.94,23.94,23.88,23.94
2010-12-23,23.02,24,23.02,24
2010-12-27,23.84,24,22.06,22.06
2010-12-28,22.5,23.98,22.5,23.96
2010-12-29,24,24,23.8,24
2010-12-30,24,24,23.4,24
2011-01-03,23.6,24,23.6,23.6
2011-01-04,23.22,23.98,22.96,23.98
2011-01-05,23.8,24.2,23.8,24.2
2011-01-06,23.7,24,23.6,24
2011-01-07,23.88,24.2,23.88,24
2011-01-10,23.52,23.86,23.34,23.78
2011-01-11,23.4,23.8,23.14,23.8
2011-01-12,23.6,23.96,23.4,23.78
2011-01-13,23.36,23.4,23,23
2011-01-14,23.48,23.58,22.9,23.56
2011-01-17,23.68,23.96,23.68,23.96
2011-01-18,23.94,24,23.7,24
2011-01-19,23.98,24,23.98,24
2011-01-20,23.98,24,23,23
2011-01-21,23.02,23.02,22.74,22.8
2011-01-24,22.8,22.98,22.64,22.98
2011-01-25,22.98,22.98,22.9,22.9
2011-01-26,22.76,22.9,22.7,22.86
2011-01-27,22.86,22.9,22.72,22.72
2011-01-28,22.8,23.6,22.72,23.6
2011-01-31,23.14,23.6,23.1,23.6
2011-02-01,23.52,23.6,23.22,23.52
2011-02-02,23.2,23.5,23.2,23.5
2011-02-03,23.24,23.4,23.2,23.2
2011-02-04,23.2,23.4,23.2,23.3
2011-02-07,23.2,23.6,23.2,23.6
2011-02-08,23.6,23.76,23.4,23.58
2011-02-09,23.3,24.4,23.3,24
2011-02-10,23.62,23.62,23.62,23.62
2011-02-11,23.42,23.72,23.28,23.72
2011-02-14,23.28,23.6,23.26,23.6
2011-02-15,23.4,23.4,23.36,23.4
2011-02-16,23.4,23.4,23.2,23.36
2011-02-17,23.42,23.44,23.3,23.32
2011-02-18,23.18,23.56,23,23.42
2011-02-21,23.46,23.6,23.4,23.4
2011-02-22,23.5,23.6,23.5,23.5
2011-02-23,23.52,23.8,23.52,23.6
2011-02-24,23.92,23.92,23.6,23.6
2011-02-25,23.66,23.66,23.5,23.62
2011-02-28,23.6,23.88,23.6,23.84
2011-03-01,23.64,23.9,23.6,23.6
2011-03-02,23.6,23.8,23.54,23.6
2011-03-03,23.6,24,23.6,24
2011-03-04,23.6,23.6,23.6,23.6
2011-03-07,23.94,24,23.7,24
2011-03-08,24.2,24.4,23.6,24
2011-03-09,24.02,24.38,23.6,23.6
2011-03-10,23.98,24.46,23.98,24.46
2011-03-11,24.3,25.2,24.18,25.2
2011-03-14,24.8,26,24.8,25.9
2011-03-15,25.4,25.74,24.76,25.74
2011-03-16,25,25.96,24.84,24.84
2011-03-17,24.5,25.6,24.5,25.6
2011-03-18,25.12,27.9,25.12,26.2
2011-03-21,26.4,26.4,26.020002,26.020002
2011-03-22,26.14,26.179998,25.2,25.2
2011-03-23,25.58,26.6,25.42,26.6
2011-03-24,25.620002,26.6,25.620002,26.6
2011-03-25,26.6,26.6,26.220002,26.26
2011-03-28,26.3,26.320002,26.2,26.2
2011-03-29,26.579998,26.579998,26.3,26.4
2011-03-30,26.320002,26.6,26.320002,26.420002
2011-03-31,26.4,26.6,26.06,26.6
2011-04-04,26.020002,26.979998,26.020002,26.979998
2011-04-05,26.620002,26.620002,26.26,26.4
2011-04-06,26.579998,26.579998,25.820002,25.820002
2011-04-07,25.6,26.179998,25.44,26.1
2011-04-08,25.879998,26.379998,25.8,26.24
2011-04-11,26.4,26.4,25.979998,26.179998
2011-04-12,26,26,25.6,25.6
2011-04-13,25.879998,25.94,25.76,25.76
2011-04-14,25.8,26.06,25.7,25.8
2011-04-15,25.9,26.179998,25.9,26.179998
2011-04-18,26.16,26.5,26,26.320002
2011-04-19,26.3,26.56,26.24,26.24
2011-04-20,26.579998,26.6,26.56,26.56
2011-04-21,26.6,26.76,26.56,26.56
2011-04-26,26.56,26.620002,26.56,26.6
2011-04-27,26.6,26.6,26.579998,26.579998
2011-04-28,26.6,26.96,26.6,26.96
2011-04-29,26.96,26.979998,26.579998,26.979998
2011-05-02,26.6,26.7,26.6,26.7
2011-05-03,26.679998,26.76,26.56,26.64
2011-05-04,26.4,26.4,25.86,26.16
2011-05-05,26.320002,26.320002,25.779998,25.779998
2011-05-06,25.679998,26.16,25.66,25.76
2011-05-09,25.4,25.44,25.14,25.14
2011-05-10,25.2,25.3,25,25.1
2011-05-11,25,25.02,24.76,25.02
2011-05-12,25,25.18,25,25
2011-05-13,25,25.36,25,25.3
2011-05-16,25.2,25.8,25.2,25.720002
2011-05-17,25.7,25.8,25.7,25.779998
2011-05-18,25.5,26.06,25.5,25.820002
2011-05-19,25.94,26,25.8,26
2011-05-20,25.96,26.120002,25.96,26
2011-05-23,25.8,25.820002,25.6,25.74
2011-05-24,25.48,25.9,25.36,25.9
2011-05-25,25.7,25.7,25.46,25.46
2011-05-26,25.779998,26,25.779998,26
2011-05-27,25.620002,25.9,25.620002,25.820002
2011-05-30,25.820002,26.06,25.56,25.94
2011-05-31,25.820002,26.320002,25.820002,26.279998
2011-06-01,26.620002,27.579998,26.520002,27.5
2011-06-03,27.420002,28.2,27.26,28
2011-06-06,27.9,28,27.579998,27.76
2011-06-07,27.779998,28.2,27.620002,28
2011-06-08,28,28.4,27.820002,28.1
2011-06-09,28,28.320002,28,28.16
2011-06-10,28.479998,28.479998,28,28.179998
2011-06-14,28.5,28.5,28,28.2
2011-06-15,28,28.3,28,28.14
2011-06-16,27.74,28.2,27.74,27.979998
2011-06-17,27.8,28.079998,27.8,27.9
2011-06-20,27.5,28,27.5,27.9
2011-06-21,27.8,28.179998,27.8,27.920002
2011-06-22,28,28.3,28,28.2
2011-06-23,28.179998,28.320002,27.820002,28.2
2011-06-24,28,28.2,27.979998,28.14
2011-06-27,28,28.2,27.76,28
2011-06-28,28.34,28.34,28.120002,28.2
2011-06-29,28.2,28.379998,28.2,28.2
2011-06-30,28,28.6,28,28.379998
2011-07-01,28.2,28.34,28.1,28.26
2011-07-04,28.2,28.36,28.2,28.24
2011-07-05,28,28.2,27.84,28.2
2011-07-06,28.2,28.2,27.9,28.06
2011-07-07,28,28.2,27.879998,28.04
2011-07-08,27.66,27.96,27.26,27.679998
2011-07-11,27.3,27.3,26.479998,26.7
2011-07-12,26.3,26.56,25.56,25.84
2011-07-13,25.84,25.84,25.46,25.6
2011-07-14,25.3,25.6,24.6,25.58
2011-07-15,25.2,25.24,24.8,25.08
2011-07-18,24.72,24.72,22.04,24.2
2011-07-19,24.18,24.18,23.5,24
2011-07-20,24,24.2,23.9,23.9
2011-07-21,24,24,23.56,23.9
2011-07-22,23.6,23.8,23.4,23.4
2011-07-25,23.4,23.42,23,23.16
2011-07-26,23,23,21.84,22.8
2011-07-27,22.48,22.8,22.2,22.8
2011-07-28,22.8,22.92,22.6,22.92
2011-07-29,22.88,23.18,22.88,23.04
2011-08-02,23.2,23.38,23.04,23.1
2011-08-03,23.44,23.44,23.1,23.2
2011-08-04,23.12,23.12,21.58,22.1
2011-08-05,21.78,21.78,19.1,21
2011-08-08,19.4,19.93,18.960001,19.6
2011-08-09,19.8,19.8,18.58,18.6
2011-08-10,18.610001,19.8,18.6,19.7
2011-08-11,19.7,19.8,19.4,19.8
2011-08-12,19.65,20.62,19.65,20.6
2011-08-15,20.78,21.68,20.7,21
2011-08-16,21.2,21.2,19.810001,20.2
2011-08-17,20.06,20.4,20,20.2
2011-08-18,20.02,20.04,18.8,18.88
2011-08-19,18.6,18.9,18.010001,18.4
2011-08-22,18.6,19.4,18.43,18.43
2011-08-23,19.35,19.6,19.2,19.6
2011-08-24,19.589999,19.589999,18.7,18.7
2011-08-25,19.410001,19.960001,19.3,19.410001
2011-08-29,19.5,19.7,19.5,19.510001
2011-08-30,19.839999,19.93,19.52,19.8
2011-08-31,19.610001,19.8,19.5,19.8
2011-09-01,19.510001,19.7,19.47,19.5
2011-09-02,19.6,19.6,19.6,19.6
2011-09-05,19.589999,19.6,19.010001,19.6
2011-09-06,19.6,19.889999,19.010001,19.05
2011-09-07,19.010001,19.18,18.939999,19
2011-09-08,19.010001,19.2,18.9,19.2
2011-09-09,19,19.05,18.889999,18.95
2011-09-12,18.8,18.85,18.55,18.789999
2011-09-13,18.7,18.989999,18.589999,18.589999
2011-09-14,18.589999,19.13,18.460001,18.9
2011-09-15,18.6,18.989999,18.6,18.910001
2011-09-16,18.9,19.43,18.9,19.43
2011-09-19,19.3,19.3,19.22,19.239999
2011-09-20,18.93,19.32,18.710001,19.32
2011-09-21,19.1,19.1,18.88,18.88
2011-09-22,18.6,18.6,18.03,18.2
2011-09-23,18.2,18.260001,18.02,18.15
2011-09-26,18,18,17.8,17.8
2011-09-27,17.5,18.010001,17.5,17.78
2011-09-28,18.02,18.07,18,18
2011-09-29,18,18,18,18
2011-09-30,17.9,18.2,17.9,18.2
2011-10-03,18,18.039999,17.9,17.9
2011-10-04,18,18,18,18
2011-10-05,17.9,18,17.88,17.88
2011-10-06,17.88,17.960001,17.8,17.8
2011-10-07,17.97,17.97,17.8,17.85
2011-10-10,17.98,18.139999,17.98,18.039999
2011-10-11,18.1,18.18,18.1,18.18
2011-10-12,18.48,18.48,18.22,18.22
2011-10-13,18.4,18.4,18.3,18.4
2011-10-14,18.5,18.5,18.5,18.5
2011-10-17,18.4,18.439999,18.4,18.439999
2011-10-18,18.439999,18.439999,18.439999,18.439999
2011-10-19,18.23,18.660001,18.23,18.660001
2011-10-20,18.57,18.57,18.57,18.57
2011-10-21,18.65,18.65,18.65,18.65
2011-10-24,18.9,18.9,18.65,18.75
2011-10-25,18.72,19.060001,18.7,19.02
2011-10-26,19.32,19.410001,19.02,19.38
2011-10-27,19.65,19.98,19.4,19.8
2011-10-28,19.8,20.12,19.8,19.83
2011-10-31,20.16,20.2,19.8,20
2011-11-01,19.98,19.98,19.67,19.789999
2011-11-02,19.47,19.889999,19.47,19.6
2011-11-03,19.539999,19.539999,19.539999,19.539999
2011-11-04,19.789999,19.8,19.739999,19.77
2011-11-07,19.460001,19.610001,19.460001,19.6
2011-11-08,19.310001,19.47,19.039999,19.2
2011-11-09,18.9,19.210001,18.810001,18.82
2011-11-10,18.8,18.8,18.6,18.78
2011-11-11,18.48,19.05,18.48,18.689999
2011-11-14,18.510001,18.789999,18.1,18.339999
2011-11-15,18.589999,18.610001,18.139999,18.2
2011-11-16,18.5,18.5,18.1,18.27
2011-11-17,18.57,19.18,18.2,19.039999
2011-11-18,19.2,19.67,19.2,19.460001
2011-11-21,19.77,19.77,18.939999,18.939999
2011-11-22,19.239999,19.239999,18.860001,18.860001
2011-11-23,18.810001,19.1,18.57,19.1
2011-11-25,19.05,19.1,19.05,19.1
2011-11-28,19,19.1,18.789999,18.789999
2011-11-29,18.7,19.1,18.7,19.03
2011-11-30,19.03,19.03,18.939999,18.939999
2011-12-01,19.03,19.03,19,19
2011-12-02,19,19.239999,19,19.02
2011-12-05,18.960001,19.3,18.710001,19.1
2011-12-06,19.2,19.3,19.18,19.189999
2011-12-07,19.2,19.660001,19.2,19.58
2011-12-08,19.8,19.8,19.22,19.22
2011-12-09,19.4,19.5,19.2,19.5
2011-12-12,19.5,19.7,19.339999,19.339999
2011-12-13,19.6,19.68,19.3,19.3
2011-12-14,19.210001,19.210001,19.210001,19.210001
2011-12-15,19.2,19.4,19.160001,19.160001
2011-12-16,19.17,19.260001,18.3,18.3
2011-12-19,18.57,19.2,18.55,19.2
2011-12-20,19,19.2,18.8,19.089999
2011-12-21,18.939999,18.960001,18.85,18.960001
2011-12-22,18.8,19.2,18.8,19.2
2011-12-23,19.2,19.2,18.83,18.83
2011-12-27,19,19.1,19,19.1
2011-12-28,19,19.1,19,19.1
2011-12-30,19.2,19.410001,19.2,19.3
2012-01-04,19.48,19.5,19.3,19.3
2012-01-05,19.4,19.42,19,19.18
2012-01-06,19,19,18.7,19
2012-01-09,18.8,19.039999,18.8,19.039999
2012-01-10,18.9,19.089999,18.82,19
2012-01-11,19,19,18.8,19
2012-01-12,18.8,18.95,18.8,18.95
2012-01-13,18.960001,19,18.789999,18.960001
2012-01-16,18.8,18.8,18.6,18.8
2012-01-17,18.7,18.8,18.4,18.439999
2012-01-18,18.560001,18.560001,18.310001,18.38
2012-01-19,18.339999,18.460001,18.339999,18.42
2012-01-20,18.42,18.72,18.32,18.72
2012-01-23,18.5,18.6,18.410001,18.5
2012-01-24,18.48,18.560001,18.3,18.5
2012-01-25,18.4,18.4,18.4,18.4
2012-01-26,18.5,18.989999,18.5,18.8
2012-01-27,18.8,19.08,18.8,18.92
2012-01-30,18.92,19.18,18.860001,18.939999
2012-01-31,18.8,19.2,18.8,19
2012-02-01,19.110001,19.3,19.110001,19.3
2012-02-02,19.4,19.4,19.37,19.37
2012-02-03,19.4,19.45,19.3,19.45
2012-02-06,19.489999,19.5,18.87,19.45
2012-02-07,19.18,19.5,19.17,19.4
2012-02-08,19.4,19.4,19.010001,19.010001
2012-02-09,19.260001,19.5,19.260001,19.4
2012-02-10,19.5,19.75,19.4,19.4
2012-02-13,19.639999,19.639999,19.4,19.6
2012-02-14,19.4,19.6,19.4,19.6
2012-02-15,19.6,19.639999,19.3,19.639999
2012-02-16,19.560001,19.560001,19.28,19.560001
2012-02-17,19.560001,19.639999,19.4,19.639999
2012-02-20,19.689999,19.689999,19.3,19.6
2012-02-21,19.6,19.7,19.560001,19.7
2012-02-22,19.7,19.7,19.4,19.7
2012-02-23,19.4,19.8,19.4,19.8
2012-02-24,19.6,19.8,19.6,19.7
2012-02-27,19.6,19.889999,19.310001,19.889999
2012-02-28,19.6,19.9,19.6,19.9
2012-02-29,19.6,19.9,19.4,19.9
2012-03-01,19.45,19.889999,19.45,19.889999
2012-03-02,19.439999,19.9,19.410001,19.9
2012-03-06,19.85,19.9,19.760001,19.9
2012-03-07,19.8,20,19.07,20
2012-03-08,20,21,20,20.9
2012-03-09,21,21,20.4,20.4
2012-03-12,20.68,20.7,20.68,20.7
2012-03-13,20.7,21,20.2,20.6
2012-03-14,21.8,23,20.6,20.6
2012-03-15,20.66,21.6,20.64,21.6
2012-03-16,21.6,22,21,22
2012-03-19,21,21.9,20.68,21.9
2012-03-21,20.9,21.6,20.9,21.6
2012-03-22,21.6,21.6,20.94,21.5
2012-03-23,21.5,21.6,20.9,21.54
2012-03-26,20.92,21.6,20.84,21.6
2012-03-27,20.9,21.5,20.9,21.5
2012-03-28,21.5,21.56,20.7,21
2012-03-29,20.74,20.84,20,20.56
2012-03-30,20.18,20.6,20,20.6
2012-04-02,21.34,21.34,20.26,20.9
2012-04-03,20.9,21.4,20.9,21.1
2012-04-04,21.36,21.94,21.12,21.4
2012-04-05,21.2,21.4,21.2,21.4
2012-04-10,20.62,21.38,20.62,21.38
2012-04-11,20.56,21,20.52,21
2012-04-12,20.98,21.2,20.66,20.94
2012-04-13,20.8,20.8,20.38,20.74
2012-04-16,20.14,20.88,20.14,20.74
2012-04-17,21,21,21,21
2012-04-18,21,21.38,20.9,20.98
2012-04-19,20.64,20.72,20.48,20.72
2012-04-20,20.7,20.78,20.5,20.78
2012-04-23,20.62,20.92,20.2,20.2
2012-04-24,20.2,20.2,19.589999,19.98
2012-04-25,20,20.02,19.2,19.6
2012-04-26,19.589999,19.6,19.4,19.4
2012-04-27,20.26,20.26,19.489999,19.489999
2012-04-30,19.910001,19.910001,19.33,19.48
2012-05-02,19.48,19.6,19.12,19.12
2012-05-03,19.260001,19.4,18.85,19.139999
2012-05-04,19.010001,19.2,19,19.1
2012-05-07,18.9,19.089999,18.9,18.9
2012-05-08,19.160001,19.160001,18.8,19
2012-05-09,19.2,19.2,18.67,18.67
2012-05-10,18.67,18.8,18.27,18.589999
2012-05-11,18.239999,18.239999,17.810001,18.2
2012-05-14,18.35,18.35,17.65,18.3
2012-05-15,18.5,18.5,17.43,17.989999
2012-05-16,18.089999,18.089999,17.160001,17.95
2012-05-18,17.910001,17.910001,17.75,17.88
2012-05-21,18,18,17.310001,17.5
2012-05-22,17.510001,17.98,17.5,17.52
2012-05-23,17.8,18.3,17.639999,18.3
2012-05-24,18.3,18.4,18.039999,18.28
2012-05-25,18.010001,18.4,18.010001,18.4
2012-05-29,18.4,18.4,17.85,18.3
2012-05-30,18.2,18.589999,17.910001,18.589999
2012-05-31,18.68,19,18.660001,18.660001
2012-06-01,18.65,18.65,17.789999,18.3
2012-06-04,18.2,18.3,17.760001,17.760001
2012-06-05,17.67,17.78,17.260001,17.78
2012-06-06,17.739999,17.739999,17.510001,17.739999
2012-06-07,17.72,17.95,17.72,17.95
2012-06-08,17.85,17.95,17.6,17.95
2012-06-11,17.8,18.039999,17.8,18.039999
2012-06-12,18,18.489999,17.960001,18
2012-06-13,18.2,19,18.189999,19
2012-06-14,18.989999,18.989999,18.6,18.989999
2012-06-15,18.8,19.07,18.639999,19
2012-06-18,18.939999,19,18.589999,18.98
2012-06-19,18.689999,19.2,18.689999,19.2
2012-06-20,18.45,19.2,18.45,19.2
2012-06-21,18.6,18.83,18.48,18.760001
2012-06-22,18.3,18.6,18.3,18.58
2012-06-25,18.2,18.58,17.73,18.58
2012-06-26,18.460001,18.460001,17.88,18.1
2012-06-27,18.2,18.27,17.02,18
2012-06-28,17.92,17.97,17.4,17.97
2012-06-29,17.95,17.97,17.95,17.97
2012-07-02,18.08,18.08,17.8,17.8
2012-07-03,18,18.010001,17.289999,17.289999
2012-07-04,17.23,17.6,17.23,17.6
2012-07-05,17.52,17.97,17.52,17.739999
2012-07-06,17.55,17.789999,17.55,17.789999
2012-07-09,17.8,18.15,17.7,17.8
2012-07-10,17.8,17.8,17.8,17.8
2012-07-11,17.6,17.739999,17.5,17.739999
2012-07-12,17.639999,17.639999,17.539999,17.539999
2012-07-13,17.7,17.7,17.55,17.65
2012-07-16,17.52,17.560001,17.489999,17.560001
2012-07-17,17.389999,18.2,17.35,17.8
2012-07-18,17.7,17.8,17.45,17.739999
2012-07-19,17.58,17.58,17.42,17.58
2012-07-20,17.5,17.5,17.33,17.4
2012-07-23,17.25,17.4,17.2,17.4
2012-07-24,17.22,17.5,17.210001,17.5
2012-07-25,17.489999,17.489999,17.15,17.2
2012-07-26,17.2,17.27,17,17.2
2012-07-27,17.2,17.22,17.2,17.2
2012-07-30,17.2,17.2,17.15,17.2
2012-07-31,17.2,17.289999,17.189999,17.2
2012-08-02,17.189999,17.210001,17.18,17.2
2012-08-03,17.03,17.3,17.03,17.189999
2012-08-06,17.37,17.38,17.13,17.38
2012-08-07,17.3,17.3,17.139999,17.2
2012-08-08,17.4,17.82,17.389999,17.82
2012-08-09,17.88,17.95,17.739999,17.95
2012-08-10,17.960001,18.3,17.960001,18
2012-08-14,18.07,18.160001,18.07,18.139999
2012-08-15,18.010001,18.18,18.010001,18.18
2012-08-16,18,18.2,17.8,18.2
2012-08-17,18.110001,18.110001,18.110001,18.110001
2012-08-20,18.260001,18.260001,17.83,18.139999
2012-08-21,18.03,18.3,18.02,18.3
2012-08-22,18.3,18.3,17.77,18.110001
2012-08-23,18.189999,18.4,18.13,18.339999
2012-08-24,18.239999,18.439999,18.2,18.38
2012-08-27,18.310001,18.489999,18.27,18.489999
2012-08-28,18.139999,18.2,17.67,18.2
2012-08-29,18.1,18.1,17.52,17.9
2012-08-30,17.72,17.9,17.7,17.9
2012-08-31,17.8,18.05,17.57,18.05
2012-09-03,17.8,17.939999,17.8,17.939999
2012-09-04,17.8,18.05,17.8,18
2012-09-05,18,18.010001,18,18
2012-09-06,18.02,18.2,18,18.2
2012-09-07,18.2,18.360001,18.18,18.360001
2012-09-10,18.210001,18.4,18.13,18.4
2012-09-12,18.28,18.68,18.28,18.65
2012-09-13,18.6,18.8,18.6,18.8
2012-09-14,18.839999,20,18.839999,19.78
2012-09-17,19.810001,20.4,19.8,20.4
2012-09-18,20.38,20.82,20.28,20.66
2012-09-19,20.66,20.8,20.58,20.8
2012-09-20,20.74,20.76,20.6,20.76
2012-09-21,20.6,20.72,20.54,20.62
2012-09-24,20.68,20.78,20.6,20.78
2012-09-25,20.64,20.78,20.6,20.78
2012-09-26,20.74,21,20.68,21
2012-09-27,20.96,21.2,20.82,21.2
2012-09-28,21.2,21.62,21.18,21.62
2012-10-01,21.4,22,21.32,22
2012-10-02,22,22,21.6,22
2012-10-03,21.9,22,21.8,22
2012-10-04,22,22,21.6,22
2012-10-05,21.98,22.4,21.82,22.4
2012-10-08,22.36,22.4,21.32,22.4
2012-10-09,22.38,22.38,21.68,22
2012-10-10,21.72,22.32,21.72,22.2
2012-10-11,22.18,22.48,22.18,22.4
2012-10-12,21.48,22.5,21.48,22.5
2012-10-15,22.2,22.38,22.04,22.22
2012-10-16,21.48,21.88,21.02,21.68
2012-10-17,22.1,22.1,21.64,21.82
2012-10-18,21.4,21.84,21.4,21.62
2012-10-19,21.36,22,21.36,22
2012-10-22,21.6,21.98,21.54,21.98
2012-10-23,21.46,21.66,21.44,21.6
2012-10-24,21.4,21.68,21.24,21.6
2012-10-25,21.5,21.94,21.46,21.8
2012-10-26,21.88,22.16,21.5,22.16
2012-10-29,22,22.02,21.7,21.7
2012-10-30,21.3,22.1,21.3,22
2012-10-31,21.82,22.2,21.7,22.2
2012-11-01,22.3,22.3,22.2,22.2
2012-11-02,22.24,22.36,21.8,22.36
2012-11-05,22.3,22.3,22.14,22.14
2012-11-06,22,22.1,21.58,22.1
2012-11-07,22,22.2,21.8,22.14
2012-11-08,21.98,22,21.98,22
2012-11-09,22.5,22.5,22.5,22.5
2012-11-12,22,22,21.62,22
2012-11-13,21.38,22,21.38,22
2012-11-14,21.52,21.6,21.34,21.6
2012-11-15,21.36,21.6,21.36,21.6
2012-11-16,21.04,21.8,21.02,21.8
2012-11-19,21.28,22,21.2,22
2012-11-20,21.84,21.96,21.8,21.96
2012-11-21,21.96,22,21.96,22
2012-11-22,22,22,22,22
2012-11-23,21.98,22,21.16,22
2012-11-26,21.7,22,21.7,22
2012-11-27,21.98,22,21.94,21.98
2012-11-28,21.6,21.66,21.1,21.56
2012-11-29,21.32,21.78,21.3,21.48
2012-11-30,21.78,21.78,21.22,21.6
2012-12-03,21.56,21.9,21.56,21.8
2012-12-04,21.8,21.8,21.58,21.58
2012-12-05,21.58,21.62,21.58,21.58
2012-12-06,21.58,21.58,21.5,21.5
2012-12-07,21.56,21.84,21.04,21.84
2012-12-10,21.9,22.06,21.86,22
2012-12-11,22,22.1,21.9,21.9
2012-12-12,21.9,22.2,21.54,22.2
2012-12-13,22.38,22.4,22,22.2
2012-12-14,22.26,22.3,22.24,22.24
2012-12-17,22.1,22.1,21.86,22
2012-12-18,22.1,22.6,22.1,22.6
2012-12-19,22.6,22.98,22.4,22.98
2012-12-20,22.4,23,22.4,23
2012-12-21,23,23,22.32,23
2012-12-27,22.66,23,22.66,23
2012-12-28,22.88,23,22.4,23
2013-01-03,23,23,22.42,22.96
2013-01-07,22.56,22.68,22.4,22.4
2013-01-08,22.66,22.68,22.2,22.46
2013-01-09,22.48,22.9,22.48,22.9
2013-01-10,22.62,23,22.6,23
2013-01-11,22.8,22.88,22.44,22.88
2013-01-14,22.8,23,22.46,23
2013-01-15,22.96,23.1,22.82,23
2013-01-16,22.84,22.92,22.54,22.92
2013-01-17,22.6,22.96,22.6,22.96
2013-01-18,22.9,22.9,22.62,22.82
2013-01-21,22.8,22.9,22.48,22.9
2013-01-22,22.62,23,22.6,23
2013-01-23,22.8,23,22.66,23
2013-01-24,22.9,23,22.9,22.98
2013-01-25,22.98,23.6,22.98,23.6
2013-01-28,23.6,23.96,23.6,23.96
2013-01-29,23.78,25,23.5,25
2013-01-30,24.78,25,24.52,24.96
2013-01-31,24.8,25.06,24.8,25
2013-02-01,25.02,25.16,24.94,24.94
2013-02-04,25.16,25.7,24.94,24.94
2013-02-05,24.94,24.94,24.94,24.94
2013-02-06,25,25.3,24.7,25.3
2013-02-07,25.38,25.38,25.04,25.38
2013-02-08,25.34,25.5,25.2,25.5
2013-02-11,25.7,26,25.34,25.5
2013-02-12,25.9,25.9,25.46,25.74
2013-02-13,25.7,25.8,25.4,25.6
2013-02-14,25.879998,25.879998,25.22,25.22
2013-02-15,25.32,25.32,25.12,25.16
2013-02-18,25.16,25.2,25.02,25.1
2013-02-19,25.02,25.02,24.72,24.9
2013-02-20,25,25.9,24.68,25.9
2013-02-21,25.56,25.6,25.1,25.6
2013-02-22,25.44,25.7,25.4,25.7
2013-02-25,25.6,25.9,25.6,25.9
2013-02-26,25.879998,25.979998,25.84,25.879998
2013-02-27,25.879998,26,25.46,26
2013-02-28,25.6,25.8,25.46,25.8
2013-03-01,25.36,26,25.2,26
2013-03-04,25.7,25.7,25,25.5
2013-03-05,26,26.020002,25.48,26
2013-03-06,26.1,26.3,26,26.3
2013-03-07,26.3,26.3,26.120002,26.2
2013-03-08,26.2,26.3,26.120002,26.2
2013-03-11,26.4,26.6,26.14,26.5
2013-03-12,26.6,26.6,26.279998,26.4
2013-03-13,26.4,26.4,26.04,26.379998
2013-03-14,26.2,26.420002,26.079998,26.2
2013-03-15,26.14,26.14,25.779998,26
2013-03-18,26,26,25.4,25.8
2013-03-19,25.779998,26,25.66,26
2013-03-20,25.8,26.06,25.8,26
2013-03-21,25.8,26,25.66,25.96
2013-03-22,25.46,26,25.46,26
2013-03-25,25.820002,26,25.66,25.979998
2013-03-26,25.96,26.020002,25.9,26
2013-03-27,25.44,25.44,25.44,25.44
2013-03-28,25.6,25.9,25.6,25.9
2013-04-02,25.46,25.8,25.42,25.8
2013-04-03,25.64,26,25.6,26
2013-04-04,25.8,26,25.64,26
2013-04-05,25.84,26.2,25.8,26.2
2013-04-08,26.1,26.2,25.96,26.2
2013-04-09,26.020002,26.2,25.979998,26.2
2013-04-10,26,26.2,25.6,26.2
2013-04-11,25.820002,25.920002,25.74,25.920002
2013-04-12,26.2,26.2,25.96,26.2
2013-04-15,26,26.2,25.76,26.179998
2013-04-16,26,26.2,25.979998,26.2
2013-04-17,25.5,26.2,25.5,25.9
2013-04-18,25.54,25.7,25.46,25.7
2013-04-19,25.9,25.9,25.56,25.58
2013-04-22,25.42,25.720002,25.42,25.6
2013-04-23,25.6,26.06,25.6,26
2013-04-24,25.820002,26.4,25.820002,26.2
2013-04-25,26.4,26.4,26.079998,26.320002
2013-04-26,26,26.5,26,26.4
2013-04-29,26.4,26.6,26.379998,26.6
2013-04-30,26.4,26.6,26.4,26.6
2013-05-02,26.579998,26.579998,26.179998,26.24
2013-05-03,26.2,26.4,26.2,26.4
2013-05-06,26.379998,26.6,26.3,26.579998
2013-05-07,26.420002,26.6,26.420002,26.6
2013-05-08,26.579998,26.6,26.420002,26.420002
2013-05-10,26.4,26.6,26.4,26.6
2013-05-13,26.56,26.6,26.2,26.6
2013-05-14,26.579998,26.579998,26.5,26.56
2013-05-15,26.5,26.6,26.420002,26.6
2013-05-16,26.4,26.520002,26.4,26.520002
2013-05-17,26.3,26.520002,26.3,26.5
2013-05-21,26.4,26.520002,26.4,26.5
2013-05-22,26.6,26.620002,26.2,26.579998
2013-05-23,26.4,26.4,26.2,26.4
2013-05-24,26.4,26.520002,26.3,26.420002
2013-05-27,26.4,26.56,26.36,26.56
2013-05-28,26.4,28.4,26.4,28.2
2013-05-29,27.6,28.120002,27.6,28.1
2013-05-30,28.1,28.16,28.079998,28.14
2013-05-31,28,28.020002,27.74,28
2013-06-03,28,28,27.64,27.76
2013-06-04,27.8,28,27.64,27.96
2013-06-05,28,28.2,27.56,27.56
2013-06-06,27.8,27.879998,27.6,27.779998
2013-06-07,27.920002,28,27.6,27.6
2013-06-10,27.4,28.06,26.6,27.94
2013-06-11,27.420002,27.56,27.4,27.54
2013-06-12,27.420002,27.679998,27.2,27.2
2013-06-13,26.6,27.120002,26.6,26.9
2013-06-14,27.16,27.3,26.8,26.8
2013-06-17,27,27.2,27,27.079998
2013-06-18,27.020002,27.179998,27,27
2013-06-19,27.220002,27.220002,27.06,27.2
2013-06-20,27.020002,27.020002,27,27
2013-06-21,27.2,27.2,26.9,27.2
2013-06-24,27,27,26.6,26.6
2013-06-25,26.6,27,26.6,26.8
2013-06-26,26.6,26.8,26.220002,26.24
2013-06-27,26.020002,26.4,26,26.4
2013-06-28,26.24,26.66,26.24,26.4
2013-07-01,26.8,26.8,26.220002,26.34
2013-07-02,26.64,26.86,26,26
2013-07-03,26.020002,26.279998,25.6,25.6
2013-07-04,25.8,25.8,25.6,25.779998
2013-07-05,25.8,25.8,25.8,25.8
2013-07-08,25.96,26,25.4,26
2013-07-09,25.96,26.6,25.94,26.36
2013-07-10,26.6,27.04,26.479998,26.9
2013-07-11,27.2,27.2,26.94,27.14
2013-07-12,27.2,27.56,27.120002,27.2
2013-07-15,27.320002,27.579998,27.320002,27.579998
2013-07-16,27.5,27.779998,27.5,27.74
2013-07-17,27.579998,27.96,27.44,27.96
2013-07-18,27.94,27.979998,27.320002,27.84
2013-07-19,27.96,28.06,27.879998,28
2013-07-22,28,28.1,27.94,28
2013-07-23,28,28,27.8,28
2013-07-24,27.76,27.86,27.76,27.8
2013-07-25,27.820002,28,27.8,27.8
2013-07-26,27.8,27.86,27.679998,27.679998
2013-07-29,27.64,27.64,27.6,27.6
2013-07-30,27.54,27.54,27.2,27.44
2013-07-31,27.2,27.379998,27.2,27.26
2013-08-02,27.6,27.8,27.5,27.8
2013-08-05,27.8,27.979998,27.779998,27.820002
2013-08-06,28,28.020002,27.8,27.84
2013-08-07,27.220002,27.9,27.220002,27.720002
2013-08-08,27.720002,27.86,27.620002,27.86
2013-08-09,28,28.2,27.26,28.2
2013-08-12,28.2,28.4,28.14,28.4
2013-08-13,28.34,28.4,28,28.4
2013-08-14,28.579998,30.44,28.56,30.44
2013-08-15,30.4,30.4,29.04,29.06
2013-08-16,28.6,28.6,27.34,27.34
2013-08-19,26.66,27.120002,26.66,27.06
2013-08-20,27.04,27.66,27,27.479998
2013-08-21,27.6,27.94,27.6,27.86
2013-08-22,27.6,28,27.6,27.7
2013-08-23,27.7,27.7,27.6,27.6
2013-08-26,27.6,27.620002,27.479998,27.6
2013-08-27,27.74,27.74,27.479998,27.66
2013-08-28,27.520002,29,27.5,29
2013-08-29,28.9,28.9,27.9,28
2013-08-30,27.84,27.84,27.6,27.8
2013-09-02,28,28.4,27.84,28.36
2013-09-03,28.24,28.779998,28.2,28.779998
2013-09-04,28.66,28.66,27.820002,28.179998
2013-09-05,28,28.479998,27.920002,27.96
2013-09-06,28,28.14,27.779998,28
2013-09-09,28,28.520002,27.86,28.520002
2013-09-10,28.94,28.94,28.420002,28.8
2013-09-11,28.96,28.96,28.86,28.86
2013-09-12,28.4,28.9,28.4,28.820002
2013-09-13,28.420002,29.879998,28.420002,29.579998
2013-09-16,29.96,29.96,29.279998,29.520002
2013-09-17,29.2,29.820002,29.2,29.66
2013-09-18,29.44,29.56,29.3,29.3
2013-09-19,29.4,30.2,29.379998,30.2
2013-09-20,30.3,30.3,29.5,29.6
2013-09-23,29.86,30.04,29.8,30.04
2013-09-24,29.7,30,29.7,30
2013-09-25,29.979998,30.020002,29.879998,30
2013-09-26,30,30.06,29.7,29.9
2013-09-27,29.8,30.14,29.8,30.14
2013-09-30,30.36,30.36,30,30.2
2013-10-01,30.4,30.64,30.1,30.479998
2013-10-02,30.36,30.86,29.979998,30.6
2013-10-03,30.379998,30.76,30.26,30.56
2013-10-04,30.7,31.1,30.4,31.1
2013-10-07,31.4,31.4,30.9,31.3
2013-10-08,31.3,31.3,31.04,31.16
2013-10-09,31.16,31.26,31,31.26
2013-10-10,31.379998,31.6,31.379998,31.46
2013-10-11,31.4,31.56,31.4,31.5
2013-10-14,31.4,31.4,31.14,31.36
2013-10-15,31.96,32.1,31.36,31.920002
2013-10-16,31.920002,31.920002,31.4,31.779998
2013-10-17,31.879998,31.879998,31.4,31.879998
2013-10-18,31.879998,31.9,31.76,31.76
2013-10-21,31.779998,31.84,31.7,31.84
2013-10-22,31.9,33.06,31.879998,32.8
2013-10-23,32.779998,33.5,32.720002,33.16
2013-10-24,32.6,32.6,32.54,32.579998
2013-10-25,32.6,32.779998,32.4,32.76
2013-10-28,32.8,32.8,32.620002,32.7
2013-10-29,32.7,32.7,32.34,32.6
2013-10-30,32.6,32.6,32.320002,32.56
2013-10-31,32.44,32.6,32.2,32.6
2013-11-01,32.6,32.6,32.26,32.3
2013-11-04,32.3,32.5,32.020002,32.2
2013-11-05,31.7,32.2,31.7,32.14
2013-11-06,32.2,32.220002,32.079998,32.120002
2013-11-07,32.379998,32.6,32,32.6
2013-11-08,32.04,32.220002,32,32.220002
2013-11-11,32.320002,32.320002,32.3,32.3
2013-11-12,32.379998,32.579998,32.24,32.579998
2013-11-13,32.44,32.579998,32.2,32.5
2013-11-14,32.6,32.7,32.56,32.7
2013-11-15,32.6,32.979998,32.6,32.979998
2013-11-18,32.7,32.8,32.6,32.7
2013-11-19,32.620002,32.9,32.620002,32.8
2013-11-20,32.74,32.9,32.720002,32.9
2013-11-21,32.920002,33.120002,32.820002,33.04
2013-11-22,33.04,33.14,33,33.14
2013-11-25,33.2,33.220002,33.1,33.2
2013-11-26,33.2,33.2,32.9,33
2013-11-27,33.16,33.16,32.76,33.14
2013-11-28,33,33.14,32.8,33.14
2013-11-29,33.16,33.4,33.04,33.279998
2013-12-02,33.06,33.56,33.06,33.56
2013-12-03,33.56,33.7,33.34,33.5
2013-12-04,33.4,33.6,33.2,33.2
2013-12-05,33.06,33.16,32.7,33
2013-12-06,32.9,33.16,32.64,33.16
2013-12-09,32.26,33,32.120002,33
2013-12-10,33,33.4,32.6,33.079998
2013-12-11,32.920002,33.3,32.920002,33.3
2013-12-12,33.4,33.4,32.979998,33.2
2013-12-13,33.4,33.4,32.720002,33.2
2013-12-16,33.279998,33.4,32.520002,33.179998
2013-12-17,33,33.2,33,33.2
2013-12-18,33.14,33.2,32.76,33.2
2013-12-19,32.8,33.579998,32.56,33
2013-12-20,32.679998,33.3,32.36,33.2
2013-12-23,33.079998,33.36,33.079998,33.36
2013-12-27,33.36,33.36,32.9,33.36
2013-12-30,32,33.36,32,33.279998
2014-01-03,33.079998,33.720002,33.079998,33.720002
2014-01-06,33.779998,34.2,33.5,34.2
2014-01-07,34.079998,34.1,33.479998,33.979998
2014-01-08,33.84,34.1,33.820002,34.1
2014-01-09,34.1,34.1,33.84,34.1
2014-01-10,33.520002,34,33.520002,33.9
2014-01-13,33.779998,34,33.779998,33.9
2014-01-14,33.74,33.879998,33.44,33.8
2014-01-15,33.620002,33.96,33.620002,33.879998
2014-01-16,34,34,33.5,33.5
2014-01-17,33.54,33.56,33.020002,33.04
2014-01-20,31.54,31.54,30.46,30.46
2014-01-21,30.5,31.04,30.2,30.4
2014-01-22,30.7,30.8,30.56,30.6
2014-01-23,30.6,30.6,29.6,30.220002
2014-01-24,29.66,29.94,29.24,29.24
2014-01-27,30,30,27.46,28.020002
2014-01-28,27.8,29.120002,27.76,29.120002
2014-01-29,30,30.64,29.579998,30.579998
2014-01-30,30,30.079998,29.420002,29.7
2014-01-31,29.920002,30.16,29.8,29.820002
2014-02-03,29.8,30.46,29.6,29.9
2014-02-04,29.64,30.46,29.64,29.84
2014-02-05,29.66,29.979998,29.6,29.6
2014-02-06,29.74,29.779998,29.64,29.679998
2014-02-07,29.86,30.379998,29.6,30.379998
2014-02-10,30.54,30.7,30.3,30.479998
2014-02-11,30.6,30.779998,30.6,30.6
2014-02-12,30.6,30.6,30,30.179998
2014-02-13,30.379998,30.779998,30.379998,30.379998
2014-02-14,30.720002,31.3,30.720002,31.14
2014-02-17,30.8,31.3,30.8,31.3
2014-02-18,31.26,31.5,31.020002,31.020002
2014-02-19,31,31.3,30.6,30.6
2014-02-20,30.7,30.76,30.6,30.720002
2014-02-21,31.579998,31.579998,31,31
2014-02-24,31.56,32,31.220002,31.6
2014-02-25,31.379998,32.320002,31,31
2014-02-26,31,31.3,31,31
2014-02-27,31.94,31.94,31,31
2014-02-28,31.579998,31.579998,31.04,31.24
2014-03-03,31.06,31.179998,31,31.020002
2014-03-04,30.620002,30.979998,29.420002,29.9
2014-03-05,30.36,30.620002,29.8,29.8
2014-03-06,29.76,30.56,29.620002,30.2
2014-03-07,29.620002,30.4,29.620002,30
2014-03-10,30.020002,30.14,29.76,29.8
2014-03-11,29.820002,29.979998,29.820002,29.979998
2014-03-12,29.820002,30,29.8,29.8
2014-03-13,29.86,30.84,29.86,30.2
2014-03-14,30,30.4,29.9,29.9
2014-03-17,29.46,30,29.46,29.979998
2014-03-18,30,30.36,29.979998,30.34
2014-03-19,30.34,31,30.2,31
2014-03-20,31.579998,31.579998,30.06,31.16
2014-03-21,30.679998,31.16,30.4,30.6
2014-03-24,30.820002,30.820002,29.44,29.74
2014-03-25,29.979998,30.120002,29.620002,30
2014-03-26,30,30.2,29.84,30.06
2014-03-27,30.179998,30.320002,29.620002,29.620002
2014-03-28,30.179998,30.36,30,30
2014-03-31,30.020002,30.1,29.94,30
2014-04-01,29.879998,30.379998,29.779998,29.8
2014-04-02,29.979998,30.56,29.84,30.56
2014-04-03,30.1,30.56,29.920002,29.920002
2014-04-04,30.179998,30.3,29.9,30.04
2014-04-07,30.06,30.279998,29.8,30.06
2014-04-08,29.679998,29.86,29.220002,29.36
2014-04-09,29.26,29.379998,29.2,29.24
2014-04-10,29.4,29.479998,29.3,29.3
2014-04-11,29.34,29.520002,29.2,29.2
2014-04-14,29.4,29.6,29.24,29.4
2014-04-15,29.679998,29.679998,29.3,29.3
2014-04-16,29.1,29.220002,29.04,29.179998
2014-04-17,29.34,29.8,29.1,29.1
2014-04-22,29.5,29.5,29.2,29.2
2014-04-23,29.120002,29.34,29.120002,29.220002
2014-04-24,29.279998,29.379998,29.2,29.220002
2014-04-25,29.3,29.3,29.179998,29.2
2014-04-28,29.76,29.76,29.3,29.3
2014-04-29,29.14,29.579998,29.14,29.44
2014-04-30,29.14,29.720002,29.14,29.54
2014-05-02,29.44,29.66,29.44,29.54
2014-05-05,29.54,29.679998,29.4,29.679998
2014-05-06,29.6,29.679998,29.4,29.56
2014-05-07,29.56,29.8,29.24,29.24
2014-05-08,29.520002,29.520002,29.44,29.5
2014-05-09,29.44,29.479998,29.220002,29.479998
2014-05-12,29.26,29.279998,29.2,29.2
2014-05-13,29.420002,29.420002,28.820002,29.2
2014-05-14,29.2,29.4,28.94,29.1
2014-05-15,28.8,29.320002,28.8,29.179998
2014-05-16,29.379998,29.379998,29.2,29.2
2014-05-19,29.4,29.4,29.220002,29.3
2014-05-20,29.279998,29.779998,29.2,29.779998
2014-05-21,29.54,30,29.379998,29.379998
2014-05-22,29.4,29.74,29.4,29.44
2014-05-23,29.4,29.4,28.820002,28.820002
2014-05-26,28.9,29.279998,28.76,29.279998
2014-05-27,29.14,29.3,28.9,28.9
2014-05-28,28.5,29.04,28.5,28.979998
2014-05-30,29,29.46,28.76,29.2
2014-06-02,28.66,29.3,28.66,29.2
2014-06-03,29.2,30.179998,28.6,28.6
2014-06-04,29.979998,30.14,29.36,29.679998
2014-06-05,29.76,29.96,29.66,29.8
2014-06-06,29.879998,30.54,29.8,30.4
2014-06-10,30.06,30.420002,30,30.14
2014-06-11,30.04,30.66,30.04,30.64
2014-06-12,30.579998,31.2,30.579998,31
2014-06-13,30.7,31.1,30.7,31.06
2014-06-16,31.26,31.26,30.84,30.9
2014-06-17,30.86,31,30.320002,30.6
2014-06-18,30.720002,30.8,30.6,30.620002
2014-06-19,30.820002,30.820002,30.66,30.7
2014-06-20,30.620002,30.74,30.520002,30.679998
2014-06-23,30.5,30.5,29.5,30.179998
2014-06-24,29.8,29.8,29.020002,29.4
2014-06-25,29.74,29.84,29.44,29.66
2014-06-26,29.76,30,29.76,30
2014-06-27,30.1,30.16,29.66,29.66
2014-06-30,29.64,29.7,29.279998,29.7
2014-07-01,29.26,30.7,29.26,30.7
2014-07-02,30.520002,30.820002,30.2,30.26
2014-07-03,29.220002,29.7,29.220002,29.7
2014-07-04,30.4,30.420002,29.820002,29.820002
2014-07-07,29.84,30.66,29.820002,30.46
2014-07-08,30.7,30.8,30.5,30.779998
2014-07-09,30.34,30.9,30.3,30.3
2014-07-10,30.3,30.4,30.020002,30.020002
2014-07-11,30.1,30.420002,30.1,30.279998
2014-07-14,30.179998,30.220002,30.14,30.2
2014-07-15,30.06,30.06,30,30
2014-07-16,29.820002,30,29.8,29.979998
2014-07-17,29.979998,30.179998,29.8,29.94
2014-07-18,29.94,30,29.64,29.920002
2014-07-21,30.120002,30.120002,30,30.020002
2014-07-22,30.6,30.6,29.879998,30.04
2014-07-23,29.94,30.66,29.94,30.26
2014-07-24,30.079998,30.320002,29.96,30
2014-07-25,30.2,30.7,29.56,30.7
2014-07-28,30.7,30.7,30.279998,30.7
2014-07-29,30.64,31,30.46,30.7
2014-07-30,30.779998,31.1,30.779998,31.1
2014-07-31,30.820002,30.96,30.479998,30.96
2014-08-04,30.64,30.64,29.84,30.16
2014-08-05,30.24,30.479998,30.1,30.2
2014-08-06,30.220002,30.220002,30.020002,30.2
2014-08-07,29.86,30.06,29.8,29.9
2014-08-08,29.8,30.179998,29.7,30.179998
2014-08-11,30.020002,30.2,30,30.2
2014-08-12,30.14,30.179998,29.26,29.26
2014-08-13,29.320002,30,29.320002,30
2014-08-14,30,30.2,30,30.079998
2014-08-15,30.020002,30.24,29.94,30
2014-08-18,30.620002,30.7,30.1,30.2
2014-08-19,30.06,30.2,29.86,30.1
2014-08-20,30.3,30.6,29.94,30.020002
2014-08-21,30.16,31,30.04,31
2014-08-22,31,31,30.420002,30.420002
2014-08-25,30.6,30.6,30.4,30.6
2014-08-26,30.6,31,30.14,31
2014-08-27,30.74,31.079998,30.720002,31
2014-08-28,31,31.3,31,31.3
2014-08-29,31.279998,31.66,31.279998,31.66
2014-09-01,30.54,31.66,30.54,31.020002
2014-09-02,31.44,31.44,31.16,31.2
2014-09-03,31.2,31.54,31.2,31.479998
2014-09-04,31.36,31.36,31.06,31.3
2014-09-05,31.379998,31.7,31.379998,31.7
2014-09-08,31.36,31.4,31.3,31.4
2014-09-09,31.44,31.6,31.3,31.6
2014-09-10,31.020002,31.6,31.020002,31.6
2014-09-11,31.6,31.7,31.6,31.7
2014-09-15,31.6,31.74,31.6,31.74
2014-09-16,31.6,31.76,31.6,31.76
2014-09-17,31.620002,31.8,31.56,31.8
2014-09-18,31.920002,32.36,31.84,32.36
2014-09-19,32.04,33,31.779998,33
2014-09-22,33,33,32.6,32.6
2014-09-23,32.679998,33,32.4,32.6
2014-09-24,32.3,32.3,31.979998,32.04
2014-09-25,32.16,32.16,32,32
2014-09-26,33,33,32.2,32.620002
2014-09-29,32.679998,32.979998,32.44,32.44
2014-09-30,32.54,32.54,32.120002,32.320002
2014-10-01,32.020002,32.24,32,32.04
2014-10-02,32.020002,32.079998,31.44,31.44
2014-10-03,31.6,31.6,31.379998,31.4
2014-10-06,31.979998,31.979998,31.3,31.6
2014-10-07,31.579998,31.6,31.379998,31.46
2014-10-08,31.36,31.420002,30.76,31
2014-10-09,31.2,31.3,30.8,30.979998
2014-10-10,30.76,30.76,29.479998,29.96
2014-10-13,29,29.9,28.96,29.679998
2014-10-14,28.979998,29.720002,28.779998,29.6
2014-10-15,29.66,30.379998,29.479998,30.379998
2014-10-16,29.179998,30,29.179998,29.820002
2014-10-17,30.2,30.6,29.6,29.76
2014-10-20,31.54,31.54,30.420002,30.6
2014-10-21,30.66,30.86,30.4,30.86
2014-10-22,30.94,31,30.720002,31
2014-10-23,30.66,31,30.66,31
2014-10-24,30.84,31.2,30.820002,31.2
2014-10-27,30.720002,31.4,30.720002,31.379998
2014-10-28,30.979998,31.04,30.84,30.84
2014-10-29,31.06,31.24,31,31
2014-10-30,30.720002,31.3,30.720002,31.24
2014-10-31,31.079998,31.7,30.879998,31.7
2014-11-03,31.4,31.4,31,31
2014-11-04,30.56,31.679998,30.56,31.679998
2014-11-05,31.24,31.66,31.079998,31.1
2014-11-06,31.479998,31.920002,31.479998,31.66
2014-11-07,31.620002,32,31.44,32
2014-11-10,32,33,31.879998,32.6
2014-11-11,32.420002,32.579998,32.36,32.579998
2014-11-12,32.6,32.6,31.979998,32.020002
2014-11-13,32.34,32.6,31.54,31.8
2014-11-14,31.54,32.84,31.54,32.84
2014-11-17,33,33,32.220002,32.920002
2014-11-18,32.94,32.979998,32.679998,32.920002
2014-11-19,32.4,32.920002,32.4,32.920002
2014-11-20,32.8,32.820002,32.8,32.8
2014-11-21,32.8,32.96,32.56,32.6
2014-11-24,32.7,33.16,32.679998,33
2014-11-25,33,33.6,33,33.579998
2014-11-26,33.46,33.56,32.879998,33
2014-11-27,33,33.14,32.64,32.720002
2014-11-28,32.6,33.4,32.579998,33.4
2014-12-01,32.720002,33.2,32.620002,33
2014-12-02,33,33,32.76,32.76
2014-12-03,32.8,32.920002,32.8,32.8
2014-12-04,33.020002,33.3,32.8,33.2
2014-12-05,32.94,33.3,32.8,33.3
2014-12-08,33.2,33.4,33,33.4
2014-12-09,33.04,33.14,32.820002,33.1
2014-12-10,33,33.4,33,33.04
2014-12-11,33.04,33.4,33.04,33.2
2014-12-12,33.020002,33.36,33.020002,33.36
2014-12-15,33.6,33.6,33.2,33.4
2014-12-16,33.379998,33.6,33.14,33.579998
2014-12-17,33.679998,34.579998,33.520002,34.579998
2014-12-18,33.36,34.4,33.36,34.4
2014-12-19,34.4,35.96,34.4,35.96
2014-12-22,34.46,35.3,34.420002,35.3
2014-12-23,34.8,35.2,34.8,35.06
2014-12-29,34.7,35.979998,34.7,35.979998
2014-12-30,35.76,37.279998,35.54,35.54
2015-01-05,35.8,35.86,35.04,35.34
2015-01-06,35,35,33.679998,34.320002
2015-01-07,34.36,34.779998,34.04,34.04
2015-01-08,34.320002,34.76,34.220002,34.479998
2015-01-09,34.620002,34.8,34.479998,34.479998
2015-01-12,34.779998,34.779998,34,34.2
2015-01-13,34.06,34.779998,34,34.779998
2015-01-14,34,34.420002,34,34.020002
2015-01-15,34.020002,34.020002,30.1,31.24
2015-01-16,31.6,31.620002,30.379998,30.8
2015-01-19,32,34,32,32
2015-01-20,32.6,32.6,31.379998,31.6
2015-01-21,31.8,32,31,31.6
2015-01-22,31.9,32.4,31.879998,32
2015-01-23,31.8,34.3,31.34,32.04
2015-01-26,32.16,32.56,31.479998,31.979998
2015-01-27,32.64,33.4,32.1,33.4
2015-01-28,32.6,33,32.3,32.64
2015-01-29,31.8,32.76,31.74,32.76
2015-01-30,33.379998,33.54,32,32
2015-02-02,32.7,32.8,31.979998,32
2015-02-03,32.020002,33,31.7,33
2015-02-04,32.9,34,32.820002,33.5
2015-02-05,33.2,33.76,33.179998,33.44
2015-02-06,33.54,33.579998,32.920002,32.96
2015-02-09,33.520002,34,32.820002,33.220002
2015-02-10,33.979998,34,33.36,33.56
2015-02-11,33.3,33.54,33.179998,33.54
2015-02-12,33.3,34,33.3,33.979998
2015-02-13,33.920002,34,33.26,33.6
2015-02-16,33.420002,33.6,33.320002,33.4
2015-02-17,33.8,33.8,33.320002,33.4
2015-02-18,33.779998,34,33.520002,34
2015-02-19,34,34,33.720002,33.720002
2015-02-20,33.979998,34,32.66,32.66
2015-02-23,32.8,33.820002,32.8,33.64
2015-02-24,32.779998,34,32.779998,33.220002
2015-02-25,32.8,33.979998,32.8,33.9
2015-02-26,33.979998,34.020002,33.7,33.96
2015-02-27,33.94,34,33.7,34
2015-03-02,34.3,36.8,34.3,36.8
2015-03-03,34.46,36.8,34.46,35.8
2015-03-04,34.7,36.6,34,36.24
2015-03-05,36.2,37,36,37
2015-03-06,37,37.679998,36.74,37.679998
2015-03-09,37,37.6,36.66,37.6
2015-03-10,37.6,37.6,36.6,36.6
2015-03-11,36.9,37.5,36.64,37.5
2015-03-12,37.1,37.1,36.64,36.779998
2015-03-13,37.06,37.06,36.620002,36.620002
2015-03-16,36.6,36.920002,36.6,36.84
2015-03-17,36.8,37,35.9,36.520002
2015-03-18,36.4,36.6,36.06,36.6
2015-03-19,36.020002,36.6,36.020002,36.4
2015-03-20,36.56,36.679998,36.079998,36.679998
2015-03-23,36.979998,37.6,36.86,37.6
2015-03-24,37.6,37.6,37.2,37.2
2015-03-25,36.979998,37.2,36.66,36.66
2015-03-26,37.020002,37.020002,35.020002,37
2015-03-27,36.979998,37.320002,36.4,37
2015-03-30,36.6,37.76,36.520002,37.76
2015-03-31,37.8,38,37.479998,38
2015-04-01,37.779998,38,37.74,38
2015-04-02,38,38,37.7,37.7
2015-04-07,37.8,38,37.8,38
2015-04-08,38,38,37.720002,37.720002
2015-04-09,38,38,37.3,37.6
2015-04-10,37.6,37.6,37.24,37.34
2015-04-13,37.6,38.3,37.4,38.3
2015-04-14,37.4,38.479998,37.4,38.479998
2015-04-15,38.2,38.379998,38.179998,38.279998
2015-04-16,37.679998,38.179998,37.5,37.76
2015-04-17,37.94,38.5,37.5,38.5
2015-04-20,38.120002,38.6,38.1,38.6
2015-04-21,38.6,39.56,38.5,39.16
2015-04-22,38.8,39.2,38.720002,39.1
2015-04-23,38.16,39.2,38.16,39.1
2015-04-24,39.1,39.5,39.1,39.44
2015-04-27,39.5,39.6,39.279998,39.6
2015-04-28,39.6,39.779998,39.420002,39.779998
2015-04-29,39.020002,39.8,39.020002,39.24
2015-04-30,39.020002,40,39.020002,40
2015-05-04,40,40,39.34,39.8
2015-05-05,39.8,40,38.720002,38.720002
2015-05-06,38.66,39.34,37.720002,38.020002
2015-05-07,37.84,38.8,37.2,38.74
2015-05-08,38.8,40,38.54,40
2015-05-11,40,40.5,39.720002,40.5
2015-05-12,40,40.5,39.620002,40.5
2015-05-13,40.5,40.5,40,40.24
2015-05-15,40.479998,40.84,39.979998,40.520002
2015-05-18,41,41.5,40.8,41.5
2015-05-19,41,41.5,40.7,41.5
2015-05-20,41.34,42,41.24,42
2015-05-21,41.6,42,41.16,42
2015-05-22,42,42,41.379998,41.679998
2015-05-26,41.64,42,41.14,41.86
2015-05-27,41.86,42.5,41.86,42.3
2015-05-28,42.5,43,42.34,42.7
2015-05-29,42.9,42.9,42.320002,42.7
2015-06-01,40.879998,42.779998,40.879998,42.34
2015-06-02,42,43.2,42,43.2
2015-06-03,43.4,43.479998,43.04,43.4
2015-06-04,43.4,43.5,43.220002,43.5
2015-06-05,43.1,43.34,42.8,43.34
2015-06-08,43.44,43.44,41.26,41.8
2015-06-09,41.84,42.620002,41.84,42
2015-06-10,42.820002,42.820002,41.520002,42.120002
2015-06-11,42.96,42.96,42.14,42.4
2015-06-12,42.4,42.8,42.320002,42.8
2015-06-15,42.4,42.4,41.920002,42.320002
2015-06-16,41.8,43,41.8,43
2015-06-17,43,43.4,42.979998,43.36
2015-06-18,42.4,43.34,42.4,43.34
2015-06-19,42.54,43.5,42.54,43.5
2015-06-22,43.5,43.9,43,43.9
2015-06-23,43.7,43.84,43.56,43.620002
2015-06-24,43.84,44.4,43.620002,44.34
2015-06-25,43.620002,44.5,43.6,44.5
2015-06-26,44.4,44.4,43.86,43.94
2015-06-29,43.520002,44.7,43.1,44.7
2015-06-30,44.120002,45,44,45
2015-07-01,45,45.4,44.620002,45.1
2015-07-02,45.4,45.5,44.6,44.6
2015-07-03,44.06,46.9,44.06,46.1
2015-07-06,46.079998,48.320002,45.16,46.6
2015-07-07,47,47,45,45.26
2015-07-08,45.5,45.5,44.04,44.779998
2015-07-09,44.120002,44.979998,44.020002,44.74
2015-07-10,45.5,46.620002,45,46.16
2015-07-13,46.2,47.6,46.2,47.320002
2015-07-14,48,49.54,47.56,49.2
2015-07-15,49.9,49.9,49.2,49.379998
2015-07-16,49.8,49.8,49.44,49.8
2015-07-17,49.8,50.6,48.420002,49.420002
2015-07-20,50.6,50.6,49.6,50.55
2015-07-21,49.6,50.6,49.6,50.35
2015-07-22,50.4,50.4,49.4,49.4
2015-07-23,49.4,50,49.020002,49.020002
2015-07-24,49,50.5,48.84,50.1
2015-07-27,50.2,50.25,48.26,48.26
2015-07-28,50,50.5,48.4,50.4
2015-07-29,50.55,50.55,49.24,49.479998
2015-07-30,50.25,50.5,49.720002,49.9
2015-07-31,50,50.35,49.720002,49.9
2015-08-03,49.5,54,49.5,51.65
2015-08-04,51.1,52.15,51.1,51.4
2015-08-05,51.3,51.6,50.15,50.45
2015-08-06,50.6,50.85,49.4,49.420002
2015-08-07,49.4,49.4,48.8,49.020002
2015-08-10,49.1,50.2,49.06,49.7
2015-08-11,49.020002,51,48.220002,50.7
2015-08-12,50,50,48.54,48.7
2015-08-13,48.479998,49.4,48.46,48.54
2015-08-14,49.14,49.2,48.420002,48.8
2015-08-17,52.5,52.5,51.5,51.7
2015-08-18,51.6,51.6,50.5,51.2
2015-08-19,51,51.15,50.6,50.85
2015-08-20,50.6,51.1,50.6,51
2015-08-21,50.6,51.2,50.1,51.1
2015-08-24,49.6,50.95,48.8,50.8
2015-08-25,50.15,51.15,49.8,50.95
2015-08-26,50.9,51.6,50.25,50.95
2015-08-27,51,51.6,50.9,51.4
2015-08-28,51.6,52.25,51.25,52
2015-08-31,51.9,52.8,51,52.8
2015-09-01,52.8,52.8,51.75,52.75
2015-09-02,52.8,53,52.35,52.8
2015-09-03,52.55,53.1,52.45,52.8
2015-09-04,52.8,52.95,51.4,52.95
2015-09-07,52.15,52.95,52.15,52.55
2015-09-08,52.5,53.3,52.15,53.1
2015-09-09,52.8,54,52.8,53.9
2015-09-10,53.2,57.05,53.2,56.2
2015-09-11,56.1,57,54.9,56.05
2015-09-14,56.5,56.65,54.9,55.8
2015-09-15,55.3,55.65,54.05,55.1
2015-09-16,55.6,56.7,55.3,56
2015-09-17,56.2,56.25,55.6,56.25
2015-09-18,56.4,60.65,55.9,60.65
2015-09-21,60,60.65,57.7,60
2015-09-22,60,60,58.2,59.15
2015-09-23,58.3,59.2,58.3,58.85
2015-09-24,58.2,58.85,57.9,58.4
2015-09-25,57.95,59.35,57.95,58.55
2015-09-28,59.8,61,59.1,60.9
2015-09-29,61,61,57.6,58.2
2015-09-30,59.2,60.8,58.9,60.6
2015-10-01,60.95,60.95,60,60.75
2015-10-02,60.95,60.95,59.75,60.95
2015-10-05,61,63.95,60.75,63
2015-10-06,63,64,62.45,63.95
2015-10-07,63.6,63.6,59.4,59.4
2015-10-08,59.95,59.95,56.4,57
2015-10-09,59.7,60.55,58.5,59.4
2015-10-12,59.7,60.6,57.65,58.8
2015-10-13,59.5,59.55,58.35,58.55
2015-10-14,58.6,59,57.6,57.7
2015-10-15,58.35,58.35,57.2,57.6
2015-10-16,57.7,58.1,56.25,56.25
2015-10-19,57.15,57.8,56.95,57.35
2015-10-20,57.2,59.7,57,58.4
2015-10-21,58.8,59.8,57.7,59.6
2015-10-22,59.8,60,58.35,60
2015-10-23,60,60,59.4,59.7
2015-10-26,59.7,60,58.75,58.75
2015-10-27,58.2,59.95,58.2,59.6
2015-10-28,58.6,60.05,58.6,59.55
2015-10-29,59.95,60.8,59.55,60.8
2015-10-30,61.3,61.6,60.4,61.6
2015-11-02,62,63.1,61.25,62.65
2015-11-03,62,62.8,61.85,62.25
2015-11-04,63,64.65,62.5,63.6
2015-11-05,63.65,64.8,63.65,64.15
2015-11-06,64.8,64.8,64,64.4
2015-11-09,64.45,67,64.4,66
2015-11-10,66,66,64.8,65.2
2015-11-11,65.2,66,65.2,66
2015-11-12,65.6,65.8,65.1,65.45
2015-11-13,65,65.45,63.95,64.75
2015-11-16,61.1,64.35,60.15,64.2
2015-11-17,64.2,65.2,64.15,64.85
2015-11-18,65.8,65.8,63.6,64.2
2015-11-19,65,65,63.6,63.9
2015-11-20,64.4,64.8,63.2,64
2015-11-23,62.55,64.3,62.2,63.8
2015-11-24,63.45,64.8,63.2,64
2015-11-25,64,64.8,63.65,64.05
2015-11-26,63.95,64.8,63.7,64.35
2015-11-27,64.75,64.9,64.15,64.6
2015-11-30,65,66,64.95,65.45
2015-12-01,65.5,65.5,64.4,65.5
2015-12-02,65.4,65.4,64.2,64.7
2015-12-03,65.5,65.5,64.7,65
2015-12-04,63.4,65.4,63.4,64.65
2015-12-07,65.75,65.75,64.45,65.35
2015-12-08,64,66,63.05,63.05
2015-12-09,63,63.7,60.7,62.35
2015-12-10,63.65,63.65,61.65,62.8
2015-12-11,61.6,62.7,59.8,60.1
2015-12-14,59.5,61.2,55.2,58.6
2015-12-15,57,59.4,57,57.25
2015-12-16,57.4,58.5,56.2,57.95
2015-12-17,57.3,58.5,57.1,57.1
2015-12-18,57.7,58.75,56.6,57.7
2015-12-21,58.45,58.45,57.05,57.3
2015-12-22,57.25,58,57.25,57.4
2015-12-23,58.15,58.15,55,57.3
2015-12-28,56.5,57.05,56.5,56.7
2015-12-29,56.5,58.2,55.2,58
2015-12-30,57,59.95,57,59.1
2016-01-04,58.2,58.3,55.35,56.9
2016-01-05,57.6,59,57.35,57.8
2016-01-06,58,58,57.4,57.4
2016-01-07,57.9,57.9,55.45,56.1
2016-01-08,57.6,58,56.95,57.9
2016-01-11,58,58.5,57.15,58.25
2016-01-12,58.25,58.25,56.6,57.35
2016-01-13,57.5,58.05,56.8,57
2016-01-14,58.1,58.1,53,54.2
2016-01-15,55,55.2,53.2,53.8
2016-01-18,53,54.4,50.9,52
2016-01-19,52,53.15,51.9,52.35
2016-01-20,50.8,53,49.4,52.2
2016-01-21,52.15,52.6,51.1,52.2
2016-01-22,52.05,53.2,52.05,52.95
2016-01-25,53.1,53.2,52.2,53.1
2016-01-26,52.7,52.9,51.65,52.9
2016-01-27,53.95,55.9,53.2,54.35
2016-01-28,57.2,57.2,53.05,53.35
2016-01-29,53.3,55.4,52.9,54.6
2016-02-01,56,56,52.5,53.7
2016-02-02,53.45,53.5,50.65,53.05
2016-02-03,52.2,52.95,51.7,52.95
2016-02-04,53.5,53.5,50.7,51.8
2016-02-05,51.4,52.4,50.7,51.05
2016-02-08,51.4,51.4,48.04,48.979998
2016-02-09,48.04,48.079998,45.1,47.520002
2016-02-10,47.5,49.26,47.5,48.26
2016-02-11,50.8,50.8,47.5,47.679998
2016-02-12,47.520002,48.34,46.520002,47.579998
2016-02-15,48,50,47.420002,49.14
2016-02-16,49.8,50.05,47.54,49.579998
2016-02-17,50.55,50.55,49.420002,49.6
2016-02-18,49.8,51.75,49.74,51.2
2016-02-19,51.85,53.2,51.45,52
2016-02-22,52.1,54,52.1,53.15
2016-02-23,54,54.3,52.9,53.85
2016-02-24,52.8,54.55,52.75,53.6
2016-02-25,54,56.2,53.3,56.2
2016-02-26,56.6,58,53.1,54.2
2016-02-29,53.7,53.75,51.85,52.65
2016-03-01,52.95,53.85,52.25,53.85
2016-03-02,54,55.55,53.35,53.5
2016-03-03,53.4,54.65,53.3,53.9
2016-03-04,54.3,54.6,53.6,54
2016-03-07,54.7,54.7,53.65,53.65
2016-03-08,53.6,54.8,53.3,54.5
2016-03-09,54.7,55,53.2,53.2
2016-03-10,53.2,53.2,50.2,50.45
2016-03-11,50.5,52.25,50.5,51.3
2016-03-14,51.4,52.4,50.35,50.35
2016-03-15,50.2,52.1,50.2,51.6
2016-03-16,51.5,52,49.920002,51.8
2016-03-17,50.8,51.4,48.6,49.320002
2016-03-18,49.420002,50.9,49.4,50.2
2016-03-21,50,50.8,49.820002,50.1
2016-03-22,50.1,50.6,49.9,50.25
2016-03-23,50.1,51.3,50.1,50.55
2016-03-24,50.65,51.4,50.4,50.55
2016-03-29,50.25,51.8,49.96,51.05
2016-03-30,50.6,51.5,50.6,51
2016-03-31,50.6,51.05,50.05,50.8
2016-04-01,50.1,50.6,49.8,49.94
2016-04-04,50.65,50.65,49.4,49.54
2016-04-05,49.44,49.979998,49.2,49.3
2016-04-06,49.220002,51.8,49.2,51.8
2016-04-07,51.8,52.1,51.05,51.8
2016-04-08,51.8,52.55,51.2,51.2
2016-04-11,51.8,52.85,51.8,52.4
2016-04-12,53,53,51.9,52.85
2016-04-13,53.2,53.5,52.35,53.05
2016-04-14,53,53,52.35,52.4
2016-04-15,52.2,53.8,52,52.05
2016-04-18,52,52.8,51.85,52.2
2016-04-19,53.55,53.55,52.85,53.05
2016-04-20,53.1,53.7,52.3,53.7
2016-04-21,52.95,53.05,52.5,52.8
2016-04-22,53,54,52.7,54
2016-04-25,54.3,55.2,54.3,55.2
2016-04-26,55.2,56.6,55.2,56.3
2016-04-27,56.2,57.8,56.15,56.9
2016-04-28,57.4,59.7,56.8,59.7
2016-04-29,59,59.7,58.4,59.7
2016-05-02,59.6,60,58.85,60
2016-05-03,60,60,58.3,58.6
2016-05-04,59,59,55.55,55.85
2016-05-06,55.4,55.65,54.05,54.4
2016-05-09,55,55.9,54.65,54.65
2016-05-10,55.6,56.05,55.2,55.4
2016-05-11,55.05,56.35,54.85,55.8
2016-05-12,56.55,56.55,55.35,56.45
2016-05-13,56.6,59.9,56.3,59.9
2016-05-17,59.85,59.85,58.35,59.6
2016-05-18,58.15,59.4,57.2,58.15
2016-05-19,59.25,59.8,58.5,59.75
2016-05-20,59.9,59.9,59.55,59.85
2016-05-23,59.45,59.9,59.05,59.55
2016-05-24,59.35,59.95,59.15,59.85
2016-05-25,59.05,60.2,59.05,60.2
2016-05-26,59.65,61.75,59.4,61.4
2016-05-27,61.25,61.75,61,61.15
2016-05-30,61,61.75,59.2,61.3
2016-05-31,61.2,63.7,61.2,63.4
2016-06-01,62.8,63.05,61.6,62
2016-06-02,61.6,61.95,59.35,59.5
2016-06-03,59.1,60.2,59.05,59.45
2016-06-06,59.35,59.9,59,59
2016-06-07,59,59.35,58.55,58.85
2016-06-08,58.6,59.2,58,58
2016-06-09,58.1,58.75,56.85,57.45
2016-06-10,57,57.95,56.6,57.35
2016-06-13,56.55,56.55,54.05,54.6
2016-06-14,55,55.5,53.95,55
2016-06-15,55.45,56.05,54.3,54.85
2016-06-16,54.3,54.7,53.7,54.5
2016-06-17,54.5,55.95,54.5,55.1
2016-06-20,56.15,57.4,55.6,56.85
2016-06-21,58.55,58.55,55.7,57.4
2016-06-22,57,58,56.4,57.45
2016-06-23,57.95,58.6,56.7,58.35
2016-06-24,54.4,58,54.4,56.1
2016-06-27,55.75,56.35,52.4,52.4
2016-06-28,53.95,54.4,52.8,54.4
2016-06-29,54.85,56.55,54.85,55.05
2016-06-30,56.9,58,56,57.95
2016-07-01,57,59.8,57,59.8
2016-07-04,60,60.05,57.05,59.55
2016-07-05,59,59.6,57.35,58.25
2016-07-06,57.2,57.2,55.15,55.15
2016-07-07,59,59,55.5,55.6
2016-07-08,55.6,58.15,55.2,56.95
2016-07-11,56.8,58.55,56.45,58.4
2016-07-12,59,59,58.05,58.4
2016-07-13,58.9,59.4,58.2,58.2
2016-07-14,58,59.05,58,58.05
2016-07-15,58.5,58.5,56.8,57.05
2016-07-18,59.05,59.15,56.5,57.5
2016-07-19,57.7,58.45,56.95,57.75
2016-07-20,56.25,58.75,56.25,57.55
2016-07-21,57.5,58.15,56.8,57.55
2016-07-22,58.2,58.7,57.75,58.7
2016-07-25,58.3,58.5,57.1,58.2
2016-07-26,57.1,57.6,56.85,57.6
2016-07-27,56.8,57.9,56.8,57
2016-07-28,57,57.2,56.35,56.8
2016-07-29,56.7,58.6,56.3,58
2016-08-02,57.25,58,56,56
2016-08-03,55.45,56.7,54.95,56.05
2016-08-04,56.25,60.3,55.75,60
2016-08-05,62,62.35,60.6,61.55
2016-08-08,62.4,62.4,61.1,61.55
2016-08-09,60.05,62.85,60.05,62.85
2016-08-10,62.3,62.35,61,61.4
2016-08-11,60.8,61.95,60.45,60.6
2016-08-12,61,63,60.8,63
2016-08-15,62.1,63,62.1,63
2016-08-16,56.3,57.75,55,55.4
2016-08-17,56.95,56.95,55.55,56.3
2016-08-18,56.15,56.8,55.6,55.65
2016-08-19,55.8,56.05,55.05,55.3
2016-08-22,55.35,55.55,54.3,55.15
2016-08-23,54.8,56.2,54.35,55.75
2016-08-24,54.85,55.1,54.55,54.7
2016-08-25,56.2,56.2,54.6,55.9
2016-08-26,54.85,55.55,54.3,55.35
2016-08-29,54.4,55.1,54,54.6
2016-08-30,54.1,54.4,53.2,53.45
2016-08-31,53.25,54.45,52.6,52.6
2016-09-01,52.4,53.6,52.4,53.1
2016-09-02,53.1,54.25,53,53.05
2016-09-05,53.05,54.4,53.05,53.85
2016-09-06,53.75,54.7,53.7,54.3
2016-09-07,54.45,55.1,54.45,55.05
2016-09-08,55.7,55.7,54.95,55.2
2016-09-09,55,55.6,55,55.2
2016-09-12,54.9,55.1,54.65,54.8
2016-09-13,54.7,55.3,54.65,55.05
2016-09-14,54.7,55.2,54.6,55.15
2016-09-15,54.75,55.6,54.75,55.05
2016-09-16,54.9,55.05,54.6,54.9
2016-09-19,55,55.6,54.8,55.6
2016-09-20,54.6,55.6,54.1,54.2
2016-09-21,54.3,55.45,53.35,53.8
2016-09-22,54.55,54.85,53.6,54.3
2016-09-23,54,54.8,53.4,54.55
2016-09-26,54.6,54.75,54.35,54.55
2016-09-27,54.8,54.8,54.4,54.4
2016-09-28,54.45,54.9,53.5,54.4
2016-09-29,54.6,55.7,54.6,55.7
2016-09-30,55,55.15,53.3,54.5
2016-10-03,53.7,55.8,53.7,54.95
2016-10-04,55.4,55.75,55,55.65
2016-10-05,55.6,56.5,55.1,56.5
2016-10-06,56.2,56.95,55.9,56.95
2016-10-07,56.3,56.65,55.7,56
2016-10-10,54.95,56,54.95,55.9
2016-10-11,56,56.4,55.65,56.05
2016-10-12,55.9,56.2,55.75,56.05
2016-10-13,56.2,56.8,55.5,56.8
2016-10-14,56.1,57.65,56.1,57.25
2016-10-17,54.95,57.2,54.95,57
2016-10-18,56.15,57.1,55.55,56.35
2016-10-19,56.4,56.9,56.05,56.65
2016-10-20,55.9,57.05,55.5,56.2
2016-10-21,56.55,57.15,56.15,56.9
2016-10-24,57.7,57.7,56.4,57.45
2016-10-25,57.1,57.45,56.75,57.3
2016-10-26,56.85,57.2,56.35,57.2
2016-10-27,57.05,57.6,56.8,57.6
2016-10-28,57.6,59.2,57,59.2
2016-10-31,58.6,59.2,58,58.6
2016-11-01,58.4,59.6,57.85,58.5
2016-11-02,58.1,59.55,57.65,59.55
2016-11-03,59.5,59.6,58.65,59.25
2016-11-04,58.2,59.55,58.2,59.55
2016-11-07,59.4,59.75,59.05,59.55
2016-11-08,59.55,60,59.5,59.6
2016-11-09,58,60.95,57.65,60.95
2016-11-10,59.85,61,59.7,60.85
2016-11-11,60.15,60.45,59.55,60
2016-11-14,60,62,59.85,62
2016-11-15,61.8,63,60.9,62.25
2016-11-16,63,63.4,61.65,63.4
2016-11-17,62.35,63.4,61.6,62.35
2016-11-18,62.7,64.45,62.4,64.4
2016-11-21,64,64.4,63.85,64.25
2016-11-22,64,65.6,64,65.15
2016-11-23,65,65.6,64.65,65.3
2016-11-24,65.25,65.6,64,65.15
2016-11-25,64.65,65.6,64.65,65.3
2016-11-28,63.5,65.1,63.5,64.05
2016-11-29,63.95,64.2,63.5,64.2
2016-11-30,63.45,64.25,63.45,63.8
2016-12-01,63.8,63.8,62.8,63.5
2016-12-02,63.3,63.6,62.75,63.2
2016-12-05,62.4,63.55,61.4,63
2016-12-06,63.6,63.6,62.8,63.6
2016-12-07,63.05,63.6,62.45,63.15
2016-12-08,62.15,63.2,61.5,62
2016-12-09,61.4,62.4,61,61.8
2016-12-12,61,62.6,60.6,61.45
2016-12-13,62.3,63,61.95,63
2016-12-14,61.65,63.8,61.65,63.8
2016-12-15,62.75,63.9,62.75,63.8
2016-12-16,62.7,64,62.7,64
2016-12-19,62.7,64,62.7,64
2016-12-20,62.9,63.9,62.9,63.6
2016-12-21,63.6,64,63.4,63.6
2016-12-22,61.65,63.8,61.65,63.35
2016-12-23,62.2,63.95,62.2,63.6
2016-12-27,62.7,64.4,61.95,64.4
2016-12-28,63.3,64,62,62
2016-12-29,62,62,60.7,60.7
2016-12-30,61.4,61.85,60.75,61.1
2017-01-03,60.4,62.9,60.4,61.6
2017-01-04,60.4,61,60.25,60.35
2017-01-05,60.1,60.3,59.25,59.55
2017-01-06,60.05,60.15,59.25,59.55
2017-01-09,59.6,61.3,59.05,60.55
2017-01-10,60.55,63.3,60.05,63.3
2017-01-11,61.05,63.6,61.05,63.6
2017-01-12,61.45,62.65,61.3,61.4
2017-01-13,62.6,62.6,61.35,62
2017-01-16,62.9,62.9,61.3,61.3
2017-01-17,61.05,61.55,60.75,60.75
2017-01-18,61.65,61.7,59.6,59.9
2017-01-19,60,60.2,59.8,60.2
2017-01-20,60.2,60.65,59.75,60.2
2017-01-23,59.85,60.15,59.2,59.9
2017-01-24,59.65,60.15,59.2,59.6
2017-01-25,59.7,60.4,59.35,59.35
2017-01-26,59.35,59.95,59,59.15
2017-01-27,59.15,59.4,58.05,58.8
2017-01-30,58.65,59.5,58.2,58.2
2017-01-31,59.6,61.4,58.3,59.5
2017-02-01,59,59.6,58.45,59.2
2017-02-02,60.3,61.75,59.1,59.6
2017-02-03,58.45,61,58.45,60.8
2017-02-06,61.6,61.6,59.9,60
2017-02-07,59.45,61.4,59.45,61.35
2017-02-08,60.8,61.7,60.7,61.2
2017-02-09,61.1,61.35,59.25,60.05
2017-02-10,59.25,61.05,59.25,60.3
2017-02-13,59.45,60.9,59.45,60.5
2017-02-14,59.75,60.75,59.75,60.25
2017-02-15,59.7,60.6,59.7,60.05
2017-02-16,59.5,60.45,59.5,60.15
2017-02-17,59.5,59.9,59,59.25
2017-02-20,60.05,61.35,59.7,60.55
2017-02-21,59.7,61.55,59.7,60.4
2017-02-22,60.25,60.55,59.95,60.3
2017-02-23,59.7,60.2,59.7,59.8
2017-02-24,59.95,60.1,59.75,60
2017-02-27,59.95,61.45,59.35,60.65
2017-02-28,59,61.2,59,60.3
2017-03-01,59.85,60.95,59.75,60.75
2017-03-02,60.75,61.3,60.55,61.3
2017-03-03,61.4,61.95,60.8,61.3
2017-03-06,61.25,61.45,59.25,59.35
2017-03-07,57.7,59.5,57.7,59
2017-03-08,58.9,58.9,57.8,58.1
2017-03-09,58.3,58.3,57.8,57.85
2017-03-10,57.9,58.5,57.9,58.05
2017-03-13,58.4,58.4,56.1,57.5
2017-03-14,57.4,58.35,57.3,57.85
2017-03-15,58,58.4,57.4,57.85
2017-03-16,57.85,58.15,57.45,58.15
2017-03-17,58.2,58.35,57.7,57.95
2017-03-20,57.7,58.45,57.6,58.05
2017-03-21,58,58.55,57.8,58.15
2017-03-22,57.75,57.75,56.95,57.3
2017-03-23,57.3,57.35,56.85,57.2
2017-03-24,57,57.2,56.6,56.7
2017-03-27,57.05,57.2,55.45,55.6
2017-03-28,55.7,55.85,54.75,55.25
2017-03-29,55.75,55.75,54,55
2017-03-30,54.1,55.2,54,54.85
2017-03-31,55.75,55.75,54.7,55
2017-04-03,55.05,55.85,54.1,54.4
2017-04-04,55.3,55.7,55,55.35
2017-04-05,55.5,55.75,55.1,55.2
2017-04-06,55.2,56,54.4,55.55
2017-04-07,55.25,55.8,54.9,55.15
2017-04-10,54.65,55.25,53.2,54.7
2017-04-11,54.65,55.15,54.65,55
2017-04-12,55.65,55.85,55.15,55.45
2017-04-13,55.45,55.45,52.75,55.15
2017-04-18,54.55,55.6,54.55,55
2017-04-19,55.8,55.8,53.75,54.35
2017-04-20,54.75,55.7,54.55,55.7
2017-04-21,55.4,55.65,55,55.25
2017-04-24,55.45,55.75,54.85,55.55
2017-04-25,55.65,55.8,55.25,55.45
2017-04-26,55.8,55.8,55.15,55.4
2017-04-27,55.05,55.4,55.05,55.4
2017-04-28,55.6,55.6,55,55.35
2017-05-02,55,55.5,55,55.5
2017-05-03,55,55.4,54.55,55.2
2017-05-04,55.15,55.4,54.5,54.85
2017-05-05,54.6,55.6,54.55,55.1
2017-05-08,55.4,57.3,55.3,57.2
2017-05-09,57.45,57.55,56.95,57.4
2017-05-10,57.3,57.55,56.9,57.4
2017-05-11,57.1,57.6,57.1,57.4
2017-05-12,57.55,58.75,57.35,58.75
2017-05-15,58.75,58.9,57.95,58.35
2017-05-16,58.15,58.6,58,58.5
2017-05-17,58.05,58.45,56.8,57.2
2017-05-18,56.65,58.55,56.35,57.1
2017-05-19,57.75,57.95,57.1,57.4
2017-05-22,57.95,58.5,57.3,58
2017-05-23,58.1,58.9,57.75,58.65
2017-05-24,58.2,59,58.15,59
2017-05-26,58.95,59.4,58.3,59.2
2017-05-29,58.8,59,58.15,58.15
2017-05-30,58.15,59.5,58.15,59.1
2017-05-31,59.6,59.6,58.6,59.4
2017-06-01,59.55,60,59.55,59.95
2017-06-02,59.65,60.6,59.65,60.2
2017-06-06,60.05,60.6,59.6,60.45
2017-06-07,60,60.25,59.65,59.65
2017-06-08,59.95,59.95,58.65,58.65
2017-06-09,58.9,59,57.75,58.55
2017-06-12,58.6,58.75,58,58.65
2017-06-13,58.85,59.75,58.85,59.25
2017-06-14,59.2,59.8,59.1,59.7
2017-06-15,59.8,59.8,59.3,59.45
2017-06-16,59.05,60.35,59.05,60.35
2017-06-19,60.4,60.8,59.3,60
2017-06-20,60.4,61.6,60.4,61.2
2017-06-21,61.15,61.15,59.55,59.8
2017-06-22,59.45,59.45,58.3,58.3
2017-06-23,59.2,60.15,58.85,60.05
2017-06-26,60.35,60.55,59.75,60.05
2017-06-27,60,60,58.85,59.55
2017-06-28,59.65,60.45,59.25,60
2017-06-29,60.5,61.15,59.5,60.25
2017-06-30,60,61.55,59.8,61.55
2017-07-03,61.3,61.65,61,61
2017-07-04,60.55,60.85,60.1,60.2
2017-07-05,59.65,60.3,59.65,59.95
2017-07-06,59.65,60.1,59.5,59.9
2017-07-07,59.65,61.6,59.3,61.55
2017-07-10,61.65,62.8,61.65,62.6
2017-07-11,61.6,62.8,60.4,61.2
2017-07-12,61.15,62.25,61.15,62.25
2017-07-13,61.25,63,61.25,62.65
2017-07-14,62.85,62.85,62.15,62.4
2017-07-17,61.8,63.2,61.6,63.2
2017-07-18,63.15,63.2,62.1,62.7
2017-07-19,62.6,62.7,62.25,62.25
2017-07-20,62.65,62.75,62.25,62.6
2017-07-21,62.45,62.55,61.75,61.85
2017-07-24,62.35,62.55,61.6,62.2
2017-07-25,62.2,63.6,62.2,63.5
2017-07-26,62,62.5,60.5,60.8
2017-07-27,61.55,61.8,61.15,61.45
2017-07-28,61.4,61.6,60.8,61.6
2017-07-31,61.8,62.3,61.25,62.3
2017-08-02,61.95,63.2,61.95,63.15
2017-08-03,63.25,63.6,63.1,63.1
2017-08-04,62.8,63.3,62.1,62.1
2017-08-07,61.95,62.85,61,61.2
2017-08-08,61.3,62.4,61.3,62.3
2017-08-09,62.05,62.55,61.6,61.85
2017-08-10,61.75,62.7,61.65,61.95
2017-08-11,62,62.45,61.3,61.85
2017-08-14,61.8,62.85,61.5,62.35
2017-08-15,62,62.05,60.9,61.5
2017-08-16,61.4,61.4,59.6,59.7
2017-08-17,59.95,60.2,59.4,59.5
2017-08-18,59.25,59.25,58.2,58.2
2017-08-21,58.55,59.45,58.55,58.75
2017-08-22,59.05,59.6,59,59.2
2017-08-23,58.95,59.4,58.85,59.2
2017-08-24,59.45,59.8,59,59.6
2017-08-25,59.6,60.25,59.55,59.75
2017-08-28,59.95,59.95,58.5,58.7
2017-08-29,58.85,58.95,58.45,58.6
2017-08-30,58.75,59.75,58.75,59.3
2017-08-31,59,59.25,57.35,57.75
2017-09-01,57.9,59.4,57.9,59.1
2017-09-04,59.85,59.85,58.25,58.45
2017-09-05,58.3,59.05,58.3,58.55
2017-09-06,58.55,58.55,58.15,58.2
2017-09-07,58.25,58.45,58.15,58.25
2017-09-08,58.35,58.4,58,58.05
2017-09-11,58.05,58.55,57.9,58.4
2017-09-12,58.3,59.3,58.25,58.8
2017-09-13,58.9,59.25,58.5,58.8
2017-09-14,59.45,59.75,58.55,59.1
2017-09-15,58.6,59.95,58.6,59.95
2017-09-18,59.7,59.85,59.3,59.6
2017-09-19,59.4,60.75,59.4,60.2
2017-09-20,59.95,60.45,59.55,60.45
2017-09-21,60.6,60.6,59.5,60.05
2017-09-22,59.9,60.55,59.7,60.05
2017-09-25,59.7,60.85,59.5,60.2
2017-09-26,60.1,60.5,60,60.35
2017-09-27,60.8,61,60.2,61
2017-09-28,60.65,61,60,61
2017-09-29,60.6,61.8,60.15,61.8
2017-10-02,61.3,61.95,61.3,61.9
2017-10-03,61.8,63.45,61.8,62.95
2017-10-04,63.1,63.55,62.45,63.35
2017-10-05,63.6,63.6,62.3,63.4
2017-10-06,63.6,64.7,63.1,64.7
2017-10-09,64.6,66.5,62.95,66
2017-10-10,66,66,64.9,65.4
2017-10-11,65.45,65.5,64.55,64.6
2017-10-12,64.4,65.05,64.15,64.5
2017-10-13,64.7,65.05,64.6,64.8
2017-10-16,62.55,66.3,62.55,66.2
2017-10-17,65.4,66.3,64.8,66
2017-10-18,63.35,66.2,63.35,66.2
2017-10-19,65.95,67.55,65.95,67
2017-10-20,66.55,67.2,66.2,67.1
2017-10-23,66.25,68.6,66.25,68.6
2017-10-24,68,69.2,67.95,69
2017-10-25,67.65,68,66.05,66.55
2017-10-26,66.8,67.45,65.85,66.85
2017-10-27,66.85,68.1,66.55,67.8
2017-10-30,66.95,67.7,65.3,66
2017-10-31,66.6,69.3,66.6,68.95
2017-11-01,69,69.25,68.1,69.2
2017-11-02,68.95,69.95,68.55,68.8
2017-11-03,68.6,69.1,67.75,68.2
2017-11-06,68.2,68.2,65.9,66.55
2017-11-07,66.5,66.7,65.35,65.65
2017-11-08,66.75,66.8,65.15,66.15
2017-11-09,66.35,66.6,64.05,64.2
2017-11-10,63.8,64.2,63.4,63.9
2017-11-13,64.7,64.75,62.1,62.45
2017-11-14,62.6,63.45,62.6,62.95
2017-11-15,62.35,63,62.35,62.55
2017-11-16,62.8,63.65,62.4,63.5
2017-11-17,63.95,63.95,62.05,62.6
2017-11-20,63.4,63.4,62.3,62.65
2017-11-21,62.6,63.4,62.2,63.05
2017-11-22,63.4,64,63.2,63.7
2017-11-23,63,63.9,63,63.9
2017-11-24,63.55,63.9,63.45,63.9
2017-11-27,63.5,63.9,63.5,63.75
2017-11-28,63.8,63.8,63.7,63.8
2017-11-29,63.8,65,63.8,65
2017-11-30,65,65.5,64.55,65.5
2017-12-01,65.3,65.3,63.85,64.25
2017-12-04,65.3,65.3,64.65,65.05
2017-12-05,65.3,65.3,64.35,64.55
2017-12-06,64.65,65.55,64.15,65.4
2017-12-07,64.85,66.2,64.85,65.85
2017-12-08,66.2,66.6,64.9,65.15
2017-12-11,64.95,65.7,63.8,64.35
2017-12-12,64.4,65.75,64.35,65.5
2017-12-13,63.6,65.8,63.6,64.6
2017-12-14,64.85,65.2,64.7,65.05
2017-12-15,65.2,65.4,64.25,64.7
2017-12-18,63.6,64.7,63.6,64.4
2017-12-19,64.15,64.7,63.75,64.1
2017-12-20,64.1,64.8,63.4,64.2
2017-12-21,64.65,64.85,63.95,64.7
2017-12-22,63.1,65.55,63.1,65.55
2017-12-27,65.6,66.55,65.35,66
2017-12-28,65.7,65.85,65.2,65.7
2017-12-29,65.75,66.45,65.65,66.1
2018-01-03,66.8,66.8,65.1,65.9
2018-01-04,66,66.5,65.8,66.4
2018-01-05,65.7,66.2,65.6,65.8
2018-01-08,65.6,66.4,65.2,65.8
2018-01-09,66,67.3,66,67.3
2018-01-10,67.1,67.2,66.8,67.2
2018-01-11,66.9,67.3,66.4,66.6
2018-01-12,63.9,66.9,63.9,66
2018-01-15,65.9,66.5,65.9,66.1
2018-01-16,66,66.4,65.7,66
2018-01-17,66.1,66.6,65.8,66
2018-01-18,66.3,67,65.9,66.1
2018-01-19,66.1,66.5,65.8,66.1
2018-01-22,66.3,66.5,64.9,65.5
2018-01-23,64.8,65.9,64.8,65.8
2018-01-24,65.5,66.2,65.5,66
2018-01-25,65.2,65.8,64.4,64.6
2018-01-26,64.8,64.8,63.9,64.3
2018-01-29,65.8,65.8,63.5,63.5
2018-01-30,63.5,63.8,63.3,63.3
2018-01-31,63.1,63.7,62.6,62.8
2018-02-01,62.9,63.5,62.7,62.7
2018-02-02,62.9,62.9,62.1,62.4
2018-02-05,62,62,60.4,61.3
2018-02-06,60.2,60.3,58.6,58.8
2018-02-07,59.2,60.7,59.1,60.7
2018-02-08,61.1,61.1,59.2,59.3
2018-02-09,58.8,59.7,58.2,58.2
2018-02-12,58.7,58.7,58.5,58.6
2018-02-13,58.8,58.8,58.3,58.4
2018-02-14,59,59.7,57.1,57.8
2018-02-15,57.7,60.1,57.6,58.7
2018-02-16,58.7,59.8,58,58.6
2018-02-19,59.3,59.3,58.2,58.8
2018-02-20,58.9,59.2,58.3,58.6
2018-02-21,58.7,59.1,58,58
2018-02-22,57.8,59.2,57.8,58.4
2018-02-23,58.6,60.2,58.1,59.6
2018-02-26,59.5,60.4,59.4,59.7
2018-02-27,60.1,61,59.5,59.8
2018-02-28,59.7,59.9,59.2,59.6
2018-03-01,58,58,56,56.3
2018-03-02,56.9,56.9,55,55.5
2018-03-05,55.2,56.6,55.2,56.2
2018-03-06,56.9,57.9,55.7,56.1
2018-03-07,56,56.3,55.7,56
2018-03-08,56,56.1,55.7,56
2018-03-09,56,56,55.6,55.9
2018-03-12,56.3,56.3,55.3,55.8
2018-03-13,55.9,55.9,55,55.3
2018-03-14,55.3,55.3,54.7,55
2018-03-15,55.2,55.2,54,54.5
2018-03-16,54.6,54.6,53,53
2018-03-19,53.1,54.2,53,53.9
2018-03-20,55.2,55.4,53.8,53.9
2018-03-21,54.1,54.4,53.7,54
2018-03-22,54.1,54.2,52.8,52.8
2018-03-23,52.7,53.1,52.4,52.8
2018-03-26,53,53.5,52.5,52.5
2018-03-27,55,55,52.8,52.8
2018-03-28,52.5,52.7,51.8,52
2018-03-29,52,52.4,51.7,51.8
2018-04-03,51.7,52.4,51.5,52
2018-04-04,51.8,51.8,50.1,50.7
2018-04-05,51.4,51.5,50.3,51.5
2018-04-06,51.6,51.6,50.1,50.6
2018-04-09,50.5,51.1,50.1,50.3
2018-04-10,50.7,50.9,49.2,50.4
2018-04-11,52.4,52.8,50.1,50.3
2018-04-12,50.3,50.3,48.6,48.6
2018-04-13,48.9,49.3,47.6,48
2018-04-16,48.5,51.3,48.5,51.3
2018-04-17,51.2,56.3,51.2,56.1
2018-04-18,56.3,56.3,52.8,53.6
2018-04-19,53.8,55.2,53.8,55.1
2018-04-20,55.2,56.1,55.2,55.4
2018-04-23,55.9,56.3,54.8,56.3
2018-04-24,56.1,56.2,54.6,55.5
2018-04-25,55.5,55.5,53.7,54.3
2018-04-26,54.8,55.4,54.5,55.2
2018-04-27,55.2,55.5,54.5,54.9
2018-04-30,55.3,56.4,55.3,55.9
2018-05-02,55.6,56,55,55.6
2018-05-03,55.1,55.3,54.2,55.2
2018-05-04,55.1,56,55,55.9
2018-05-07,55.1,56.4,55.1,56.3
2018-05-08,56,57.4,56,57.2
2018-05-09,56.8,57.3,56.8,57.3
2018-05-11,56.8,57.8,56.8,57.8
2018-05-14,57.5,59.1,57.5,58.8
2018-05-15,59.1,59.1,57.3,57.3
2018-05-16,59.2,60.7,59,59.2
2018-05-17,59,60.7,59,60.4
2018-05-18,60.2,60.2,58.8,59.8
2018-05-22,59,61.3,59,60.6
2018-05-23,59.9,60.8,59.8,60.4
2018-05-24,60.7,61.6,60.3,60.8
2018-05-25,61.5,62,60.9,61.6
2018-05-28,61.6,61.7,60.2,60.2
2018-05-29,60.5,60.5,59.2,59.6
2018-05-30,59.3,59.9,58.8,59.3
2018-05-31,60.8,60.8,59.2,59.3
2018-06-01,59.8,60,59.6,59.8
2018-06-04,59.8,60,59.7,60
2018-06-05,60,61,59.9,60.1
2018-06-06,60.2,60.9,60.2,60.8
2018-06-07,60.8,61.5,59.5,59.5
2018-06-08,59.1,60.2,58.5,59.5
2018-06-11,60.4,61.9,60.1,61.5
2018-06-12,61.2,63,61.1,62.4
2018-06-13,62,63.4,62,63
2018-06-14,60.2,63.2,60.2,62.7
2018-06-15,63.1,63.5,63,63.4
2018-06-18,63.3,63.5,61.8,62.6
2018-06-19,61.2,63,61.2,62.4
2018-06-20,62.8,63.5,62.3,63
2018-06-21,63,63.4,62.6,63.1
2018-06-22,63.4,64.8,63.2,63.9
2018-06-25,63.9,63.9,60.4,61.1
2018-06-26,61.5,61.7,60.2,60.5
2018-06-27,60.7,62.3,60.1,61.3
2018-06-28,61.1,62.3,61,62
2018-06-29,61.3,62.9,61.3,62.4
2018-07-02,63.1,63.5,61.9,62
2018-07-03,61.8,63.8,61.8,63.7
2018-07-04,63.5,63.6,63,63.5
2018-07-05,63.8,65,63.4,64.4
2018-07-06,64.6,64.6,63.4,64.5
2018-07-09,64.3,64.7,63.9,64
2018-07-10,63.7,65.5,63.7,65.5
2018-07-11,64.6,64.8,64.2,64.6
2018-07-12,64.9,65.1,64,64.7
2018-07-13,64.4,65,64,64.4
2018-07-16,64.5,64.6,63.6,64
2018-07-17,63.9,64,63.7,63.9
2018-07-18,63.6,64,63.6,63.6
2018-07-19,63.6,64,63.6,64
2018-07-20,63.8,64.1,63,63.3
2018-07-23,63.2,63.8,63.2,63.2
2018-07-24,63.9,63.9,62.8,62.9
2018-07-25,62.7,64.3,62.4,62.8
2018-07-26,63,63.2,61.9,61.9
2018-07-27,62,64.4,62,63.2
2018-07-30,63.3,64.3,63.2,64.3
2018-07-31,63.6,64,63.1,63.1
2018-08-02,64.4,64.4,61.3,62.6
2018-08-03,62.6,63.7,62.6,63.2
2018-08-06,63.6,63.9,62.7,63.9
2018-08-07,63.4,65.8,63.4,65.2
2018-08-08,65,65.6,64.7,65.4
2018-08-09,65.8,66.2,65.1,66.2
2018-08-10,65.4,66.1,64,65.6
2018-08-13,64.8,65.2,64.8,64.9
2018-08-14,64.8,66.4,64.6,66.4
2018-08-15,66.3,66.3,60.8,63.2
2018-08-16,63.9,63.9,61.3,63
2018-08-17,62.5,63,62.2,62.9
2018-08-20,63,63,60.8,62.6
2018-08-21,62.1,62.1,60.5,61.4
2018-08-22,61.3,61.7,60.6,61.5
2018-08-23,61.7,62.9,61,62.6
2018-08-24,64.9,64.9,63,64.4
2018-08-27,64,64.8,64,64.3
2018-08-28,64.2,64.5,63.3,63.4
2018-08-29,62,63,62,62
2018-08-30,61.7,61.9,61.2,61.2
2018-08-31,61.1,61.6,58.7,60
2018-09-03,62,62.1,60.7,61.7
2018-09-04,61,61.9,60.6,61.3
2018-09-05,61.8,61.8,59.5,60
2018-09-06,59.9,60.4,59.6,59.7
2018-09-07,59.9,60.4,59.6,60
2018-09-10,59.7,60.4,59.4,59.4
2018-09-11,60.1,60.3,59.5,59.8
2018-09-12,60,60.6,59.5,59.8
2018-09-13,59.7,60,59.4,59.7
2018-09-14,60.2,60.2,59.5,59.9
2018-09-17,59.8,60.2,59.7,59.8
2018-09-18,59.7,59.9,59.3,59.4
2018-09-19,60,60.1,59.6,59.6
2018-09-20,60,60.4,59.5,59.5
2018-09-21,61,61,60.1,60.1
2018-09-24,59.3,60.6,59.3,59.4
2018-09-25,59.4,59.8,58.8,58.8
2018-09-26,58.9,58.9,57.6,57.6
2018-09-27,57.2,59.5,57.2,58.9
2018-09-28,58.3,58.8,58.2,58.4
2018-10-01,58.4,59.3,58.3,58.4
2018-10-02,59,59.7,58.7,58.9
2018-10-03,59.1,59.1,58.1,58.1
2018-10-04,58.3,58.5,57.8,57.8
2018-10-05,59.4,59.4,57.7,57.7
2018-10-08,57.6,57.6,56.1,56.6
2018-10-09,56.6,56.7,54.6,54.6
2018-10-10,54.6,55.5,53.9,53.9
2018-10-11,53.9,54.9,52.1,53.9
2018-10-12,53.8,54.7,53.7,53.8
2018-10-15,55.2,56.6,54.2,56.6
2018-10-16,57,57.9,56,57.3
2018-10-17,56.2,58.1,56.2,57.2
2018-10-18,56.5,57.3,56.5,57
2018-10-19,56.2,57.3,56.2,57
2018-10-22,56.7,58,56.3,57.8
2018-10-23,57.6,57.6,55.4,55.4
2018-10-24,55.2,55.3,54,54
2018-10-25,54.8,55.9,53.9,55.2
2018-10-26,55.5,55.5,54.6,55.4
2018-10-29,54.5,57.3,54.5,56.3
2018-10-30,55.8,58,55.8,56.2
2018-10-31,57.1,57.3,56.4,57.1
2018-11-01,56.2,58,56.2,56.7
2018-11-02,57.4,58.6,56.3,56.8
2018-11-05,57.1,57.1,55.8,55.9
2018-11-06,56.4,56.4,54.8,55.4
2018-11-07,55.6,56.2,54.6,54.7
2018-11-08,55.7,55.8,54.9,54.9
2018-11-09,55.5,55.5,54.7,54.9
2018-11-12,55,55.3,53.5,53.5
2018-11-13,54,54.4,53.2,53.4
2018-11-14,53.1,53.8,52.7,52.8
2018-11-15,52.2,53.5,52,52
2018-11-16,52.6,52.7,52,52
2018-11-19,53.4,53.5,52.4,52.8
2018-11-20,54.1,54.4,52.3,52.5
2018-11-21,53.3,53.3,52.3,52.5
2018-11-22,52.4,53.1,52,52.2
2018-11-23,52.1,52.8,51.9,51.9
2018-11-26,52.5,52.5,51.6,51.8
2018-11-27,52.2,52.7,51.6,52.5
2018-11-28,53.1,53.6,52.8,52.8
2018-11-29,52.7,54.1,52.7,53.6
2018-11-30,53.5,53.7,53,53.4
2018-12-03,54.4,54.5,53.4,54
2018-12-04,55.2,55.2,52.9,53.3
2018-12-05,52.4,52.7,52,52.3
2018-12-06,53.4,53.4,50.4,50.6
2018-12-07,51,51.9,50.7,51.9
2018-12-10,51.6,54,51.5,51.5
2018-12-11,51.5,52.3,51.3,51.9
2018-12-12,52.9,52.9,51.2,52.2
2018-12-13,52,52.6,51.6,52
2018-12-14,52.2,52.2,50.8,51.1
2018-12-17,52,52,50,50
2018-12-18,50.8,50.8,48.6,48.6
2018-12-19,47.8,50,47.8,48.9
2018-12-20,48.8,49.8,48.6,49.3
2018-12-21,48.1,50.7,48.1,49.7
2018-12-27,49.2,51,48.3,48.8
2018-12-28,49.1,53,49.1,53
2019-01-03,50,54.6,50,53
2019-01-04,53.2,53.4,52.3,52.5
2019-01-07,52.7,53.3,52.2,52.2
2019-01-08,52.5,53.8,52.4,52.7
2019-01-09,52.2,53,52.1,52.5
2019-01-10,53,53.7,52.8,53.5
2019-01-11,53.4,53.9,53.2,53.2
2019-01-14,54.2,54.2,52.6,54
2019-01-15,56,56.1,53.8,54
2019-01-16,53.9,54.3,53.2,53.5
2019-01-17,53.9,54.2,53.2,53.6
2019-01-18,53.5,54.7,53.2,53.9
2019-01-21,52.4,54.3,52.4,53.1
2019-01-22,52.6,53.8,52.6,52.9
2019-01-23,53.7,55.6,52.7,55.1
2019-01-24,54.9,55.5,54.2,54.5
2019-01-25,54,54.7,53.9,54.3
2019-01-28,53.7,53.9,52.7,53
2019-01-29,52.2,53.5,52.2,52.8
2019-01-30,52.4,53.3,52.3,52.9
2019-01-31,53.1,53.8,52.6,52.7
2019-02-01,52.7,53,52.5,52.5
2019-02-04,52.5,52.7,51.4,52.3
2019-02-05,52.2,52.6,51.7,52
2019-02-06,51.3,52.6,50.7,52.4
2019-02-07,52.4,52.4,51.2,51.2
2019-02-08,51.1,51.1,49.9,50.1
2019-02-11,50.4,50.6,49.8,50
2019-02-12,49.9,50.6,49.4,50
2019-02-13,51.2,51.7,49.1,49.2
2019-02-14,49.2,50.1,49,49
2019-02-15,49.6,49.9,48.3,49.6
2019-02-18,49.4,49.9,49.1,49.6
2019-02-19,50.2,51.4,49.6,49.8
2019-02-20,49.5,50.5,49.3,50.4
2019-02-21,51.6,53.1,50.9,52
2019-02-22,52.6,53.6,51.7,53.2
2019-02-25,51.3,53,51.3,51.9
2019-02-26,52.3,52.7,51.8,52
2019-02-27,51.8,52.9,51.8,52.2
2019-02-28,52,53,51.8,52.2
2019-03-01,52.4,52.4,51.7,52.3
2019-03-04,52.8,54.8,52.2,54.7
2019-03-05,54.8,55.3,53.2,55.1
2019-03-06,54.8,56.1,54.7,55.1
2019-03-07,54.6,54.8,53,53.4
2019-03-08,54.4,54.4,52.8,52.8
2019-03-11,52.6,54.6,52.5,53.8
2019-03-12,54,54.7,53.8,54.1
2019-03-13,54,54.2,53.4,53.4
2019-03-14,53.9,53.9,52.8,52.9
2019-03-15,52.8,55.2,52.8,54.5
2019-03-18,53.7,54.3,53.5,53.5
2019-03-19,54.2,54.4,54,54.1
2019-03-20,53.8,53.8,53.2,53.2
2019-03-21,53.2,53.2,51.2,51.6
2019-03-22,52.5,52.5,50.6,50.6
2019-03-25,51,52.4,50.2,52.1
2019-03-26,51.9,53.1,51.6,52.1
2019-03-27,53,53.4,52,53.1
2019-03-28,53.2,53.2,52.4,52.7
2019-03-29,53.2,53.5,52.1,52.1
2019-04-01,53,53.6,52.4,53.3
2019-04-02,52.9,53.5,52,52.7
2019-04-03,52.5,53.4,52.3,52.5
2019-04-04,52.5,53.4,52.5,53.1
2019-04-05,53.2,53.4,52.9,53.3
2019-04-08,52.9,53.4,52.9,53.1
2019-04-09,52.8,53.4,51.4,51.4
2019-04-10,51.8,51.8,51,51.2
2019-04-11,50.6,52.7,50.1,52.7
2019-04-12,52.8,53,51.6,52.6
2019-04-15,52,53.6,52,53.2
2019-04-16,53.1,53.2,52.6,52.9
2019-04-17,51.3,53,51.3,52.5
2019-04-18,52.6,52.9,51.9,52.6
2019-04-23,53.4,53.4,50.4,51.2
2019-04-24,50.4,51.2,49.5,49.6
2019-04-25,49.8,50.2,49.6,49.7
2019-04-26,49.1,49.7,49.1,49.4
2019-04-29,49.3,49.4,48.8,49.2
2019-04-30,49.9,50.1,49.4,49.8
2019-05-02,49.8,51.6,49.4,50.9
2019-05-03,50.3,51.6,50.3,51.1
2019-05-06,51.2,51.4,50.3,51.3
2019-05-07,51.7,52.4,51.5,52.4
2019-05-08,52.6,52.9,52.5,52.6
2019-05-09,52.2,52.4,50,50
2019-05-10,50.7,51.2,50.3,50.8
2019-05-13,50.9,51.7,50.2,50.2
2019-05-14,51,51.5,50.3,50.9
2019-05-15,50.6,51.6,50.4,51.6
2019-05-16,51,52.6,51,52.6
2019-05-17,52.4,53.6,52.2,52.6
2019-05-20,52.9,53.5,52.4,53.1
2019-05-21,52.9,53.4,52.8,53.2
2019-05-22,53.1,53.2,52.5,53
2019-05-23,52.7,53,51.8,51.8
2019-05-24,51.9,52.3,51.9,52.3
2019-05-27,52.5,53.2,52.5,52.7
2019-05-28,52.8,53.8,52.5,53.4
2019-05-29,53.4,54.2,52.3,53.9
2019-05-31,53.6,53.9,52.5,52.6
2019-06-03,51.9,53.2,51.9,52.7
2019-06-04,53,53,52.3,52.7
2019-06-05,52.6,52.7,51.5,51.9
2019-06-06,51.2,51.7,50.8,51.5
2019-06-07,51.8,52.4,51.8,52
2019-06-11,52,52.1,51.6,51.9
2019-06-12,52.5,52.5,50.9,50.9
2019-06-13,51.6,51.6,50.4,50.5
2019-06-14,50.5,50.5,49.6,50
2019-06-17,49.8,50,49.2,49.5
2019-06-18,50,50.5,49.3,49.9
2019-06-19,50.4,50.6,49.5,50
2019-06-20,50.2,50.9,50.1,50.6
2019-06-21,50.3,51.7,50.3,51.5
2019-06-24,52.3,52.3,51.4,51.8
2019-06-25,51.8,52,51.4,51.7
2019-06-26,52,52.7,52,52.6
2019-06-27,52.9,54.3,52.9,53.8
2019-06-28,53.2,53.7,53,53.5
2019-07-01,52.7,53.5,52.7,53
2019-07-02,52.3,52.9,51.6,51.7
2019-07-03,52.6,52.6,51.6,52
2019-07-04,51.9,52.2,51,51.4
2019-07-05,51.3,52.6,51,52
2019-07-08,51,52.2,51,51.1
2019-07-09,51.6,51.6,51,51.4
2019-07-10,50.7,51.2,50.7,51
2019-07-11,50.7,51.6,50.7,51.2
2019-07-12,51.1,51.7,51.1,51.2
2019-07-15,51.2,52.2,51.2,51.5
2019-07-16,51.9,52.3,51.7,52
2019-07-17,52.4,52.5,51.9,52
2019-07-18,52.3,52.3,51.5,51.6
2019-07-19,51.2,51.8,51.1,51.5
2019-07-22,51,51.2,50.7,51
2019-07-23,51,52.6,51,52.4
2019-07-24,51.2,53,51.2,53
2019-07-25,53,53.4,52.2,53.4
2019-07-26,53.7,54.8,53.5,54.1
2019-07-29,54.1,55,54.1,55
2019-07-30,54.7,54.8,54.2,54.6
2019-07-31,54.6,55,54.2,54.9
2019-08-02,54,55.5,53.9,55.5
2019-08-05,55.8,56.4,55.1,55.8
2019-08-06,55,57.7,55,57.4
2019-08-07,56.6,59.3,56.6,57.8
2019-08-08,58.1,58.9,58,58.6
2019-08-09,58.1,58.4,57.8,58.1
2019-08-12,57.7,59.6,57.7,59.4
2019-08-13,58.8,59.4,58.5,59
2019-08-14,56,58.9,56,58.1
2019-08-15,57.8,58.9,57.3,57.9
2019-08-16,58,58,57.3,57.8
2019-08-19,57,58,56.8,58
2019-08-20,58,58,57.3,57.7
2019-08-21,57.5,57.9,57.4,57.9
2019-08-22,57.8,57.9,57.3,57.7
2019-08-23,57.9,59,57.7,58.8
2019-08-26,58.6,58.7,57.9,58
2019-08-27,58,58.3,57.4,57.8
2019-08-28,57.1,57.6,56.9,57.2
2019-08-29,56.5,57.7,56.1,57.7
2019-08-30,57.6,58.4,57.6,58.1
2019-09-02,57.6,58.5,57.3,57.8
2019-09-03,57,57.9,57,57.7
2019-09-04,57.4,57.9,57.3,57.5
2019-09-05,57.6,57.6,56.9,57.3
2019-09-06,57.2,57.8,57.2,57.6
2019-09-09,57.6,57.7,57.2,57.6
2019-09-10,57.3,58.6,57.2,58.6
2019-09-11,58.1,59,58.1,58.5
2019-09-12,58.5,58.6,57.8,58
2019-09-13,58.4,58.6,57.8,58
2019-09-16,57.8,59.2,57.4,59
2019-09-17,58.6,59,58,58.6
2019-09-18,58.3,58.3,57.9,58
2019-09-19,58.3,60.9,58.3,59.7
2019-09-20,59.7,59.7,58.7,59.2
2019-09-23,59.1,59.7,58.8,59.3
2019-09-24,58.5,59.4,58.5,59.1
2019-09-25,59.2,59.2,58.4,58.4
2019-09-26,58.4,59.8,58.1,59.6
2019-09-27,59.1,60,59,59.5
2019-09-30,59.7,60.1,58.7,59.6
2019-10-01,58.5,59.6,58.4,58.9
2019-10-02,58.9,58.9,56.5,57.3
2019-10-03,56.9,57.3,56.3,56.6
2019-10-04,56.3,56.7,56.1,56.2
2019-10-07,56.3,56.8,56.1,56.5
2019-10-08,56.9,56.9,55.8,56
2019-10-09,55.6,57.6,55.6,56.2
2019-10-10,56,56.2,55.4,55.7
2019-10-11,55.9,55.9,55.1,55.4
2019-10-14,55.7,55.7,55,55.4
2019-10-15,54.8,55.3,54.6,54.8
2019-10-16,54.9,55.2,54.3,54.4
2019-10-17,54.5,54.7,53.9,53.9
2019-10-18,53.6,54.2,53.6,53.8
2019-10-21,54,54,53.6,53.6
2019-10-22,53.7,54,53.3,53.8
2019-10-23,53.9,53.9,52.5,52.5
2019-10-24,52.2,53.8,52.2,52.6
2019-10-25,53.2,54.2,52.4,53
2019-10-28,53.8,54.2,53.2,53.9
2019-10-29,53.9,55.2,53.9,54.8
2019-10-30,55.8,55.8,54.7,55.3
2019-10-31,55.7,55.8,55,55
2019-11-01,55.9,56,55.4,55.6
2019-11-04,56,57,56,57
2019-11-05,56.2,56.9,56.1,56.8
2019-11-06,55.8,57.8,55.8,57.2
2019-11-07,56.5,57.1,56,56.8
2019-11-08,56.7,57.5,56.7,57.3
2019-11-11,57.3,58.7,57.3,58.4
2019-11-12,57.2,58.8,57.2,58
2019-11-13,57.9,57.9,57.3,57.6
2019-11-14,57.4,58,57.4,57.6
2019-11-15,58.3,58.3,57.4,58
2019-11-18,57.2,58.6,56.9,57
2019-11-19,57.6,58.3,57.5,57.7
2019-11-20,58.2,59,57.8,58.9
2019-11-21,58.7,58.7,58.3,58.3
2019-11-22,58.4,58.9,58.3,58.4
2019-11-25,58.2,58.7,57.5,57.7
2019-11-26,58.4,58.4,57,58
2019-11-27,58.6,58.8,58.1,58.3
2019-11-28,57.9,59,57.9,59
2019-11-29,58.9,59.6,58.8,59.6
2019-12-02,59.5,60,59.3,59.7
2019-12-03,59.6,60.6,59.1,60.2
2019-12-04,60.2,60.7,59.5,59.5
2019-12-05,59.1,59.8,58.3,58.8
2019-12-06,59,60.1,58.9,59.6
2019-12-09,59.6,60.7,59.4,60.7
2019-12-10,60.4,60.8,60.4,60.5
2019-12-11,60.4,60.7,59.6,59.6
2019-12-12,59.4,60,58.7,58.9
2019-12-13,60,60,58.6,58.8
2019-12-16,58.8,59.4,58.4,59.2
2019-12-17,59,59.8,58.4,59.6
2019-12-18,59.3,60.6,59.3,59.4
2019-12-19,59.2,59.5,58.9,59.1
2019-12-20,59,59.5,58.3,59.1
2019-12-23,59.3,60.1,59.2,59.8
2019-12-27,59.8,62.2,59.8,61
2019-12-30,60.7,61.6,59.7,59.7
2020-01-03,59.5,60.7,59.5,60
2020-01-06,59,60,57.8,58.4
2020-01-07,60,60.3,59,60.3
2020-01-08,59.9,60.6,59.4,60
2020-01-09,60.5,60.6,59.7,60.5
2020-01-10,59.7,61.2,59.7,60.4
2020-01-13,60,61.1,59.9,59.9
2020-01-14,59.8,60,59.3,59.8
2020-01-15,60.6,60.9,59.7,59.8
2020-01-16,59.7,60.6,59.7,60.1
2020-01-17,59.8,61,59.8,60.8
2020-01-20,60.3,62.3,60.2,62
2020-01-21,62,63.7,62,63.7
2020-01-22,63.9,66.6,63.3,66.1
2020-01-23,65.6,67.9,65.6,66.7
2020-01-24,66.6,68.9,66,68.9
2020-01-27,67,69.6,67,67.4
2020-01-28,67,68.7,66.1,68
2020-01-29,68.1,68.8,68,68.6
2020-01-30,68.7,68.7,67.7,68
2020-01-31,67.8,68.9,67.8,68.3
2020-02-03,68,68.7,68,68.2
2020-02-04,68.9,71.3,68.9,71
2020-02-05,71.2,71.3,70.5,70.5
2020-02-06,70.4,71.7,70.4,70.5
2020-02-07,70.2,71.9,70.1,71.7
2020-02-10,71.4,75.5,71.2,74.4
2020-02-11,73.4,76,73.4,75.9
2020-02-12,75.8,77.3,75.7,76.3
2020-02-13,75.9,75.9,72.9,73.7
2020-02-14,74,75.4,74,75
2020-02-17,74.7,75.3,74.4,74.5
2020-02-18,74.6,75.1,74.2,75.1
2020-02-19,75.5,76.4,75.1,76.1
2020-02-20,75.9,76.3,74.6,74.6
2020-02-21,73.8,75,73.8,74.3
2020-02-24,73,73.9,71.7,72
2020-02-25,70.6,73.3,70.6,70.8
2020-02-26,70.7,70.7,67.5,70
2020-02-27,69.6,70.2,67.8,67.9
2020-02-28,67.8,67.8,64.9,66.3
2020-03-02,65,66.9,64.9,66.9
2020-03-03,66.4,69.3,66.4,68.7
2020-03-04,69.4,70.2,68.7,68.7
2020-03-05,68.4,69.4,67.9,69
2020-03-06,69,69,64.7,65.1
2020-03-09,64,64,60.6,60.6
2020-03-10,60.2,65.7,60.2,63.8
2020-03-11,66,66,62.3,62.8
2020-03-12,60,61,56.1,56.2
2020-03-13,56,58.2,56,57.3
2020-03-16,55,59.2,52.4,56.1
2020-03-17,62.3,63.4,52.5,53.4
2020-03-18,53.5,53.5,50.5,51.2
2020-03-19,50.8,52.3,50.3,51.4
2020-03-20,53.2,56,53.2,53.8
2020-03-23,53.3,53.8,50.7,52.6
2020-03-24,54.4,57.5,54.4,56.5
2020-03-25,58,62.8,57.7,61.6
2020-03-26,62,68.8,59.4,64.1
2020-03-27,64.2,64.4,62,63.6
2020-03-30,64.4,64.4,60.5,61.4
2020-03-31,61.4,64.8,61.3,64.8
2020-04-01,63.4,65.1,62.8,64
2020-04-02,63.2,64.8,63.1,64.1
2020-04-03,64.7,65,62.2,62.2
2020-04-06,64.2,64.2,62.7,62.9
2020-04-07,63.7,65,63.7,64.4
2020-04-08,64.3,67.1,64.3,66.4
2020-04-09,66.2,67,65.3,66.2
2020-04-14,66.7,67.5,65.2,66.7
2020-04-15,66.3,66.5,64.7,64.7
2020-04-16,66,66.5,65,66.5
2020-04-17,66.8,67.5,65.2,66.2
2020-04-20,66.8,66.8,65.3,66.4
2020-04-21,67,67,65.5,66.900002
2020-04-22,67,70,66.800003,70
2020-04-23,67,68,65.300003,65.300003
2020-04-24,65.099998,66,63.099998,64.300003
2020-04-27,64.099998,64.599998,62.799999,64
2020-04-28,64.699997,66,63.700001,65.599998
2020-04-29,65,66.5,64.5,66.5
2020-04-30,65.900002,69,65,67.5
2020-05-04,65.800003,68,64.800003,66
2020-05-05,66.099998,67.300003,65.800003,66
2020-05-06,66,70.5,66,70
2020-05-07,70,70,67.199997,69.199997
2020-05-08,69,69,67.900002,68.5
2020-05-11,68.5,69.599998,68,68.5
2020-05-12,68.599998,72.5,68.5,71.5
2020-05-13,71.400002,71.5,69.400002,71
2020-05-14,70,71.400002,69.699997,70
2020-05-15,70.900002,73.199997,70.5,72.599998
2020-05-18,74,74.800003,72.599998,74.699997
2020-05-19,75,77,74.5,75.099998
2020-05-20,74.300003,75.800003,73.699997,74.199997
2020-05-22,74,75,72.900002,73.199997
2020-05-25,73.199997,74.800003,72.300003,74.199997
2020-05-26,73.5,75,73.5,75
2020-05-27,75.699997,76,70.699997,71.199997
2020-05-28,72,73.099998,71.699997,72
2020-05-29,72,72.5,71,71.400002
2020-06-02,71,74.400002,71,73.699997
2020-06-03,73.699997,74,73,74
2020-06-04,74.300003,77.5,74,76.699997
2020-06-05,76.400002,78,74.800003,74.800003
2020-06-08,75.599998,76.5,74.199997,76
2020-06-09,75.199997,75.900002,73.400002,75.300003
2020-06-10,75,77.800003,74.599998,74.599998
2020-06-11,75.199997,76.300003,74.199997,74.699997
2020-06-12,74.5,76.199997,73.199997,73.699997
2020-06-15,73.400002,75.800003,71.400002,74.900002
2020-06-16,76,76,74,74.900002
2020-06-17,74.5,75.800003,74.199997,75.400002
2020-06-18,74,75.800003,74,75
2020-06-19,75.699997,75.699997,74.800003,75
2020-06-22,75.300003,75.599998,73.699997,74
2020-06-23,73.199997,74.5,73,74
2020-06-24,73.599998,74.199997,72.300003,73.199997
2020-06-25,73,73,69.699997,71.5
2020-06-26,71.400002,72.300003,70.699997,71.199997
2020-06-29,70.300003,71.900002,70,71
2020-06-30,70.599998,73.099998,69.800003,70.800003
2020-07-01,70.800003,73,70.800003,72.400002
2020-07-02,72,72.900002,71.400002,72.300003
2020-07-03,72,73.400002,71.300003,72.300003
2020-07-06,71.5,73.099998,71.5,73
2020-07-07,73,73,72.099998,72.900002
2020-07-08,72.800003,72.800003,70.599998,71.800003
2020-07-09,71.699997,74.400002,71.699997,72.199997
2020-07-10,72.599998,74,72.400002,72.800003
2020-07-13,74.199997,75.400002,73.199997,73.300003
2020-07-14,72.400002,74.599998,72.300003,74.300003
2020-07-15,75,76.300003,73.5,75
2020-07-16,71.800003,74,71.599998,71.800003
2020-07-17,71.800003,72.199997,70.599998,72
2020-07-20,72,72.5,70.900002,71.099998
2020-07-21,71.099998,73.5,70.900002,73
2020-07-22,73.099998,74.900002,73.099998,73.900002
2020-07-23,73.400002,73.800003,72.699997,72.699997
2020-07-24,72.599998,72.900002,71.099998,71.300003
2020-07-27,71.5,71.5,70.5,71
2020-07-28,70.699997,71.199997,70,70.599998
2020-07-29,70.699997,73,70.099998,72.599998
2020-07-30,72.400002,72.800003,70.5,70.900002
2020-07-31,71.900002,72.900002,71.5,72.099998
2020-08-03,73.199997,74.400002,72.900002,74
2020-08-04,75,75,73.400002,74.199997
2020-08-05,74.400002,76.300003,73.699997,75
2020-08-06,75,78.599998,75,77.400002
2020-08-07,77.5,80.099998,76.400002,79.900002
2020-08-10,78.900002,82.800003,78.900002,82.400002
2020-08-11,83,83.199997,81.599998,83
2020-08-12,82,88,82,85.900002
2020-08-13,80,84.5,78.599998,82.699997
2020-08-14,82.900002,82.900002,81.599998,81.599998
2020-08-17,82.5,84.400002,82,83.099998
2020-08-18,83,83.800003,82.400002,83.099998
2020-08-19,82.900002,83.5,82.400002,83
2020-08-20,82.699997,83.400002,82.400002,83
2020-08-21,82,83,80.900002,81.5
2020-08-24,81,81.699997,80.599998,81
2020-08-25,81,81,80.199997,80.5
2020-08-26,80.5,81.900002,79.699997,81.5
2020-08-27,81.5,82.400002,81.5,81.800003
2020-08-28,82,82,80.599998,81
2020-08-31,81.199997,81.5,80.400002,80.900002
2020-09-01,79.5,82.599998,79.5,82.400002
2020-09-02,82,82.800003,80.900002,80.900002
2020-09-03,81.900002,81.900002,79,79
2020-09-04,79,79.400002,76.400002,77.5
2020-09-07,76,78.099998,74.599998,77.300003
2020-09-08,76.599998,77.099998,74.699997,76
2020-09-09,75.900002,76,75,76
2020-09-10,77.900002,77.900002,75.800003,76
2020-09-11,76.5,76.699997,75.199997,75.699997
2020-09-14,75.099998,76.199997,75,76.099998
2020-09-15,75.400002,76.199997,75,75
2020-09-16,75.5,75.699997,71.900002,73.099998
2020-09-17,71.900002,77.699997,71.900002,77.699997
2020-09-18,78,78.599998,77.5,78.599998
2020-09-21,77.5,78,75.199997,75.900002
2020-09-22,74.599998,76.199997,74.400002,75.699997
2020-09-23,76.900002,77.5,76,76
2020-09-24,76.099998,76.5,75.5,76.400002
2020-09-25,77.199997,77.900002,75.699997,77
2020-09-28,77.800003,79.5,76.800003,78.5
2020-09-29,78.199997,79.099998,77.599998,79
2020-09-30,79,82.400002,78.699997,82.199997
2020-10-01,81.800003,82.199997,81.199997,81.400002
2020-10-02,82.300003,82.300003,80.599998,81.599998
2020-10-05,82,82,80.900002,81.900002
2020-10-06,81.5,82.599998,80.800003,81.900002
2020-10-07,81.300003,82.900002,81.199997,81.800003
2020-10-08,81.599998,82.800003,81.199997,81.599998
2020-10-09,81.800003,82.099998,80.5,81.900002
2020-10-12,81,82.199997,80.099998,81.099998
2020-10-13,80.199997,81.099998,78.699997,79
2020-10-14,79.900002,79.900002,78.300003,78.800003
2020-10-15,78.199997,78.199997,76.199997,77.699997
2020-10-16,78.599998,79.800003,78.5,79.300003
2020-10-19,79.900002,80.599998,79.400002,79.800003
2020-10-20,79.800003,81.400002,79,79
2020-10-21,79,79.5,78.300003,78.300003
2020-10-22,79,81,77.5,80.5
2020-10-23,81,81,78.099998,78.400002
2020-10-26,77.800003,78.699997,76.099998,76.800003
2020-10-27,77.199997,77.900002,75.5,77.5
2020-10-28,78,78,74.900002,76.400002
2020-10-29,76,76.5,74.699997,74.900002
2020-10-30,74.599998,76.900002,73.900002,76.900002
2020-11-02,77,78.900002,76.099998,78
2020-11-03,78.5,79.900002,77.199997,79.099998
2020-11-04,75.800003,80,75.800003,79.400002
2020-11-05,80,80,78.300003,79.199997
2020-11-06,80,80,77.5,78.400002
2020-11-09,80,80.099998,78.5,79.800003
2020-11-10,78.800003,79.5,77,77.400002
2020-11-11,77.699997,78.099998,76.199997,76.900002
2020-11-12,77.800003,77.800003,76.400002,77
2020-11-13,77,78.400002,77,77.699997
2020-11-16,79,79,78,79
2020-11-17,79,79.5,77.900002,78
2020-11-18,78.5,79,78,78.699997
2020-11-19,79.300003,79.300003,78,78
2020-11-20,79,79,77.800003,78.800003
2020-11-23,79.400002,79.400002,78,78
2020-11-24,79.400002,79.400002,77.699997,79.199997
2020-11-25,79.199997,79.199997,78,78.800003
2020-11-26,79.400002,79.400002,78,78
2020-11-27,79.400002,79.400002,76.699997,77
2020-11-30,77.800003,77.800003,76,76
2020-12-01,76.800003,78.199997,75.900002,77.300003
2020-12-02,75.800003,78.5,75.800003,77.900002
2020-12-03,77.400002,78.800003,77.400002,78
2020-12-04,77.800003,78.400002,77.599998,78.199997
2020-12-07,78.400002,78.599998,76.5,76.699997
2020-12-08,76.900002,77.300003,76,76.199997
2020-12-09,77,77,75.599998,76.699997
2020-12-10,77.300003,77.300003,75.400002,76.5
2020-12-11,75.199997,77.300003,75,75.400002
2020-12-14,76,76,74.699997,75.300003
2020-12-15,76,76,74.5,75.800003
2020-12-16,75.800003,76.900002,75.300003,76.900002
2020-12-17,76.400002,77.199997,76.400002,76.699997
2020-12-18,77,77.800003,76.599998,77.099998
2020-12-21,77.199997,77.699997,75.900002,77.099998
2020-12-22,77.099998,78.800003,77.099998,77.800003
2020-12-23,79,79,77.099998,78.199997
2020-12-28,79.400002,79.400002,78.199997,79.199997
2020-12-29,79.400002,81.900002,79.199997,81.699997
2020-12-30,81.800003,83.5,80.599998,80.900002
2021-01-04,82.400002,82.800003,80.099998,82.599998
2021-01-05,82.099998,82.400002,81.099998,82.199997
2021-01-06,81.400002,82.5,81,82
2021-01-07,82.400002,82.400002,81,81.400002
2021-01-08,81,81,80,80.699997
2021-01-11,81,81.099998,78.400002,78.699997
2021-01-12,80,80,77,79.400002
2021-01-13,80.199997,80.199997,76.800003,77.800003
2021-01-14,80,80,78.300003,78.699997
2021-01-15,78.300003,78.699997,77.300003,77.699997
2021-01-18,78.300003,79.400002,78.300003,78.699997
2021-01-19,80,80,77.099998,77.099998
2021-01-20,76,82,76,77.5
2021-01-21,76.599998,77.900002,76.5,76.5
2021-01-22,77.5,77.599998,76.400002,76.699997
2021-01-25,76,77.300003,74.5,75.199997
2021-01-26,75.099998,79.099998,75.099998,77.099998
2021-01-27,76.5,77.199997,75.099998,75.5
2021-01-28,75.5,75.800003,74.5,75
2021-01-29,75.400002,75.900002,74.5,75.300003
2021-02-01,76.300003,76.599998,74.900002,75.5
2021-02-02,76.5,77.900002,76.099998,77.900002
2021-02-03,78,80.900002,77.900002,79
2021-02-04,79,80.199997,78.099998,79.300003
2021-02-05,79.5,79.900002,78.400002,78.699997
2021-02-08,78,78.699997,77.400002,77.800003
2021-02-09,78.699997,78.699997,76.900002,77.199997
2021-02-10,77,77.599998,76.300003,76.800003
2021-02-11,76.300003,77.5,76,76.800003
2021-02-12,75.800003,78,74.599998,77.400002
2021-02-15,78.699997,78.699997,76.599998,77.599998
2021-02-16,76.5,78.800003,76.5,78.400002
2021-02-17,78.800003,78.900002,76.599998,76.699997
2021-02-18,77,77.400002,75.699997,75.900002
2021-02-19,75.199997,76.699997,75,76.199997
2021-02-22,77,77,74.800003,76.199997
2021-02-23,77.099998,77.099998,74.400002,75.800003
2021-02-24,77.5,78.099998,75.699997,76
2021-02-25,77.400002,77.5,75.300003,75.599998
2021-02-26,77.099998,77.699997,74,76
2021-03-01,76.199997,77.5,76.099998,76.5
2021-03-02,78,78,74.5,75
2021-03-03,74.099998,78,74.099998,77.099998
2021-03-04,78,78,75.400002,76
2021-03-05,79.599998,80.400002,76.699997,78.5
2021-03-08,79.599998,80.199997,77,77.599998
2021-03-09,78,81.099998,77,80.599998
2021-03-10,80.5,81,78.699997,79.599998
2021-03-11,80.699997,80.699997,77.5,78.599998
2021-03-12,79.900002,79.900002,78,78.699997
2021-03-15,77.599998,78.800003,77.599998,78.699997
2021-03-16,79.699997,79.699997,78.599998,79.099998
2021-03-17,79,79,77.5,77.900002
2021-03-18,79,79.699997,77.800003,79.099998
2021-03-19,78.699997,79.300003,77.400002,78.800003
2021-03-22,79.400002,79.400002,77.800003,78.599998
2021-03-23,78.900002,79.099998,77.800003,78
2021-03-24,77.5,78.400002,77.199997,78
2021-03-25,78.699997,78.699997,77.400002,78.300003
2021-03-26,78.400002,78.400002,77.400002,78
2021-03-29,77.400002,78,76.699997,77.699997
2021-03-30,77.400002,79.5,77.300003,78.800003
2021-03-31,77.800003,78.5,77.800003,78.099998
2021-04-01,77.900002,78.800003,77.300003,78.199997
2021-04-06,79.5,79.800003,77.900002,79.099998
2021-04-07,79,80,79,80
2021-04-08,80,80.900002,79.900002,80.699997
2021-04-09,80.199997,82.5,80.199997,81.699997
2021-04-12,81,82,80.800003,81.900002
2021-04-13,82.400002,82.5,80.5,81
2021-04-14,80,80.300003,79.099998,79.699997
2021-04-15,79.5,79.699997,78.599998,79.099998
2021-04-16,78.699997,80,78.5,80
2021-04-19,81,81,79.099998,79.800003
2021-04-20,80,80.599998,79.300003,79.800003
2021-04-21,79.300003,79.300003,77.599998,78.099998
2021-04-22,77.699997,79.400002,77.599998,78.400002
2021-04-23,78.099998,78.400002,77.300003,77.699997
2021-04-26,78.300003,78.800003,77.300003,78
2021-04-27,77.800003,77.800003,76.300003,77
2021-04-28,79,80.5,78.5,79.699997
2021-04-29,80.599998,81.800003,80.099998,80.699997
2021-04-30,80.099998,80.800003,78.599998,78.599998
2021-05-03,79.800003,79.800003,78.099998,78.699997
2021-05-04,78.699997,79.5,77.599998,78.699997
2021-05-05,78,79.800003,78,78.5
2021-05-06,78.599998,78.900002,77.099998,77.800003
2021-05-07,78.5,79,77.199997,77.800003
2021-05-10,77,77.900002,76.5,77
2021-05-11,76.300003,77.099998,76.199997,77.099998
2021-05-12,76.900002,77.199997,76,76.199997
2021-05-14,76.599998,78,76,77.900002
2021-05-17,78,78.400002,77.5,77.599998
2021-05-18,77.599998,78.099998,76.900002,76.900002
2021-05-19,76.800003,76.900002,75.800003,76.800003
2021-05-20,77.300003,77.599998,76.099998,76.300003
2021-05-21,77,78,76.199997,77.099998
2021-05-25,77.900002,78.900002,77.400002,77.400002
2021-05-26,77.5,77.900002,76.400002,77.599998
2021-05-27,77.699997,78.400002,77.099998,77.099998
2021-05-28,77.900002,77.900002,77.199997,77.599998
2021-05-31,77.599998,78.5,77.599998,78.400002
2021-06-01,78.900002,79.699997,78.199997,79.400002
2021-06-02,79.300003,79.5,78.400002,79.199997
2021-06-03,79,79.699997,78.699997,79
2021-06-04,79.699997,80.300003,79,79
2021-06-07,79,79.599998,77.400002,77.400002
2021-06-08,78,78.400002,76.400002,77
2021-06-09,77.900002,77.900002,76,77
2021-06-10,78,78.300003,77.199997,77.599998
2021-06-11,77.5,80.099998,77.400002,79.099998
2021-06-14,80.400002,80.900002,79.800003,80
2021-06-15,80,82.5,80,81.5
2021-06-16,81.099998,83.800003,81.099998,82.699997
2021-06-17,81.5,83.300003,81.5,81.699997
2021-06-18,82.5,83.699997,80.400002,80.400002
2021-06-21,80.900002,80.900002,79.099998,79.099998
2021-06-22,80,80.699997,78.699997,80.099998
2021-06-23,80.599998,81.900002,79.099998,79.099998
2021-06-24,79,80.900002,78.800003,78.900002
2021-06-25,78.599998,80,78.599998,79.400002
2021-06-28,79.5,80.699997,78.699997,78.800003
2021-06-29,79.199997,79.900002,78.400002,79
2021-06-30,78.400002,79.300003,78,78.400002
2021-07-01,78.599998,80.199997,78.400002,79.5
2021-07-02,79.400002,79.800003,79.099998,79.099998
2021-07-05,78,79.800003,78,79.300003
2021-07-06,79,79.699997,78.900002,79.300003
2021-07-07,79.800003,80.599998,79.099998,80
2021-07-08,79.800003,80.400002,79.199997,79.800003
2021-07-09,79.900002,80.599998,79.900002,80.599998
2021-07-12,80.699997,82.5,80,82.5
2021-07-13,83.199997,83.699997,82.599998,83.599998
2021-07-14,84,84,82.800003,83.099998
2021-07-15,83,83.099998,81.199997,81.599998
2021-07-16,81.400002,82,80.599998,81.5
2021-07-19,80.599998,81.400002,78.699997,79.300003
2021-07-20,77.800003,79.900002,77.699997,78.400002
2021-07-21,79.400002,79.599998,78.5,79.099998
2021-07-22,79,80.900002,79,79.099998
2021-07-23,79.900002,79.900002,78.400002,79.400002
2021-07-26,78.599998,79.699997,78.5,79.699997
2021-07-27,79.199997,80,79,80
2021-07-28,79.5,80.400002,79.5,80.199997
2021-07-29,80.900002,81.900002,79.900002,81.900002
2021-07-30,81.800003,81.900002,81.099998,81.699997
2021-08-02,81.300003,82.900002,81.300003,82.900002
2021-08-03,82.800003,83.800003,82.699997,83.800003
2021-08-04,83.900002,84.5,83.5,83.599998
2021-08-05,83.199997,84.300003,83.199997,84.300003
2021-08-06,83.900002,84.900002,83.900002,84.699997
2021-08-09,84.900002,87.300003,84.900002,87.300003
2021-08-10,86.5,89.5,85.400002,87.400002
2021-08-11,89.800003,90.900002,89,90.599998
2021-08-12,86.5,89.199997,84.800003,88.800003
2021-08-13,88.099998,90.400002,87.300003,90
2021-08-16,89.800003,93.099998,89.599998,91.5
2021-08-17,91.199997,93,90,90.5
2021-08-18,91,91,89,89.699997
2021-08-19,89.599998,89.699997,87.5,88.199997
2021-08-20,87.5,88.400002,86.699997,87
2021-08-23,86.199997,87.400002,86,86.199997
2021-08-24,86,87.099998,86,87
2021-08-25,87.099998,87.599998,86.699997,87.400002
2021-08-26,87.300003,87.699997,86.5,87
2021-08-27,87.800003,87.900002,86.699997,87.800003
2021-08-30,88.5,88.5,85.900002,87
2021-08-31,87.900002,88.099998,86.900002,87
2021-09-01,87.900002,90.599998,86.900002,90.300003
2021-09-02,90.699997,92,89.099998,91
2021-09-03,91.300003,91.400002,89.5,90.800003
2021-09-06,90.300003,91,89.199997,89.199997
2021-09-07,88.800003,90,88.800003,90
2021-09-08,88.5,89.599998,88.5,89.599998
2021-09-09,88,90.5,88,90.199997
2021-09-10,89.300003,91,89.300003,91
2021-09-13,90.400002,91.900002,90.400002,91.099998
2021-09-14,91.099998,91.5,90.300003,91.099998
2021-09-15,91,91.300003,90.5,90.900002
2021-09-16,90.099998,91,90,90.699997
2021-09-17,91,92,91,92
2021-09-20,92,92,89.5,90.900002
2021-09-21,90.300003,91.699997,90,91.199997
2021-09-22,92,94.199997,91.5,93.400002
2021-09-23,94.199997,94.900002,91.900002,94.300003
2021-09-24,94.5,94.599998,93,93
2021-09-27,93,93.900002,91.699997,92.099998
2021-09-28,93.099998,93.099998,89.599998,91.199997
2021-09-29,92,93,90.900002,90.900002
2021-09-30,92.099998,92.900002,91.900002,92.900002
2021-10-01,91.5,93.300003,91.5,92.800003
2021-10-04,92.800003,92.800003,90.099998,90.599998
2021-10-05,89.800003,91,88.699997,90.699997
2021-10-06,90.5,90.5,88.199997,88.800003
2021-10-07,89,90.5,88.800003,90.5
2021-10-08,89.599998,90.199997,89.199997,89.699997
2021-10-11,88.5,90.199997,88.199997,90.099998
2021-10-12,88.900002,90.300003,88.900002,90.300003
2021-10-13,91,92,90.5,92
2021-10-14,92,92.300003,91.199997,92
2021-10-15,92,92.199997,91.099998,91.900002
2021-10-18,92,92.699997,91,92
2021-10-19,91.800003,92.699997,91.800003,92.699997
2021-10-20,91.5,93,91.5,92.199997
2021-10-21,92,92.800003,91.599998,92.800003
2021-10-22,93,95,92.599998,93.5
2021-10-25,92.400002,94.800003,92.400002,94.199997
2021-10-26,94.900002,95,93.599998,95
2021-10-27,95,95,92.800003,94
2021-10-28,93,94.5,93,93.400002
2021-10-29,93.800003,93.900002,91.599998,93.099998
2021-11-01,93.199997,93.199997,91.900002,92.300003
2021-11-02,91.5,92.800003,90.900002,92.199997
2021-11-03,93,93.199997,91.599998,93.199997
2021-11-04,92.900002,94.800003,92.599998,94.199997
2021-11-05,94.199997,94.699997,92.800003,94
2021-11-08,94,96,94,95.5
2021-11-09,94.699997,95.699997,94.300003,94.900002
2021-11-10,94.199997,94.400002,93.400002,94.300003
2021-11-11,94.900002,95,93.800003,94.300003
2021-11-12,93.699997,94.099998,92.099998,93
2021-11-15,93,93,92.099998,92.099998
2021-11-16,92,92.800003,90.199997,91.900002
2021-11-17,91.599998,92.699997,90.900002,91
2021-11-18,91.900002,91.900002,89.599998,89.699997
2021-11-19,89,90.900002,88.300003,90.400002
2021-11-22,89.699997,90.5,89,89
2021-11-23,88.099998,88.400002,87.300003,87.300003
2021-11-24,87.199997,87.800003,86.699997,87
2021-11-25,86.5,89.300003,86.5,87.199997
2021-11-26,86,89,85.599998,88
2021-11-29,87.599998,89.599998,87.5,89.599998
2021-11-30,88.5,91.099998,87.900002,91.099998
2021-12-01,91.5,91.5,88.300003,88.800003
2021-12-02,89,89,86.300003,86.5
2021-12-03,87.599998,88,86.599998,86.599998
2021-12-06,87.5,87.800003,86.599998,87.300003
2021-12-07,89,90.599998,87.900002,90.300003
2021-12-08,89.5,93.400002,89.5,91.599998
2021-12-09,93,93,92,92.599998
2021-12-10,92,92.900002,92,92.900002
2021-12-13,92.099998,92.599998,90.199997,90.400002
2021-12-14,89,91.199997,88.699997,89.199997
2021-12-15,90.5,90.5,88.900002,89.099998
2021-12-16,89,91.199997,88.5,90.599998
2021-12-17,90.599998,90.699997,89.300003,90.5
2021-12-20,90.5,92.699997,89.300003,92.699997
2021-12-21,92.5,95,92.5,95
2021-12-22,95.099998,95.900002,94.5,95.5
2021-12-23,96,96,94.199997,96
2021-12-27,95.900002,96,94.599998,95.699997
2021-12-28,95.699997,97,95.400002,96.400002
2021-12-29,96.5,96.900002,94.800003,96.400002
2021-12-30,96.800003,97.800003,95.900002,97.800003
2022-01-03,97,100,97,97.5
2022-01-04,98,98.099998,95.900002,96
2022-01-05,95.300003,97.5,94.599998,97.5
2022-01-06,99.199997,99.199997,96.099998,97.900002
2022-01-07,97,98,95.5,97
2022-01-10,97.5,97.5,93,93
2022-01-11,94.5,95.900002,93.099998,95
2022-01-12,94.699997,96.400002,94.5,95.199997
2022-01-13,96.099998,96.099998,94.400002,94.699997
2022-01-14,95.400002,95.5,93.300003,93.5
2022-01-17,92.900002,94.199997,92.900002,93.699997
2022-01-18,92.400002,92.900002,90.099998,90.099998
2022-01-19,90.199997,92.199997,89.099998,91.900002
2022-01-20,91.099998,92.099998,91,91.800003
2022-01-21,90.699997,90.800003,89.099998,90.099998
2022-01-24,87,89.900002,85.900002,86
2022-01-25,86.099998,88.599998,85.800003,86
2022-01-26,85.900002,87.199997,85.800003,85.800003
2022-01-27,85.800003,87.699997,85.5,87.699997
2022-01-28,87.400002,87.400002,85.400002,86.699997
2022-01-31,86.699997,87.900002,86.199997,86.699997
2022-02-01,89,89,86.900002,88
2022-02-02,87.5,88.5,87.199997,88
2022-02-03,87.099998,87.800003,86.5,86.800003
2022-02-04,86.300003,86.800003,85.599998,86.199997
2022-02-07,85.699997,86.599998,85.400002,85.800003
2022-02-08,85.199997,86.099998,85,85.400002
2022-02-09,88.800003,88.800003,86,88.5
2022-02-10,87.699997,87.699997,85.900002,86.400002
2022-02-11,86.300003,86.800003,86,86
2022-02-14,85,85.5,82.800003,84.199997
2022-02-15,84,86.5,84,86.199997
2022-02-16,87.400002,87.699997,86.099998,86.699997
2022-02-17,87.400002,88.699997,84.800003,85.400002
2022-02-18,84.699997,85.300003,83.699997,84
2022-02-21,84.099998,84.400002,82.599998,83.199997
2022-02-22,81.900002,84,81.800003,83.300003
2022-02-23,82,84.199997,82,82.900002
2022-02-24,81.5,83.199997,79.5,82.800003
2022-02-25,79,83.099998,79,82.5
2022-02-28,80,82.599998,80,82.599998
2022-03-01,81.5,82.199997,80.099998,80.199997
2022-03-02,80,82,79.5,81.5
2022-03-03,82,82.5,79.599998,79.800003
2022-03-04,80.5,81.199997,78.400002,78.400002
2022-03-07,78,78,74.699997,77
2022-03-08,78,79.699997,76.699997,77
2022-03-09,79.900002,80.699997,77.800003,79.699997
2022-03-10,83.400002,83.400002,79.800003,80
2022-03-11,81,81.199997,79.099998,80
2022-03-14,81,81.900002,80.699997,81
2022-03-15,81.900002,81.900002,78.5,78.599998
2022-03-16,80.099998,83,79.900002,82.599998
2022-03-17,83.300003,83.5,81.699997,82.599998
2022-03-18,82.599998,85.800003,82.400002,85.800003
2022-03-21,85.800003,87.699997,84.800003,87.400002
2022-03-22,84,89,84,88.900002
2022-03-23,88.699997,89.599998,88,89.5
2022-03-24,89.5,89.900002,88.699997,88.900002
2022-03-25,86.099998,88.300003,85.900002,85.900002
2022-03-28,87.300003,88,86.099998,86.800003
2022-03-29,86.5,88.900002,86.300003,88.699997
2022-03-30,87.5,88.199997,86.400002,87.699997
2022-03-31,87.699997,88,87.099998,87.5
2022-04-01,86.5,87.699997,85.800003,86.699997
2022-04-04,86.900002,87.599998,86.300003,86.5
2022-04-05,87.5,87.599998,86.599998,87.199997
2022-04-06,87.800003,87.800003,84.800003,86.300003
2022-04-07,87.699997,87.699997,84.800003,84.800003
2022-04-08,84.5,85.5,83.900002,84.900002
2022-04-11,86,86,83.199997,83.199997
2022-04-12,81.900002,84.199997,81,81
2022-04-13,81.099998,82.5,79.900002,80.199997
2022-04-14,78.900002,80.5,78.599998,78.699997
2022-04-19,79.800003,80.199997,76.800003,77.599998
2022-04-20,78.599998,78.599998,76.800003,77.400002
2022-04-21,78.800003,78.800003,75.5,75.599998
2022-04-22,76.5,76.5,73.099998,73.099998
2022-04-25,73.5,73.5,70.800003,71.599998
2022-04-26,73,73.199997,71.099998,71.099998
2022-04-27,72,72.199997,70.300003,71.400002
2022-04-28,70.800003,72.300003,70.400002,70.699997
2022-04-29,72.900002,73.099998,71.400002,72.699997
2022-05-02,73.199997,73.199997,70.400002,70.800003
2022-05-03,72,73.5,70.599998,73.5
2022-05-04,74,74,70.199997,70.300003
2022-05-05,72.900002,72.900002,70.800003,71
2022-05-06,71,71.800003,70.099998,70.699997
2022-05-09,70.5,71.5,70.300003,70.699997
2022-05-10,70.599998,72.199997,70.599998,71.099998
2022-05-11,71,72.599998,71,72.599998
2022-05-12,70.599998,72,70.199997,70.900002
2022-05-13,70.5,71.900002,70.300003,71.900002
2022-05-16,72.099998,72.800003,71.599998,71.699997
2022-05-17,71,72.699997,71,72.199997
2022-05-18,73.699997,73.699997,70.900002,72.300003
2022-05-19,71,72.099998,71,72
2022-05-20,72.599998,73.099998,71.900002,72.400002
2022-05-23,73.699997,73.699997,71,71.800003
2022-05-24,73,73,70,70
2022-05-25,70.099998,72,70.099998,71.300003
2022-05-27,72.199997,73.599998,71.900002,73.400002
2022-05-30,73.599998,74.199997,72.099998,72.800003
2022-05-31,73.099998,75.300003,72.599998,72.599998
2022-06-01,73.699997,77,72.800003,74.400002
2022-06-02,75.099998,75.099998,72.900002,73.300003
2022-06-03,74.199997,74.199997,71.5,71.5
2022-06-07,71.199997,72.099998,70.300003,70.699997
2022-06-08,71,73.699997,71,71.800003
2022-06-09,71.599998,71.800003,70.800003,71.699997
2022-06-10,70.5,71.199997,70.199997,71
2022-06-13,69.900002,70.5,69.5,70
2022-06-14,70,70.300003,68.800003,68.900002
2022-06-15,68.5,70,68.400002,70
2022-06-16,69.5,70,68.5,68.5
2022-06-17,68.800003,70,68.800003,69.300003
2022-06-20,68.099998,70,68.099998,69.400002
2022-06-21,70,70.900002,69.099998,69.099998
2022-06-22,68.699997,70.099998,68,70
2022-06-23,69.099998,69.5,68.800003,69.300003
2022-06-24,69.599998,71.199997,69.5,71
2022-06-27,71.199997,71.900002,70.400002,70.900002
2022-06-28,70.400002,71.300003,70.400002,70.400002
2022-06-29,69.699997,70.400002,69.5,69.800003
2022-06-30,69.800003,69.800003,68.300003,69.199997
2022-07-01,68,69.5,68,69.5
2022-07-04,69.900002,70.900002,68.800003,70.199997
2022-07-05,70.199997,71.099998,69.599998,70.599998
2022-07-06,71,71.599998,70.699997,71
2022-07-07,70.5,72,70.5,70.800003
2022-07-08,70.5,71.400002,70.5,71.199997
2022-07-11,70.800003,72.900002,70.800003,72.199997
2022-07-12,71.199997,73.800003,71,73.099998
2022-07-13,73.599998,73.599998,70.300003,72.5
2022-07-14,71.5,72.900002,70,70.800003
2022-07-15,69.5,72.5,69.5,72.099998
2022-07-18,72.099998,73.900002,72.099998,73.199997
2022-07-19,72,73.800003,72,73.199997
2022-07-20,73.199997,74.099998,73.199997,73.699997
2022-07-21,73.599998,74.400002,73.5,74
2022-07-22,73.800003,74.800003,73.599998,74.300003
2022-07-25,74,75.5,74,75
2022-07-26,74.800003,76,74.800003,75.5
2022-07-27,74.599998,76.599998,74.599998,76
2022-07-28,76.199997,77.900002,76,77.400002
2022-07-29,74,78.300003,74,77.599998
2022-08-02,76.5,78.199997,76.5,78.099998
2022-08-03,75.699997,79.099998,75.699997,78.800003
2022-08-04,78,80.800003,77.699997,79.699997
2022-08-05,79.199997,80.5,78.900002,79.800003
2022-08-08,80.599998,81.5,80,80.800003
2022-08-09,79.5,81.199997,79.5,80.199997
2022-08-10,79,80.599998,79,80
2022-08-11,80.199997,81.400002,80.199997,81.199997
2022-08-12,81.5,85.599998,81.400002,84
2022-08-15,82.900002,84,82.599998,83.199997
2022-08-16,82,82.699997,80,82.699997
2022-08-17,82,83.199997,80.900002,82
2022-08-18,81.900002,82.599998,81.400002,82.099998
2022-08-19,81,81.900002,80.5,80.599998
2022-08-22,84.699997,84.699997,79.900002,80.599998
2022-08-23,80.099998,80.800003,79.400002,79.699997
2022-08-24,78.5,81.5,78.5,80.300003
2022-08-25,81.300003,81.800003,80.5,81.5
2022-08-26,81.599998,82,79.800003,80
2022-08-29,79.400002,80,78.5,78.800003
2022-08-30,78.800003,79.699997,77.400002,77.900002
2022-08-31,77.099998,79.199997,77,78.5
2022-09-01,77.599998,77.599998,76.400002,76.400002
2022-09-02,76.300003,77.5,76.199997,77.5
2022-09-05,76,76.099998,75,75
2022-09-06,74.800003,75.900002,74.599998,74.599998
2022-09-07,73.5,75.099998,73.5,74.699997
2022-09-08,74.900002,75.800003,74.599998,75.400002
2022-09-09,74.5,75.699997,74.5,74.800003
2022-09-12,75,75.800003,75,75.199997
2022-09-13,75.099998,76,73.900002,74.099998
2022-09-14,73.5,74.300003,73.099998,74
2022-09-15,74,75.099998,74,74.5
2022-09-16,73.800003,73.900002,73.199997,73.800003
2022-09-19,73,74.199997,72.300003,73.699997
2022-09-20,73.800003,73.800003,72.800003,73
2022-09-21,72,72.699997,71.5,72
2022-09-22,71,71.900002,69.800003,69.800003
2022-09-23,70.699997,70.699997,67.900002,69.099998
2022-09-26,66.599998,68.900002,66,68.699997
2022-09-27,69,69.099998,68.199997,68.699997
2022-09-28,68.599998,69.099998,68.199997,69.099998
2022-09-29,68.599998,69.199997,67.099998,67.599998
2022-09-30,67.599998,69.699997,67.599998,69.5
2022-10-03,69.300003,69.599998,67.800003,69
2022-10-04,68,71.099998,68,71
2022-10-05,71,71.599998,70.699997,71.199997
2022-10-06,70.5,72.300003,69.699997,70.5
2022-10-07,69.800003,70.300003,69,69.5
2022-10-10,68.5,68.900002,67.5,68.199997
2022-10-11,68.900002,69.199997,67.099998,67.800003
2022-10-12,68,68.300003,66.199997,66.900002
2022-10-13,68,69.699997,63.599998,65.300003
2022-10-14,66.400002,68.5,66.300003,67.599998
2022-10-17,67.800003,68.5,66.900002,68.199997
2022-10-18,68.400002,69,67.400002,67.400002
2022-10-19,69.699997,69.699997,66.300003,66.300003
2022-10-20,66.800003,67.199997,65.800003,66.900002
2022-10-21,67.5,67.5,66,67.199997
2022-10-24,68.199997,68.199997,67,67.400002
2022-10-25,67.699997,68.699997,67.699997,68.199997
2022-10-26,67.099998,68.699997,67.099998,68.5
2022-10-27,69,69,67.599998,67.699997
2022-10-28,67.800003,68.099998,67,67.599998
2022-10-31,67.699997,69,66.900002,69
2022-11-01,69.400002,70.800003,69.400002,69.699997
2022-11-02,70.699997,70.699997,69,70.400002
2022-11-03,70.400002,71.199997,69.5,70.300003
2022-11-04,70.400002,72,70.300003,71.5
2022-11-07,72.900002,74.099998,71.599998,72
2022-11-08,71.199997,73.199997,71,73.199997
2022-11-09,74.099998,74.199997,72.400002,74
2022-11-10,74.400002,76.400002,73.099998,75.800003
2022-11-11,75.800003,77.599998,75.599998,76.300003
2022-11-14,78.5,78.5,75.5,75.699997
2022-11-15,76,76.599998,75.800003,76.400002
2022-11-16,76.599998,76.599998,73.599998,74.599998
2022-11-17,75.5,76.300003,74.699997,75
2022-11-18,75.5,76,75.099998,75.099998
2022-11-21,73.800003,76,73.800003,76
2022-11-22,76.5,77,75.599998,77
2022-11-23,76.599998,77.400002,76.5,77.400002
2022-11-24,77.599998,77.800003,76.400002,76.5
2022-11-25,76.699997,76.699997,75.300003,76
2022-11-28,76.199997,76.199997,74.5,74.900002
2022-11-29,74.900002,74.900002,73.599998,73.599998
2022-11-30,75.800003,75.800003,73.900002,74.900002
2022-12-01,74.800003,75.5,74.199997,74.199997
2022-12-02,75.5,75.5,73.300003,73.599998
2022-12-05,74,74,72.599998,73.699997
2022-12-06,72.699997,72.900002,71.199997,71.599998
2022-12-07,71.599998,71.800003,70.199997,71
2022-12-08,70.800003,72.400002,70.800003,72.199997
2022-12-09,72.099998,73.199997,71.800003,72.900002
2022-12-12,74.599998,74.599998,72.800003,72.800003
2022-12-13,73,74.300003,72.699997,73
2022-12-14,73.800003,73.800003,72.599998,73.5
2022-12-15,72.099998,73.300003,72,72.599998
2022-12-16,72.400002,72.400002,70.599998,72.400002
2022-12-19,72,73.599998,72,73.199997
2022-12-20,73.300003,73.300003,70.699997,70.699997
2022-12-21,72,72.099998,70.900002,72
2022-12-22,71.900002,72.099998,71.300003,71.300003
2022-12-23,72,72.099998,71.400002,71.699997
2022-12-27,71.800003,72.400002,71.800003,72.300003
2022-12-28,71.599998,71.599998,71.300003,71.5
2022-12-29,71.699997,72.800003,71.5,72.199997
2022-12-30,72.800003,72.800003,71.5,71.800003
2023-01-03,71.400002,74,71.400002,72.599998
2023-01-04,71.900002,73.5,71.900002,73.5
2023-01-05,74,74,72.800003,73.599998
2023-01-06,73.199997,73.400002,72.699997,72.699997
2023-01-09,72.5,73.5,72.5,73.5
2023-01-10,72.5,73.400002,72.300003,72.599998
2023-01-11,72.099998,73.699997,72.099998,73.199997
2023-01-12,74,74,72.599998,72.599998
2023-01-13,72.599998,73.099998,71.900002,72
2023-01-16,73.400002,73.400002,72.099998,72.5
2023-01-17,73,73.400002,72.199997,72.900002
2023-01-18,72.699997,73.599998,72.599998,73
2023-01-19,73.300003,73.699997,72.599998,73
2023-01-20,73.900002,74,72.900002,73.900002
2023-01-23,73,74.5,73,74.400002
2023-01-24,74.400002,74.800003,73.699997,74.300003
2023-01-25,74,74,73.199997,73.5
2023-01-26,73.099998,74.800003,73.099998,74
2023-01-27,75,75,73.400002,73.800003
2023-01-30,73.400002,74.5,73.099998,73.800003
2023-01-31,74,74.300003,72.5,72.599998
2023-02-01,73.199997,73.400002,72.5,72.800003
2023-02-02,72.900002,74.199997,72.699997,74.199997
2023-02-03,75.099998,75.300003,73.800003,74.400002
2023-02-06,73.5,74.199997,73.5,74.199997
2023-02-07,74.400002,74.400002,73.5,74.400002
2023-02-08,75,75.599998,74,74.099998
2023-02-09,75,75,74.099998,74.300003
2023-02-10,74,74,72.800003,72.800003
2023-02-13,76.5,76.5,73.199997,73.900002
2023-02-14,74.099998,74.5,73.800003,74
2023-02-15,74.699997,74.900002,73.199997,73.400002
2023-02-16,73.099998,74.599998,73.099998,74.199997
2023-02-17,73.900002,74,73.199997,73.599998
2023-02-20,74,74,73.199997,73.199997
2023-02-21,73.199997,73.199997,72,72.599998
2023-02-22,72,72.800003,70.699997,72.400002
2023-02-23,72.699997,72.900002,71.199997,71.199997
2023-02-24,71.5,71.5,70.699997,71.400002
2023-02-27,71.400002,73.699997,70.800003,73.5
2023-02-28,72.800003,74.099998,72.800003,73.599998
2023-03-01,76,76,72.199997,72.599998
2023-03-02,76,76.599998,74.599998,74.900002
2023-03-03,76,76,73.099998,74.599998
2023-03-06,74.900002,75.5,73.900002,75.5
2023-03-07,75.199997,75.300003,74.699997,74.800003
2023-03-08,75,76,74.199997,75.699997
2023-03-09,75.599998,75.900002,75,75.400002
2023-03-10,74,74,72,72.300003
2023-03-13,73.099998,73.099998,71.5,72.5
2023-03-14,72.699997,74.5,71.5,74.5
2023-03-15,75,75,71.699997,72.5
2023-03-16,74,74,71.599998,73
2023-03-17,72.5,73.199997,71.400002,73.199997
2023-03-20,71.900002,74.699997,71.400002,74.699997
2023-03-21,74.900002,76.5,74.599998,76.099998
2023-03-22,75.300003,75.699997,75.099998,75.199997
2023-03-23,74.400002,75.199997,74.199997,75.099998
2023-03-24,76.5,76.5,73.5,73.599998
2023-03-27,74.699997,75.5,73.800003,74.400002
2023-03-28,74.800003,75.699997,74.300003,74.599998
2023-03-29,75.699997,75.699997,75.099998,75.599998
2023-03-30,75.400002,75.699997,75,75
2023-03-31,74.300003,75.5,74.099998,74.900002
2023-04-03,74,75,74,74.400002
2023-04-04,75,76,74.400002,75.5
2023-04-05,75.300003,75.900002,75.199997,75.5
2023-04-06,75.900002,77.099998,75.800003,77.099998
2023-04-11,78,78,76.900002,78
2023-04-12,77,77.900002,76.5,76.900002
2023-04-13,77,78.300003,77,78.300003
2023-04-14,77.900002,83,77.699997,83
2023-04-17,81.599998,84.300003,81.300003,82.199997
2023-04-18,82,82.5,81.300003,82.400002
2023-04-19,82.5,82.5,81.5,81.800003
2023-04-20,81.599998,83,81.199997,82.900002
2023-04-21,83,83,81.400002,82.300003
2023-04-24,83,83,81.400002,82
2023-04-25,82,84.199997,81.099998,84.199997
2023-04-26,83.300003,84,82.5,83.599998
2023-04-27,82.099998,83,81.900002,82
2023-04-28,82.699997,83.300003,81.900002,83
2023-05-02,82.300003,83.800003,82,82
2023-05-03,81,82,81,81.199997
2023-05-04,80.800003,81.699997,80.199997,80.800003
2023-05-05,80.699997,81.199997,80.099998,80.699997
2023-05-08,81,81.400002,80.699997,81.199997
2023-05-09,81.199997,81.199997,80.099998,80.800003
2023-05-10,80.800003,80.800003,80.400002,80.800003
2023-05-11,81.5,81.5,80.300003,80.300003
2023-05-12,80.199997,81,80.099998,80.800003
2023-05-15,80.800003,81.599998,79.800003,81.599998
2023-05-16,81.699997,82.5,81.400002,81.699997
2023-05-17,80.800003,81.199997,80.5,80.5
2023-05-19,82.800003,82.800003,80.199997,80.400002
2023-05-22,80.699997,81,80,80.800003
2023-05-23,80.400002,80.699997,80.300003,80.400002
2023-05-24,81,81,77.800003,78.300003
2023-05-25,77.599998,77.699997,75.400002,75.400002
2023-05-26,76,77.199997,75.800003,76
2023-05-30,75.900002,76.900002,75.699997,76.900002
2023-05-31,76.599998,76.900002,75.099998,75.599998
2023-06-01,75.800003,77.300003,75.099998,77.300003
2023-06-02,77.5,79,77.099998,79
2023-06-05,79.699997,80.699997,78.400002,80.699997
2023-06-06,80,81.400002,79.900002,80.900002
2023-06-07,81.400002,81.5,80.5,80.800003
2023-06-08,78.800003,81,77.800003,80.5
2023-06-09,80.5,81.800003,80,80.900002
2023-06-12,79,81,79,81
2023-06-13,81,81,79.800003,80.5
2023-06-14,80.400002,81.5,79.599998,81.5
2023-06-15,79.900002,82,79.900002,82
2023-06-16,81.900002,82.5,80.300003,82.5
2023-06-19,82.900002,83.900002,82,82.199997
2023-06-20,80.800003,80.800003,80,80
2023-06-21,80.099998,80.300003,78.599998,80
2023-06-22,79.800003,80.400002,79.800003,80.400002
2023-06-23,80.099998,80.800003,79.599998,80.400002
2023-06-26,79.5,81.099998,79.199997,81.099998
2023-06-27,80.599998,81.099998,79,79.800003
2023-06-28,79.5,81.099998,78.800003,81
2023-06-29,80.099998,81.400002,79.800003,80.699997
2023-06-30,80.199997,82.5,80.199997,82.199997
2023-07-03,78.300003,82.400002,78.300003,81.900002
2023-07-04,81.900002,82.400002,81.300003,82.199997
2023-07-05,81.900002,82,80.900002,81.300003
2023-07-06,81,81,80,80.300003
2023-07-07,80,81.5,80,81.300003
2023-07-10,81.599998,84,81.400002,84
2023-07-11,83.699997,84.800003,83,84.800003
2023-07-12,84.900002,85.599998,83.300003,84.5
2023-07-13,84.400002,84.599998,83,83.599998
2023-07-14,83,83,81.099998,82.599998
2023-07-17,82.300003,82.699997,81.400002,82.599998
2023-07-18,82.699997,82.800003,81.400002,82.199997
2023-07-19,82.300003,82.599998,81.800003,82.400002
2023-07-20,82.599998,82.599998,82,82.400002
2023-07-21,82.5,82.5,80.599998,80.599998
2023-07-24,80.300003,80.800003,79.5,80.400002
2023-07-25,80.099998,83,79.800003,83
2023-07-26,82.699997,82.699997,81.099998,81.199997
2023-07-27,81.400002,82.800003,81.400002,82.300003
2023-07-28,82.5,82.5,82.199997,82.400002
2023-07-31,82.400002,82.400002,80.599998,81
2023-08-02,81,82.099998,80.800003,81.099998
2023-08-03,81,81,80.099998,80.300003
2023-08-04,80.5,80.900002,79.699997,80.900002
2023-08-07,80.699997,81.800003,80.300003,81.300003
2023-08-08,81.300003,81.300003,80.300003,80.900002
2023-08-09,80.599998,82.300003,80.599998,81
2023-08-10,81.199997,82.599998,80.199997,82.099998
2023-08-11,81.800003,81.800003,80,80.300003
2023-08-14,80.300003,80.900002,80,80.699997
2023-08-15,80.400002,80.400002,79,79.800003
2023-08-16,80.099998,80.900002,79.599998,79.800003
2023-08-17,80.099998,82.099998,79.5,80.5
2023-08-18,80.800003,82.900002,79.599998,82.900002
2023-08-21,83,83.5,81.5,83.5
2023-08-22,83.400002,85.199997,83.400002,84.599998
2023-08-23,84.900002,86.800003,84.699997,86.199997
2023-08-24,86.5,87.599998,86.199997,87.300003
2023-08-25,87.5,87.699997,86.300003,87
2023-08-28,87,87.300003,86,86
2023-08-29,86.300003,87.300003,85.699997,86.800003
2023-08-30,86.599998,87.699997,86.300003,87.699997
2023-08-31,87.699997,89.5,87.5,89.400002
2023-09-01,89,89.800003,88.800003,89.800003
2023-09-04,89.5,90.5,89.099998,90.5
2023-09-05,90.300003,91.800003,90,91.800003
2023-09-06,91.300003,93.300003,91.099998,93.199997
2023-09-07,92.699997,93.900002,92.400002,93.800003
2023-09-08,93.5,94.5,93,94.5
2023-09-11,94.5,94.900002,93.300003,94.5
2023-09-12,93.5,94.599998,93,93.900002
2023-09-13,93.900002,94.400002,93.699997,94.199997
2023-09-14,93.900002,95.300003,93.900002,94.900002
2023-09-15,94.5,95.5,93.099998,95.5
2023-09-18,96,96.5,94.900002,96
2023-09-19,95.800003,97.400002,95.400002,95.400002
2023-09-20,95.900002,98.900002,95.800003,98.900002
2023-09-21,97.800003,98.5,97.099998,97.900002
2023-09-22,98.599998,98.599998,97.300003,98
2023-09-25,99,99,96.5,97
2023-09-26,96.599998,96.599998,93.599998,93.800003
2023-09-27,93.400002,94.599998,93,93
2023-09-28,93.400002,94.900002,92.699997,94.900002
2023-09-29,94.599998,95.800003,94.599998,95.5
2023-10-02,95.199997,95.199997,93.599998,93.699997
2023-10-03,93.300003,93.599998,92.199997,92.699997
2023-10-04,92.300003,92.400002,90.599998,91.300003
2023-10-05,91.300003,91.699997,91.099998,91.099998
2023-10-06,90.699997,91.5,90.199997,90.900002
2023-10-09,90.5,91.099998,89.199997,89.599998
2023-10-10,90.300003,91.699997,89.800003,90.599998
2023-10-11,89.599998,91.5,89.599998,91.099998
2023-10-12,91.5,92.599998,91.099998,91.400002
2023-10-13,90.900002,92.300003,90.400002,91.199997
2023-10-16,90.800003,91.199997,90.400002,90.900002
2023-10-17,90.699997,92.300003,90.699997,92.099998
2023-10-18,91.900002,91.900002,89.5,89.800003
2023-10-19,89,90.300003,89,89.900002
2023-10-20,89.5,89.699997,88.800003,88.900002
2023-10-23,88.5,88.599998,87.400002,88.599998
2023-10-24,88.099998,88.699997,87.900002,88.699997
2023-10-25,88.800003,89.400002,88.300003,89.400002
2023-10-26,89.400002,89.5,88.099998,89.300003
2023-10-27,88.800003,89,86.699997,87.400002
2023-10-30,87.199997,87.800003,87.099998,87.599998
2023-10-31,87.900002,89.199997,87.199997,89.199997
2023-11-01,89.699997,89.699997,88,88.900002
2023-11-02,88.699997,90,88.699997,89.300003
2023-11-03,89.099998,91.599998,89.099998,91.300003
2023-11-06,91.5,92.400002,90.699997,92.300003
2023-11-07,92.300003,92.300003,89.199997,89.699997
2023-11-08,89.300003,89.300003,88,88.400002
2023-11-09,88.099998,89,87.5,88.300003
2023-11-10,88.800003,88.800003,87.699997,88.599998
2023-11-13,89.099998,89.099998,88,88.5
2023-11-14,88.5,92.400002,88.199997,92.400002
2023-11-15,92.400002,93,92,92.5
2023-11-16,92.400002,93,92.300003,92.5
2023-11-17,92.900002,95,92.800003,93.099998
2023-11-20,92.800003,92.800003,91.800003,92.400002
2023-11-21,92.699997,92.900002,91.599998,92.5
2023-11-22,92.400002,94.300003,91.800003,94.199997
2023-11-23,94.300003,94.300003,92.800003,93
2023-11-24,92.400002,93.5,92.300003,93
2023-11-27,93.5,93.5,92.199997,92.699997
2023-11-28,92.099998,92.599998,91.099998,92.199997
2023-11-29,91.599998,93.199997,91.599998,93.199997
2023-11-30,93,94.599998,93,94.599998
2023-12-01,94.199997,94.900002,93.800003,94.599998
2023-12-04,94.599998,94.599998,90.699997,90.699997
2023-12-05,90.900002,91.300003,89.300003,90.900002
2023-12-06,91.400002,91.800003,90.599998,91.5
2023-12-07,91.199997,92.5,91,92.5
2023-12-08,92.5,93.300003,92.5,92.699997
2023-12-11,92.400002,93.300003,91.5,92.599998
2023-12-12,92.099998,92.699997,91.300003,92.599998
2023-12-13,92.599998,93.599998,92,93.5
2023-12-14,94,95.900002,93.599998,95.900002
2023-12-15,95.400002,95.400002,94.099998,94.699997
2023-12-18,94.699997,95.199997,93.800003,95
2023-12-19,94.199997,96.599998,94.199997,96.5
2023-12-20,96.300003,97.5,96,97.5
2023-12-21,96.900002,97.900002,96.5,97.400002
2023-12-22,98,98,97,97.699997
2023-12-27,97.699997,98,97.099998,98
2023-12-28,98,98.599998,97,98.400002
2023-12-29,98.800003,98.800003,97.400002,98.199997
2024-01-03,98,98.199997,94.5,95.699997
2024-01-04,95.099998,96.900002,94.900002,96.699997
2024-01-05,96.699997,96.800003,95.400002,96
2024-01-08,95.400002,95.699997,94.400002,95.099998
2024-01-09,95.400002,95.800003,93.900002,95.300003
2024-01-10,95,96.5,94.800003,96.400002
2024-01-11,97,97.099998,95.900002,96.599998
2024-01-12,97.199997,98,96.800003,97.699997
2024-01-15,97.099998,97.5,95.900002,96.199997
2024-01-16,95.800003,97,94.400002,97
2024-01-17,96,96.300003,95,96.300003
2024-01-18,96.099998,97.900002,96.099998,97.800003
2024-01-19,97.599998,99.199997,97.599998,97.699997
2024-01-22,97.900002,99.5,97.800003,98.699997
2024-01-23,98.800003,99.5,98.699997,99.5
2024-01-24,99.099998,100,98.5,100
2024-01-25,99.900002,100,99.099998,99.5
2024-01-26,100,100,99.5,100
2024-01-29,99.5,100,99.099998,100
2024-01-30,100,102,100,100.6
2024-01-31,101.2,102,101,101.8
2024-02-01,102,102,100.4,101.2
2024-02-02,101.6,102.4,100.4,102.4
2024-02-05,101.8,102.4,100,100
2024-02-06,100.6,102.4,98.900002,102.4
2024-02-07,102.4,103.4,101,103
2024-02-08,103.6,105.2,103.4,104.6
2024-02-09,104.6,105.8,103.2,104.6
2024-02-12,104.8,106.4,104.8,106
2024-02-13,106,106,104.2,104.8
2024-02-14,104.4,107.4,104.4,106.4
2024-02-15,107,110,107,110
2024-02-16,110,110.2,108.8,110.2
2024-02-19,110.6,110.6,108.8,109.8
2024-02-20,110.6,110.6,107.4,108.2
2024-02-21,107.6,109.8,107.6,109
2024-02-22,109.6,110,108.2,109.2
2024-02-23,109.6,111,109.4,111
2024-02-26,111.4,112.8,111,112
2024-02-27,112.8,112.8,110.4,110.6
2024-02-28,111,111,107.8,110.2
2024-02-29,112.4,113.2,111,111
2024-03-01,108.8,111.4,107.2,109.4
2024-03-04,109.8,110.8,108.8,110
2024-03-05,110,110,108.4,109.2
2024-03-06,109.4,109.4,108.4,109.4
2024-03-07,109,111,109,111
2024-03-08,110.2,111.4,109.6,110.4
2024-03-11,109.2,109.6,105.8,108
2024-03-12,108.8,109.8,108,109.8
2024-03-13,110,110.8,109.2,110.6
2024-03-14,110.2,110.8,109.6,109.6
2024-03-15,109.2,111,109.2,110.8
2024-03-18,111,111,109,109.6
2024-03-19,109.2,109.4,108.4,108.8
2024-03-20,109.2,109.4,108,109
2024-03-21,109.4,110.6,108.8,109.6
2024-03-22,109.2,109.8,108,109
2024-03-25,109.4,110.8,109.2,110.8
2024-03-26,110.8,111.6,109.6,110.4
2024-03-27,110.6,111,110,110
2024-03-28,110.4,110.6,109.8,110
2024-04-02,110,111,109.6,109.6
2024-04-03,109.6,109.6,108.4,109.6
2024-04-04,109.2,109.4,107.8,109.2
2024-04-05,109.4,110.2,108.2,110
2024-04-08,110.4,111.4,110.2,110.6
2024-04-09,110.2,111,108,108.2
2024-04-10,106.8,107.8,105.4,107.8
2024-04-11,107.6,109,106.8,107.8
2024-04-12,108.2,110.2,107.4,107.4
2024-04-15,107,108,106.6,106.6
2024-04-16,106.4,106.4,105,105.4
2024-04-17,105.2,106.2,105,105
2024-04-18,105,105.8,104,104
2024-04-19,103.8,104,103,104
2024-04-22,104.4,105.6,103.6,104
2024-04-23,104,106.8,104,105.4
2024-04-24,105.2,106.2,104.8,105
2024-04-25,105,105.8,103.4,104
2024-04-26,104.8,105.4,104,104.8
2024-04-29,105.2,106,105.2,105.4
2024-04-30,105.6,106.6,105,106.2
2024-05-02,106.6,107.8,105.8,106.2
2024-05-03,106.4,108,106.4,107.6
2024-05-06,107.8,108.4,107.2,108.2
2024-05-07,108.6,108.8,108,108.6
2024-05-08,108.8,111.8,108.8,110.2
2024-05-10,110,113.4,110,113.2
2024-05-13,112.6,113.4,110.4,110.4
2024-05-14,110.8,111,110,110
2024-05-15,110,110.4,108,109.6
2024-05-16,109.2,110,108.6,109
2024-05-17,109.4,109.4,107.2,107.6
2024-05-21,108.2,110,108.2,110
2024-05-22,110,111.8,109.6,110.8
2024-05-23,110.6,112,110,110.4
2024-05-24,109.8,111.2,109.8,111.2
2024-05-27,110.8,112,110.6,112
2024-05-28,111.8,113.8,111.8,112.8
2024-05-29,112,112,109.4,111.2
2024-05-30,111.4,111.8,110.6,111.4
2024-05-31,111.8,112.8,111,112
2024-06-03,112,113.2,111,111.6
2024-06-04,113,113,111,111.6
2024-06-05,111.2,112.8,111.2,112.6
2024-06-06,112.6,114.6,112.6,114.4
2024-06-07,114.6,114.8,113.8,114
2024-06-10,114,114,112.4,114
2024-06-11,113.6,114,112.8,113.2
2024-06-12,113.6,116,113.2,115.4
2024-06-13,114.6,114.6,111.2,111.6
2024-06-14,112,112.2,109.4,110.2
2024-06-17,110.2,111,109.8,110.6
2024-06-18,111,111.6,109.8,111.2
2024-06-19,110.8,114.4,110.8,113.2
2024-06-20,113.6,114.4,112.6,114
2024-06-21,113.6,114.8,113.4,113.8
2024-06-24,114.2,115.2,113.4,114.8
2024-06-25,115,115,113.2,114.4
2024-06-26,114,115.2,113.8,114.6
2024-06-27,115,115.8,114.2,115.8
2024-06-28,115.8,117.2,115,115.2
2024-07-01,116,118.4,115.6,116.4
2024-07-02,116.4,117.6,115.4,117
2024-07-03,117.2,117.4,115.6,116.6
2024-07-04,117,118.8,116.6,118
2024-07-05,118.4,119,117.4,118.6
2024-07-08,119,120.6,118.2,118.8
2024-07-09,119.2,119.4,118,118.2
2024-07-10,118.2,120,118.2,119.6
2024-07-11,120.6,121.4,119.8,121
2024-07-12,120,120.4,119,119
2024-07-15,119.4,119.8,117.8,117.8
2024-07-16,118,118.2,116.6,117.8
2024-07-17,117.6,117.6,116.2,116.2
2024-07-18,116.6,117.2,115.6,116.4
2024-07-19,116.8,117.2,115.6,115.8
2024-07-22,115.8,118,115.6,118
2024-07-23,118,118,117.4,117.4
2024-07-24,117,117.6,116.4,116.6
2024-07-25,116.2,116.8,114.6,116.6
2024-07-26,116.4,119.2,116.2,118.6
2024-07-29,118.8,119.6,118,118.4
2024-07-30,118,120,117.8,119.6
2024-07-31,118,119.2,117.8,118.6
2024-08-02,117.2,117.6,115,115.4
2024-08-05,113.6,114.2,111.8,114.2
2024-08-06,115.4,117.2,114.2,116.4
2024-08-07,116,120,116,119.4
2024-08-08,119.2,119.2,115.4,116.8
2024-08-09,119,120,117.4,118.8
2024-08-12,119.6,120.8,119.2,120
2024-08-13,120.4,121,119.6,120.4
2024-08-14,120.8,121.8,120.4,121.8
2024-08-15,122,122.8,121.4,121.8
2024-08-16,122.8,124.8,122,124.2
2024-08-19,123.8,125.6,123.2,125.2
2024-08-20,126.6,126.6,124.6,125.6
2024-08-21,125.2,127.6,125.2,126.8
2024-08-22,127,128.60001,127,127
2024-08-23,127.4,129,125.6,129
2024-08-26,128,128.39999,126.8,126.8
2024-08-27,126.8,128.60001,126.8,128
2024-08-28,128.39999,128.39999,127,127.2
2024-08-29,127,128.2,127,128
2024-08-30,127.6,128.2,127,127.4
2024-09-02,127,128.60001,127,127.8
2024-09-03,127.4,128.60001,126.8,126.8
2024-09-04,126.4,126.4,124.6,124.6
2024-09-05,124.6,125.2,123.4,123.6
2024-09-06,123.8,124.2,121.8,121.8
2024-09-09,122.6,124.4,122.6,124.4
2024-09-10,124.6,124.8,123.4,124.4
2024-09-11,124.4,125.8,124,124
2024-09-12,124.4,126.6,124.4,126.4
2024-09-13,126.2,127.2,125.4,127
2024-09-16,129,129,126.6,126.8
2024-09-17,127.2,128.2,127.2,127.6
2024-09-18,127.8,129,127.6,128.2
2024-09-19,129,129,128,128.4
2024-09-20,128,128.6,125.2,127.8
2024-09-23,127.4,130.8,127.4,130.2
2024-09-24,130.6,130.6,129,129.6
2024-09-25,129.4,131,129.4,130.2
2024-09-26,130,133.4,130,133.4
2024-09-27,133,134.4,132.2,133.6
2024-09-30,133.6,135.4,133.4,135.4
2024-10-01,136,136.4,132.8,133.8
2024-10-02,133.6,135,132,132.8
2024-10-03,132.6,134,131.8,133.4
2024-10-04,133.6,135.8,133,134.4
2024-10-07,135.6,136.8,134.6,134.8
2024-10-08,135,137.4,134.6,136.2
2024-10-09,136.6,136.6,135.4,135.4
2024-10-10,135.8,136.2,133.8,135
2024-10-11,135,137,135,136.6
2024-10-14,136.4,139.4,136,138.8
2024-10-15,139,140.8,139,139.2
2024-10-16,139,139.8,138,139.6
2024-10-17,139.4,141.2,139,141.2
2024-10-18,141.2,144.4,141.2,143.6
2024-10-21,144.2,145,143.6,143.8
2024-10-22,143.6,144.2,142.2,144.2
2024-10-23,144.6,145,142.8,142.8
2024-10-24,143.2,144,142.4,142.8
2024-10-25,143,143.2,142,142.6
2024-10-28,144,145.2,143,143.6
2024-10-29,143.6,144,142.8,143.4
2024-10-30,143.4,143.6,139.6,139.6
2024-10-31,139,139.4,137.6,139.4
2024-11-01,139.4,139.8,138.6,139.4
2024-11-04,139.2,139.2,138,138.2
2024-11-05,138.2,139,137.4,138.8
2024-11-06,139,140.6,138,140.6
2024-11-07,141.2,142.8,141.2,141.6
2024-11-08,140,142.2,139.4,141.2
2024-11-11,142.2,143,141.2,141.4
2024-11-12,140.8,141.8,140,140.6
2024-11-13,139.2,141.8,138.8,141.8
2024-11-14,142,142.4,141,141.6
2024-11-15,140.2,141.4,139.2,141
2024-11-18,141.4,141.4,139.6,140.6
2024-11-19,140,141,138.6,140.2
2024-11-20,139.8,142,139,139.8
2024-11-21,140.2,140.8,138.8,140.6
2024-11-22,140.8,141.6,140.6,140.8
2024-11-25,141.2,142.8,141,142.2
2024-11-26,141.4,141.6,139.6,140.8
2024-11-27,140.4,142.2,139.6,142
2024-11-28,142.4,146,142.4,146
2024-11-29,146.2,146.4,144.6,145.8
2024-12-02,146.8,150.4,146.6,150
2024-12-03,148.2,151,148.2,148.8
2024-12-04,146.2,149,146,146.8
2024-12-05,147.6,148.6,146.2,146.6
2024-12-06,146.6,146.6,144.4,144.8
2024-12-09,145.6,145.6,141.4,141.6
2024-12-10,141.8,145,141.6,144.4
2024-12-11,144,145.6,143.8,145
2024-12-12,144.6,144.8,142.8,143.8
2024-12-13,143.8,144.8,142.2,143
2024-12-16,142.6,143.2,141.6,142.8
2024-12-17,142.4,143.8,141.8,143
2024-12-18,143.4,143.8,142.4,142.4
2024-12-19,142.4,142.4,140.8,141
2024-12-20,140,142,139.4,141
2024-12-23,141,142.8,140,142.8
2024-12-27,143,144.8,142,144.8
2024-12-30,145.2,145.2,142.4,144
2025-01-03,145.4,149,144.8,148.6
2025-01-06,149.8,150.6,149.2,150.4
2025-01-07,150,151.6,147.6,149.2
2025-01-08,149.4,151.8,149.4,150.8
2025-01-09,151.2,152,150.8,151.6
2025-01-10,151.6,152.6,150,150.4
2025-01-13,149.8,150.6,147.8,149.4
2025-01-14,149.4,150.2,148,149.4
2025-01-15,149.2,153.2,148.6,153
2025-01-16,153,153.8,152,153.2
2025-01-17,153.2,154.4,153.2,154
2025-01-20,153.6,154,152.6,152.6
2025-01-21,152.8,155,152.6,155
2025-01-22,155,155.2,154.4,155.2
2025-01-23,156,156,154.8,155
2025-01-24,156,156,153.6,154.6
2025-01-27,153.8,153.8,152.2,153
2025-01-28,153.4,154.6,153,154.2
2025-01-29,154,155.6,153.8,154.4
2025-01-30,154,156.4,154,156.2
2025-01-31,157,157.2,156.2,157
2025-02-03,155.6,156,154.4,155
2025-02-04,155.8,157.2,155.4,156.2
2025-02-05,156.4,157.2,155.4,157
2025-02-06,157.6,158.8,157.2,158.8
2025-02-07,158.8,158.8,157.6,157.8
2025-02-10,158,159.6,157.6,159.2
2025-02-11,159.6,160.2,158.8,159.2
2025-02-12,159.6,159.6,158.2,159
2025-02-13,160,161.2,159,160
2025-02-14,160.4,160.8,157.4,159.4
2025-02-17,159.6,160.4,159.4,160
2025-02-18,160.6,161.8,160.2,161.2
2025-02-19,161.2,162,160.2,161
2025-02-20,161.2,162,160.2,161.4
2025-02-21,162,162.8,160.4,160.4
2025-02-24,160,160.6,153.8,154.4
2025-02-25,153.4,154.4,150.2,151.2
2025-02-26,151.4,154.4,151.4,154.2
2025-02-27,154.4,154.6,153,154.2
2025-02-28,155,157.8,145.4,152
2025-03-03,152,156.6,152,155.4
2025-03-04,154.8,155,152,152.6
2025-03-05,153.6,157.8,153.6,155.6
2025-03-06,156,156.8,154,155.6
2025-03-07,154.2,157.4,152.2,157.2
2025-03-10,157,157.4,153.4,154
2025-03-11,154,155.4,152.8,152.8
2025-03-12,153.2,157.8,153.2,156.8
2025-03-13,156.4,157.8,154.8,155.4
2025-03-14,155.4,160,154.6,159.4
2025-03-17,159.2,159.8,157.6,159.4
2025-03-18,160,162.2,160,161.4
2025-03-19,161,163.2,160.4,162.4
2025-03-20,162.6,164.6,161,164.4
2025-03-21,163.6,165.4,163,165.4
2025-03-24,167,170.2,166.2,169.4
2025-03-25,169.8,172.4,169.2,171.2
2025-03-26,171.4,172.6,170,170.4
2025-03-27,169.8,170.6,168.8,170.6
2025-03-28,170.4,170.4,167.8,169
2025-03-31,168,169,167.2,168.6
2025-04-01,169.2,170.2,167.8,169.4
2025-04-02,168.8,170.4,167.6,170.4
2025-04-03,167,168.6,165.6,168
2025-04-04,165,166,149.8,151
2025-04-07,140,153.2,131.4,145.6
2025-04-08,150,155,148,153.4
2025-04-09,150.6,152,146.2,148
2025-04-10,166,166,153.4,154.8
2025-04-11,153,153.4,149.6,153
2025-04-14,154.2,155.2,151.4,154
2025-04-15,154,158,153.2,158
2025-04-16,156.6,157.4,153.8,157.4
2025-04-17,156.2,156.6,154,156.6
2025-04-22,157.2,157.8,154.4,157.6
2025-04-23,160.2,161,158.8,160.4
2025-04-24,159.8,161.6,159.2,161.4
2025-04-25,162.2,165.6,161.8,165.6
2025-04-28,166.4,167.8,165.2,167.2
2025-04-29,168,170.4,167,170.4
2025-04-30,170.4,171.2,167,169.8
2025-05-02,170,173.4,169,173.4
2025-05-05,173.8,175.4,172.6,174.8
2025-05-06,174.6,175,173,175
2025-05-07,174,177.4,174,175.8
2025-05-08,176.6,179.6,176.4,176.8
2025-05-09,177.2,177.6,176.2,177
2025-05-12,180,181,177,178.4
2025-05-13,178.8,180.6,176.8,178
2025-05-14,178.4,178.4,177.2,177.8
2025-05-15,177.8,179.6,177.2,178
2025-05-16,178.4,179,177.6,178.8
2025-05-19,178.4,179.8,176.6,179.4
2025-05-20,179.8,179.8,175.8,176.4
2025-05-21,175.8,176,174.4,175.6
2025-05-22,176,176,173.8,175
2025-05-23,175.2,175.2,169.8,173
2025-05-26,175.6,177.2,175,177
2025-05-27,176.6,178.4,176.6,177.2
2025-05-28,176.6,177.2,175,175
2025-05-30,175.2,176.2,174,174.6
2025-06-02,175.4,177.4,175.4,177.4
2025-06-03,177.2,178.6,175.4,175.8
2025-06-04,176.2,176.6,174.2,174.6
2025-06-05,174.6,175.4,173.4,175
2025-06-06,175.2,175.8,174.2,175.8
2025-06-10,176.2,176.2,171.2,171.8
2025-06-11,171.8,172.2,169.4,171
2025-06-12,170.4,170.8,168.2,169.8
2025-06-13,169,169,166.6,167.6
2025-06-16,167.8,168.8,167,167
2025-06-17,166,167.2,165,166
2025-06-18,166.4,166.8,165.8,166.6
2025-06-19,165,165.6,163.6,164.8
2025-06-20,164.8,166.4,164.2,164.6
2025-06-23,163.6,165.2,163.4,164.8
2025-06-24,166,168,165.2,165.6
2025-06-25,166.4,167.4,165.2,166
2025-06-26,166.4,168.8,166.4,168.2
2025-06-27,169.4,170,168.4,169
2025-06-30,170.6,174.6,170.6,173.6
2025-07-01,174.2,174.2,168.4,169.2
2025-07-02,170,170.4,167,167.8
2025-07-03,168.2,170.2,167,170.2
2025-07-04,169.8,169.8,167.8,168.2
2025-07-07,168.6,172.2,168.4,171.4
2025-07-08,172,174.6,172,173.2
2025-07-09,173.2,175.6,173.2,174.2
2025-07-10,174.8,175.2,173.2,173.8
2025-07-11,173,174.4,172.4,174
2025-07-14,173.2,174,170.8,173.2
2025-07-15,173.6,175,171.8,173.2
2025-07-16,172,176.6,171.4,175.4
2025-07-17,177,177.6,175.6,177.4
2025-07-18,178,180.2,177.2,180.2
2025-07-21,181,183.4,180.2,181
2025-07-22,180.4,180.8,176.6,178
2025-07-23,178.8,180,177,177.6
2025-07-24,177,178.6,174.6,175.2
2025-07-25,174.6,174.8,170.2,170.6
2025-07-28,170.8,172.4,169.2,169.2
2025-07-29,169,172,168.6,170.8
2025-07-30,170.2,171.2,169.6,171
2025-07-31,171,174.2,171,172.6
2025-08-04,169.2,172.4,166,172.2
2025-08-05,172.6,173.6,170,170
2025-08-06,170.6,171.2,168.6,170
2025-08-07,170.4,173.4,170.2,171.4
2025-08-08,171.4,171.4,169.6,170
2025-08-11,170,171.2,169.4,170.6
2025-08-12,171.2,172.2,169,169.6
2025-08-13,170.2,172.4,169.8,171.4
2025-08-14,171,172.6,170,170.8
2025-08-15,170,170.6,161.4,169.8
2025-08-18,170.4,177.2,170.2,176.4
2025-08-19,175.8,176.4,173.2,174.8
2025-08-20,173.4,174.8,173,174.8
2025-08-21,174.6,178.2,174.6,178.2
2025-08-22,177.6,178,174.4,176.8
2025-08-25,177,182.4,176.8,181.4
2025-08-26,180.6,181,177.4,178.8
2025-08-27,179,179.2,177.2,178.2
2025-08-28,178.8,180,177.2,180
2025-08-29,180.2,182.6,180,181.2
2025-09-01,180.6,181.6,179.8,181.6
2025-09-02,181,181.8,174.4,174.8
2025-09-03,175.8,178,174.6,177.6
2025-09-04,178,180,176.8,180
2025-09-05,180.4,181.8,179.2,179.8
2025-09-08,180,182.4,180,182
2025-09-09,182,182.2,175.8,177
2025-09-10,177.8,180,177.2,177.8
2025-09-11,178,178.8,176.2,177.2
2025-09-12,177.4,178.2,176.8,176.8
2025-09-15,177,178.8,176.6,176.6
2025-09-16,176.6,177.4,172.4,172.4
2025-09-17,172.4,173.4,169.4,169.4
2025-09-18,169.6,172.2,168.4,169.6
2025-09-19,169.6,169.6,166.8,167.2
2025-09-22,167.2,168,165.8,167
2025-09-23,167.4,167.4,166.2,166.2
2025-09-24,166.2,166.2,162,164.2
2025-09-25,164.6,164.6,162,162.8
2025-09-26,163.6,164,161.8,162.8
2025-09-29,164.2,164.6,162.8,163.8
2025-09-30,164.4,167.8,164.4,166.4
2025-10-01,166.2,166.2,163.6,164
2025-10-02,164.4,166.2,162.6,162.6
2025-10-03,163.4,164,160.6,161
2025-10-06,161.6,162.4,159.6,161.8
2025-10-07,161.4,162.6,160.6,161
2025-10-08,161.6,162,159.6,159.6
2025-10-09,159.2,161,159,160.4
2025-10-10,159.6,160.2,157.4,158
2025-10-13,158.4,158.4,156,157
2025-10-14,155.6,156,153.8,155.6
2025-10-15,155.8,156.6,154.2,155
2025-10-16,155,155.8,154,154.8
2025-10-17,153.6,153.8,150.6,152.6
2025-10-20,153.6,154.2,152.6,152.8
2025-10-21,153,153.4,149.6,149.6
2025-10-22,150.2,151.8,148.4,150.6
2025-10-23,150.8,152.6,150.6,152.4
2025-10-24,153.2,155.2,152,155.2
2025-10-27,155.4,156.4,154,156.2
2025-10-28,156.6,156.6,153.6,154.2
2025-10-29,154.2,156,153.8,154.6
2025-10-30,154.2,157,153.8,156.8
2025-10-31,157.2,158.2,156.4,157
2025-11-03,156.8,159,156.4,158.6
2025-11-04,157.4,157.4,153.4,156.2
2025-11-05,156,156.8,154.4,154.6
2025-11-06,153.8,154.2,150.6,150.6
2025-11-07,151,152,149.4,150.4
2025-11-10,151.6,153.8,151.6,152
2025-11-11,152.6,154.2,152.2,153.4
2025-11-12,154.2,154.6,152.4,153.4
2025-11-13,153.4,153.6,151.4,151.8
2025-11-14,151.2,152.2,149.8,152.2
2025-11-17,152,152.4,150.4,151.4
2025-11-18,149.2,150.4,148.2,149
2025-11-19,148.6,150.6,148.6,149.8
2025-11-20,151.8,152.4,150.2,150.6
2025-11-21,148,149.4,146.6,147.4
2025-11-24,148,149.4,147,148.4
2025-11-25,148.4,148.4,146.4,148
2025-11-26,148.8,148.8,147,148.2
2025-11-27,148.2,149,147.4,148.8
2025-11-28,148.4,149.2,147,149.2
2025-12-01,149,149.6,146.2,147.6
2025-12-02,147.2,149,145.4,148.8
2025-12-03,148.4,148.4,147,148.4
2025-12-04,149,149,147.6,147.6
2025-12-05,147.2,148,146.8,147.2
2025-12-08,147,148.2,146,146.8
2025-12-09,146.8,149.6,146.4,149.2
2025-12-10,148.8,149,145.8,148
2025-12-11,147.8,149.6,147.6,148.6
2025-12-12,149,150.2,148.4,148.8
2025-12-15,148.4,149.4,147.4,147.6
2025-12-16,147.2,149.2,147,148.8
2025-12-17,148.6,149.2,146,146
2025-12-18,146.4,148.2,146.2,148.2
2025-12-19,148.4,150.8,148,150.4
2025-12-22,149.8,150.8,148.4,150.8
2025-12-23,150.6,150.6,149.4,149.6
2025-12-29,149.4,149.8,148.2,149.4
2025-12-30,149,149.8,148.8,149.4
2026-01-05,149,151,145.4,151
2026-01-06,152.2,154.4,150.4,154.2
2026-01-07,154.6,156.8,152.2,156.2
2026-01-08,156.2,156.4,153.2,156.4
2026-01-09,156.2,158.2,153.8,158.2
2026-01-12,158.2,160.8,157.8,160.8
2026-01-13,161.4,161.6,158,158.8
2026-01-14,159.2,161.2,158.8,160.6
2026-01-15,161.6,165.8,161.4,164.4
2026-01-16,165,165,162,162.8
2026-01-19,161.4,162.8,160.6,162
2026-01-20,161.2,162.6,159.6,162
2026-01-21,160.2,162.2,159.8,162
2026-01-22,163.8,164,162,162.2
2026-01-23,162.4,162.4,158.8,159.8
2026-01-26,160,160.2,156.4,156.4
2026-01-27,156.8,157.4,155.8,156.2
2026-01-28,156.4,156.4,154,154.4
2026-01-29,155.2,155.2,150.8,152
2026-01-30,152.4,152.4,150.2,151.2
2026-02-02,150.6,151,148.8,150.8
2026-02-03,152,153,148.2,148.8
2026-02-04,148.4,149,145.2,148.2
2026-02-05,148.4,150.2,146.2,147
2026-02-06,147,149,145.8,149
2026-02-09,149.6,152.4,149.4,152.4
2026-02-10,152.6,152.8,150.8,151.8
2026-02-11,151.4,151.4,143.8,143.8
2026-02-12,144.4,146.2,142.8,142.8
2026-02-13,144.4,145.4,143.6,143.8
2026-02-16,145,145.2,143.8,143.8
2026-02-17,143.4,145.4,142.4,145.4
2026-02-18,145,147.4,144.4,146.8
2026-02-19,147.2,147.2,145.2,146
2026-02-20,146.4,148.4,146,147
2026-02-23,146.6,146.6,142.6,143.2
2026-02-24,142.8,143.4,140.8,142.4
2026-02-25,142,144.8,142,144.2
2026-02-26,145,146,143.8,145
2026-02-27,145.4,147.4,140.8,144.8
2026-03-02,141.2,146.2,139.4,144.6
2026-03-03,144.4,144.4,140,142.4
2026-03-04,144.4,150.4,144.4,149
2026-03-05,148.8,149.4,146.2,146.6
2026-03-06,147,149.4,146,148.8
2026-03-09,147.4,151,146,150
2026-03-10,152.6,153,150.8,152.2
2026-03-11,151.4,151.4,146.6,147.4
2026-03-12,146.8,148.6,146.8,146.8
2026-03-13,146.4,149,146,147
2026-03-16,147,148.8,145,147
2026-03-17,147,152.2,146,150.2
2026-03-18,151,152.8,150.6,150.6
2026-03-19,150.2,154.4,149.6,152.4
2026-03-20,152.4,153.2,150,150.6
2026-03-23,148.8,153,146.2,150.6
2026-03-24,150.8,151.6,149.4,150.6
2026-03-25,151.4,153.2,151.4,153.2
2026-03-26,152.2,153.8,151.4,153.2
2026-03-27,154.2,154.2,150.6,150.8
2026-03-30,150.4,151.8,148.4,150
2026-03-31,147.6,151.4,147.6,150.8
2026-04-01,152.4,154.8,151.8,154.8
2026-04-02,153.2,155.8,152.4,155
2026-04-07,154.8,156.6,153.2,153.2
2026-04-08,156,157.8,152.8,153.2
2026-04-09,153.6,154.4,152.4,154.4
2026-04-10,155.2,157,155.2,155.4
2026-04-13,154.6,157.6,154.2,157.6
2026-04-14,158,160.4,157.8,159.8
2026-04-15,160,161,159.6,160
2026-04-16,160.4,161.2,158,158.2
2026-04-17,158.2,161,158,160.4
2026-04-20,159.6,159.6,155.8,156.6
2026-04-21,155.8,157.6,154.4,154.6
2026-04-22,155,155.4,152.8,153
2026-04-23,152.4,152.4,149,149.6
2026-04-24,149,149.6,146.6,147.4
2026-04-27,146.8,147,144.8,145.8
2026-04-28,146.2,151,145.4,150.6